策略,年化收益,年化波动,夏普比率,索提诺比率,最大回撤,卡玛比率,月均换手率,权重集中度HHI,胜率,95%VaR
沪深300,0.0473,0.2255,0.099,0.125,-0.4639,0.102,0.0,1.0,0.5014,-0.0201
等权,0.138,0.2576,0.4386,0.787,-0.3838,0.3595,0.0037,0.1814,0.5104,-0.015
风险平价,0.1252,0.1837,0.5456,1.405,-0.2162,0.5792,0.0547,0.3726,0.5239,-0.0074
MVO,0.1659,0.302,0.4665,1.3989,-0.3294,0.5035,0.3732,0.3969,0.5168,-0.0108
动量,0.1716,0.3361,0.4361,0.6764,-0.4848,0.3539,0.1202,0.3327,0.5286,-0.0181
动态评分,0.1237,0.1957,0.5044,1.123,-0.162,0.7636,0.2147,0.3952,0.5247,-0.0087
LGB融合,0.1237,0.1957,0.5044,1.123,-0.162,0.7636,0.2147,0.3952,0.5247,-0.0087
PPO月度,0.1219,0.1992,0.4867,0.9078,-0.3413,0.3573,0.0515,0.1494,0.5093,-0.0126
PPO原生日频,0.1222,0.1927,0.5045,0.8936,-0.3438,0.3554,0.0146,0.1503,0.5096,-0.0126
