date,net_value
2015-01-05,0.99872816
2015-01-06,0.9934697
2015-01-07,0.9902098
2015-01-08,0.98720104
2015-01-09,0.9898261
2015-01-12,0.98709434
2015-01-13,0.9945959
2015-01-14,1.0006645
2015-01-15,0.9766939
2015-01-16,0.98958623
2015-01-19,1.0057147
2015-01-20,1.0085707
2015-01-21,1.0069939
2015-01-22,1.0150089
2015-01-23,1.0131556
2015-01-26,1.0088723
2015-01-27,1.0041662
2015-01-28,0.9978538
2015-01-29,0.99449223
2015-01-30,1.0022204
2015-02-02,0.9974804
2015-02-03,0.99378586
2015-02-04,0.9860805
2015-02-05,0.9854476
2015-02-06,0.99147683
2015-02-09,0.9958769
2015-02-10,0.99821883
2015-02-11,1.00414
2015-02-12,1.0106695
2015-02-13,1.0126393
2015-02-16,1.0081627
2015-02-17,1.0158396
2015-02-25,1.0183433
2015-02-26,1.0249001
2015-02-27,1.017239
2015-03-02,1.0248526
2015-03-03,1.0233995
2015-03-04,1.018234
2015-03-05,1.0251479
2015-03-06,1.0252575
2015-03-09,1.0251112
2015-03-10,1.0270032
2015-03-11,1.0314375
2015-03-12,1.0460894
2015-03-13,1.0514381
2015-03-16,1.0598295
2015-03-17,1.0617867
2015-03-18,1.0656877
2015-03-19,1.0812757
2015-03-20,1.0793182
2015-03-23,1.082222
2015-03-24,1.0830938
2015-03-25,1.0883961
2015-03-26,1.0959593
2015-03-27,1.091662
2015-03-30,1.1018304
2015-03-31,1.1087707
2015-04-01,1.1157435
2015-04-02,1.1283566
2015-04-03,1.1263719
2015-04-07,1.1216103
2015-04-08,1.1356477
2015-04-09,1.1412176
2015-04-10,1.1400625
2015-04-13,1.168422
2015-04-14,1.1816895
2015-04-15,1.1864353
2015-04-16,1.1808814
2015-04-17,1.1976471
2015-04-20,1.2096004
2015-04-21,1.2099051
2015-04-22,1.2101296
2015-04-23,1.2149936
2015-04-24,1.2020634
2015-04-27,1.2106004
2015-04-28,1.2129686
2015-04-29,1.2133079
2015-04-30,1.1943858
2015-05-04,1.1856539
2015-05-05,1.1765771
2015-05-06,1.1933413
2015-05-07,1.2137759
2015-05-08,1.2195845
2015-05-11,1.2236166
2015-05-12,1.2228098
2015-05-13,1.2170626
2015-05-14,1.2210118
2015-05-15,1.2335224
2015-05-18,1.2371429
2015-05-19,1.2554392
2015-05-20,1.265202
2015-05-21,1.2801192
2015-05-22,1.2926501
2015-05-25,1.2959083
2015-05-26,1.2620106
2015-05-27,1.2643948
2015-05-28,1.2930298
2015-05-29,1.3057431
2015-06-01,1.2992414
2015-06-02,1.2995821
2015-06-03,1.3077035
2015-06-04,1.3095375
2015-06-05,1.3088311
2015-06-08,1.3158303
2015-06-09,1.3207746
2015-06-10,1.3301744
2015-06-11,1.3197422
2015-06-12,1.3007016
2015-06-15,1.3093004
2015-06-16,1.2903483
2015-06-17,1.2565477
2015-06-18,1.2665864
2015-06-19,1.2787023
2015-06-23,1.2621614
2015-06-24,1.2157865
2015-06-25,1.192228
2015-06-26,1.2281054
2015-06-29,1.1978683
2015-06-30,1.1770903
2015-07-01,1.1435636
2015-07-02,1.1604193
2015-07-03,1.1210327
2015-07-06,1.0697349
2015-07-07,1.1187536
2015-07-08,1.1643685
2015-07-09,1.2012088
2015-07-10,1.1922038
2015-07-13,1.1516106
2015-07-14,1.1656551
2015-07-15,1.1907644
2015-07-16,1.1890783
2015-07-17,1.1926491
2015-07-20,1.195647
2015-07-21,1.2098393
2015-07-22,1.1967225
2015-07-23,1.1553221
2015-07-24,1.1559925
2015-07-27,1.1790136
2015-07-28,1.1638172
2015-07-29,1.1563629
2015-07-30,1.1488496
2015-07-31,1.1764604
2015-08-03,1.1662087
2015-08-04,1.1626985
2015-08-05,1.1778085
2015-08-06,1.2050837
2015-08-07,1.206365
2015-08-10,1.2054821
2015-08-11,1.2119217
2015-08-12,1.2137262
2015-08-13,1.2230833
2015-08-14,1.1842847
2015-08-17,1.1979866
2015-08-18,1.1818646
2015-08-19,1.1598747
2015-08-20,1.1077075
2015-08-21,1.0653094
2015-08-24,1.0734572
2015-08-25,1.0960103
2015-08-26,1.1200565
2015-08-27,1.1085608
2015-08-28,1.0921304
2015-08-31,1.0867319
2015-09-01,1.0831168
2015-09-02,1.0999906
2015-09-07,1.111156
2015-09-08,1.1002376
2015-09-09,1.1010174
2015-09-10,1.0712395
2015-09-11,1.0519686
2015-09-14,1.0867134
2015-09-15,1.0766596
2015-09-16,1.0813938
2015-09-17,1.0969034
2015-09-18,1.0965272
2015-09-21,1.0881703
2015-09-22,1.0939109
2015-09-23,1.0800964
2015-09-24,1.0880133
2015-09-25,1.0790273
2015-09-28,1.0817087
2015-09-29,1.1027547
2015-09-30,1.1069963
2015-10-08,1.1298026
2015-10-09,1.129451
2015-10-12,1.1280707
2015-10-13,1.1433659
2015-10-14,1.1486261
2015-10-15,1.1475575
2015-10-16,1.151638
2015-10-19,1.128534
2015-10-20,1.1400638
2015-10-21,1.1547678
2015-10-22,1.1541587
2015-10-23,1.1539286
2015-10-26,1.1454505
2015-10-27,1.1473281
2015-10-28,1.1488031
2015-10-29,1.1402003
2015-10-30,1.1357739
2015-11-02,1.1619474
2015-11-03,1.1621312
2015-11-04,1.171632
2015-11-05,1.1791658
2015-11-06,1.1759611
2015-11-09,1.1796991
2015-11-10,1.1785346
2015-11-11,1.1696452
2015-11-12,1.1772444
2015-11-13,1.1714087
2015-11-16,1.1661086
2015-11-17,1.178015
2015-11-18,1.1802142
2015-11-19,1.1745669
2015-11-20,1.1781836
2015-11-23,1.1827363
2015-11-24,1.1794993
2015-11-25,1.1506001
2015-11-26,1.1509902
2015-11-27,1.1576793
2015-11-30,1.1637785
2015-12-01,1.1660681
2015-12-02,1.1644918
2015-12-03,1.17152
2015-12-04,1.1593825
2015-12-07,1.1569719
2015-12-08,1.1579409
2015-12-09,1.152998
2015-12-10,1.1671776
2015-12-11,1.165318
2015-12-14,1.165938
2015-12-15,1.1769899
2015-12-16,1.178804
2015-12-17,1.1950916
2015-12-18,1.1983137
2015-12-21,1.1930454
2015-12-22,1.1921494
2015-12-23,1.1930325
2015-12-24,1.1791892
2015-12-25,1.182688
2015-12-28,1.1868174
2015-12-29,1.1809546
2015-12-30,1.1517084
2015-12-31,1.148418
2016-01-04,1.1573571
2016-01-05,1.13619
2016-01-06,1.1289092
2016-01-07,1.1057799
2016-01-08,1.1045583
2016-01-11,1.0948561
2016-01-12,1.1063912
2016-01-13,1.0885247
2016-01-14,1.0903938
2016-01-15,1.1060358
2016-01-18,1.0967878
2016-01-19,1.0812669
2016-01-20,1.0840075
2016-01-21,1.0876409
2016-01-22,1.0708591
2016-01-25,1.0600023
2016-01-26,1.0428287
2016-01-27,1.0569606
2016-01-28,1.0534834
2016-01-29,1.0642494
2016-02-01,1.0633425
2016-02-02,1.0720408
2016-02-03,1.0708904
2016-02-04,1.0741315
2016-02-05,1.0891901
2016-02-15,1.0953084
2016-02-16,1.0943011
2016-02-17,1.0969319
2016-02-18,1.1058059
2016-02-19,1.1030844
2016-02-22,1.1063229
2016-02-23,1.0736688
2016-02-24,1.0762186
2016-02-25,1.0551448
2016-02-26,1.0684677
2016-02-29,1.0897155
2016-03-01,1.0902994
2016-03-02,1.0878807
2016-03-03,1.0976945
2016-03-04,1.0971293
2016-03-07,1.0873513
2016-03-08,1.0806508
2016-03-09,1.0818063
2016-03-10,1.0948302
2016-03-11,1.0882233
2016-03-14,1.0869294
2016-03-15,1.0990163
2016-03-16,1.1117877
2016-03-17,1.11918
2016-03-18,1.1179878
2016-03-21,1.1198944
2016-03-22,1.1100248
2016-03-23,1.1162148
2016-03-24,1.1152465
2016-03-25,1.1083732
2016-03-28,1.1263677
2016-03-29,1.1230103
2016-03-30,1.1228026
2016-03-31,1.1290189
2016-04-01,1.1311257
2016-04-05,1.1248821
2016-04-06,1.1214575
2016-04-07,1.1297233
2016-04-08,1.1284608
2016-04-11,1.1341097
2016-04-12,1.1348577
2016-04-13,1.1327758
2016-04-14,1.1267729
2016-04-15,1.128678
2016-04-18,1.1129651
2016-04-19,1.1124567
2016-04-20,1.1133159
2016-04-21,1.112726
2016-04-22,1.115027
2016-04-25,1.1169928
2016-04-26,1.1147239
2016-04-27,1.1187153
2016-04-28,1.137044
2016-04-29,1.1349657
2016-05-03,1.1374153
2016-05-04,1.1224471
2016-05-05,1.1110156
2016-05-06,1.109132
2016-05-09,1.1129583
2016-05-10,1.1128893
2016-05-11,1.1126658
2016-05-12,1.1175207
2016-05-13,1.1164144
2016-05-16,1.1058168
2016-05-17,1.1050198
2016-05-18,1.1100135
2016-05-19,1.1126859
2016-05-20,1.1081254
2016-05-23,1.1036547
2016-05-24,1.1040314
2016-05-25,1.10471
2016-05-26,1.1018095
2016-05-27,1.1204036
2016-05-30,1.1205785
2016-05-31,1.1235455
2016-06-01,1.129189
2016-06-02,1.1320374
2016-06-03,1.1307856
2016-06-06,1.1315796
2016-06-07,1.1164793
2016-06-08,1.1196746
2016-06-13,1.1321715
2016-06-14,1.1321896
2016-06-15,1.1335037
2016-06-16,1.1337181
2016-06-17,1.130002
2016-06-20,1.1321263
2016-06-21,1.1302632
2016-06-22,1.1316357
2016-06-23,1.1425611
2016-06-24,1.1463364
2016-06-27,1.1481153
2016-06-28,1.1478543
2016-06-29,1.1508862
2016-06-30,1.160934
2016-07-01,1.1631778
2016-07-04,1.173721
2016-07-05,1.1754462
2016-07-06,1.1716455
2016-07-07,1.1787468
2016-07-08,1.1857876
2016-07-11,1.1860496
2016-07-12,1.1846263
2016-07-13,1.1842636
2016-07-14,1.1811494
2016-07-15,1.1787437
2016-07-18,1.1787368
2016-07-19,1.1782975
2016-07-20,1.1746885
2016-07-21,1.1770445
2016-07-22,1.1829162
2016-07-25,1.1688277
2016-07-26,1.1722958
2016-07-27,1.1723102
2016-07-28,1.1673671
2016-07-29,1.1674784
2016-08-01,1.1700966
2016-08-02,1.1702048
2016-08-03,1.1727383
2016-08-04,1.1735353
2016-08-05,1.1771798
2016-08-08,1.1781698
2016-08-09,1.1734588
2016-08-10,1.1790371
2016-08-11,1.1894978
2016-08-12,1.1912988
2016-08-15,1.1906098
2016-08-16,1.187988
2016-08-17,1.1852704
2016-08-18,1.1834152
2016-08-19,1.1843848
2016-08-22,1.1836612
2016-08-23,1.1797781
2016-08-24,1.1808056
2016-08-25,1.1793147
2016-08-26,1.1804314
2016-08-29,1.181064
2016-08-30,1.1770836
2016-08-31,1.177299
2016-09-01,1.1804992
2016-09-02,1.1854151
2016-09-05,1.1871154
2016-09-06,1.1875002
2016-09-07,1.1831424
2016-09-08,1.1710896
2016-09-09,1.1710254
2016-09-12,1.1685637
2016-09-13,1.1711961
2016-09-14,1.1707395
2016-09-19,1.172231
2016-09-20,1.1765366
2016-09-21,1.1756039
2016-09-22,1.1679415
2016-09-23,1.1689436
2016-09-26,1.1680082
2016-09-27,1.1694721
2016-09-28,1.1723622
2016-09-29,1.1739832
2016-09-30,1.174663
2016-10-10,1.1738838
2016-10-11,1.1744219
2016-10-12,1.1740196
2016-10-13,1.1721982
2016-10-14,1.1774637
2016-10-17,1.1764389
2016-10-18,1.1771096
2016-10-19,1.1768816
2016-10-20,1.1817659
2016-10-21,1.1836697
2016-10-24,1.1844915
2016-10-25,1.1845201
2016-10-26,1.1823943
2016-10-27,1.1828291
2016-10-28,1.1873201
2016-10-31,1.184992
2016-11-01,1.1872163
2016-11-02,1.1848323
2016-11-03,1.184284
2016-11-04,1.1874626
2016-11-07,1.1878649
2016-11-08,1.1891834
2016-11-09,1.189854
2016-11-10,1.1853158
2016-11-11,1.1870277
2016-11-14,1.1884269
2016-11-15,1.1879706
2016-11-16,1.1853061
2016-11-17,1.1872885
2016-11-18,1.190896
2016-11-21,1.1901433
2016-11-22,1.1884713
2016-11-23,1.1913595
2016-11-24,1.1941465
2016-11-25,1.1962037
2016-11-28,1.1914935
2016-11-29,1.1939958
2016-11-30,1.1874706
2016-12-01,1.1799951
2016-12-02,1.1810977
2016-12-05,1.183844
2016-12-06,1.1861607
2016-12-07,1.1868684
2016-12-08,1.1735872
2016-12-09,1.1727681
2016-12-12,1.1709752
2016-12-13,1.1686556
2016-12-14,1.1695535
2016-12-15,1.169814
2016-12-16,1.1649706
2016-12-19,1.1682088
2016-12-20,1.1676279
2016-12-21,1.163832
2016-12-22,1.1651965
2016-12-23,1.1646855
2016-12-26,1.1633813
2016-12-27,1.1634228
2016-12-28,1.167094
2016-12-29,1.1698167
2016-12-30,1.176775
2017-01-03,1.1760906
2017-01-04,1.1758604
2017-01-05,1.1783968
2017-01-06,1.1791741
2017-01-09,1.1769532
2017-01-10,1.1749446
2017-01-11,1.1710008
2017-01-12,1.1643331
2017-01-13,1.1677558
2017-01-16,1.1695259
2017-01-17,1.166692
2017-01-18,1.170571
2017-01-19,1.1725342
2017-01-20,1.1707486
2017-01-23,1.1708143
2017-01-24,1.1725645
2017-01-25,1.1735406
2017-01-26,1.1771312
2017-02-03,1.176583
2017-02-06,1.1786898
2017-02-07,1.1825656
2017-02-08,1.1816983
2017-02-09,1.1855797
2017-02-10,1.1842844
2017-02-13,1.180843
2017-02-14,1.1828581
2017-02-15,1.1838074
2017-02-16,1.1896915
2017-02-17,1.1943018
2017-02-20,1.1970628
2017-02-21,1.1986514
2017-02-22,1.1994884
2017-02-23,1.1970521
2017-02-24,1.1968235
2017-02-27,1.1963125
2017-02-28,1.194487
2017-03-01,1.19299
2017-03-02,1.1956549
2017-03-03,1.1962819
2017-03-06,1.1940976
2017-03-07,1.1900533
2017-03-08,1.1900073
2017-03-09,1.1962773
2017-03-10,1.1937011
2017-03-13,1.1944681
2017-03-14,1.2001587
2017-03-15,1.1976129
2017-03-16,1.1990775
2017-03-17,1.203608
2017-03-20,1.2037436
2017-03-21,1.2058774
2017-03-22,1.2085352
2017-03-23,1.2102308
2017-03-24,1.2094415
2017-03-27,1.2061509
2017-03-28,1.2030021
2017-03-29,1.2039012
2017-03-30,1.2129943
2017-03-31,1.2116103
2017-04-05,1.2114661
2017-04-06,1.2094624
2017-04-07,1.2127141
2017-04-10,1.2128066
2017-04-11,1.2157967
2017-04-12,1.2129109
2017-04-13,1.2072554
2017-04-14,1.2077032
2017-04-17,1.204774
2017-04-18,1.208185
2017-04-19,1.2063372
2017-04-20,1.1968989
2017-04-21,1.1997861
2017-04-24,1.2003034
2017-04-25,1.20124
2017-04-26,1.2001348
2017-04-27,1.1980852
2017-04-28,1.1961755
2017-05-02,1.1917279
2017-05-03,1.1870693
2017-05-04,1.1807977
2017-05-05,1.18087
2017-05-08,1.1760353
2017-05-09,1.1757071
2017-05-10,1.1792111
2017-05-11,1.1815221
2017-05-12,1.1914858
2017-05-15,1.1908424
2017-05-16,1.1896006
2017-05-17,1.1908416
2017-05-18,1.1886798
2017-05-19,1.1882836
2017-05-22,1.1867088
2017-05-23,1.1926073
2017-05-24,1.1932837
2017-05-25,1.1908051
2017-05-26,1.1882832
2017-05-31,1.1893882
2017-06-01,1.191018
2017-06-02,1.1946957
2017-06-05,1.203274
2017-06-06,1.2057749
2017-06-07,1.2070978
2017-06-08,1.20682
2017-06-09,1.2104592
2017-06-12,1.2089585
2017-06-13,1.2063043
2017-06-14,1.2041925
2017-06-15,1.2082204
2017-06-16,1.2089746
2017-06-19,1.2130172
2017-06-20,1.2115837
2017-06-21,1.2135345
2017-06-22,1.2211958
2017-06-23,1.2217971
2017-06-26,1.2196046
2017-06-27,1.221443
2017-06-28,1.2194123
2017-06-29,1.2200594
2017-06-30,1.2140441
2017-07-03,1.2185243
2017-07-04,1.2194967
2017-07-05,1.2185155
2017-07-06,1.2148169
2017-07-07,1.2143816
2017-07-10,1.2129896
2017-07-11,1.2144837
2017-07-12,1.2129096
2017-07-13,1.203325
2017-07-14,1.2061722
2017-07-17,1.215217
2017-07-18,1.2178166
2017-07-19,1.2192682
2017-07-20,1.2259048
2017-07-21,1.2243897
2017-07-24,1.2186599
2017-07-25,1.2215302
2017-07-26,1.2260877
2017-07-27,1.2297707
2017-07-28,1.2313697
2017-07-31,1.2308844
2017-08-01,1.2273709
2017-08-02,1.2256826
2017-08-03,1.2299111
2017-08-04,1.230974
2017-08-07,1.2368134
2017-08-08,1.2377908
2017-08-09,1.2277027
2017-08-10,1.2372584
2017-08-11,1.2382225
2017-08-14,1.2401503
2017-08-15,1.2425766
2017-08-16,1.2408005
2017-08-17,1.2441347
2017-08-18,1.2420356
2017-08-21,1.2408141
2017-08-22,1.2785763
2017-08-23,1.2843853
2017-08-24,1.2893778
2017-08-25,1.2904928
2017-08-28,1.2900679
2017-08-29,1.2899278
2017-08-30,1.2934332
2017-08-31,1.2964325
2017-09-01,1.2989291
2017-09-04,1.2985435
2017-09-05,1.294823
2017-09-06,1.295461
2017-09-07,1.2976108
2017-09-08,1.2965549
2017-09-11,1.299566
2017-09-12,1.2982305
2017-09-13,1.3002135
2017-09-14,1.3046814
2017-09-15,1.3011618
2017-09-18,1.3046488
2017-09-19,1.30135
2017-09-20,1.3051132
2017-09-21,1.3049252
2017-09-22,1.3070188
2017-09-25,1.3067575
2017-09-26,1.3058438
2017-09-27,1.3092024
2017-09-28,1.3127507
2017-09-29,1.3161001
2017-10-09,1.3229787
2017-10-10,1.3249172
2017-10-11,1.3258145
2017-10-12,1.3221172
2017-10-13,1.3175949
2017-10-16,1.3189328
2017-10-17,1.3221496
2017-10-18,1.3214087
2017-10-19,1.3229909
2017-10-20,1.3251793
2017-10-23,1.3252555
2017-10-24,1.3323334
2017-10-25,1.3385978
2017-10-26,1.3304017
2017-10-27,1.3299959
2017-10-30,1.3281758
2017-10-31,1.3257124
2017-11-01,1.3265415
2017-11-02,1.3341852
2017-11-03,1.3424622
2017-11-06,1.3476113
2017-11-07,1.3425348
2017-11-08,1.34444
2017-11-09,1.344918
2017-11-10,1.3399572
2017-11-13,1.3374033
2017-11-14,1.3436469
2017-11-15,1.3386824
2017-11-16,1.3418757
2017-11-17,1.3456993
2017-11-20,1.3427229
2017-11-21,1.3312486
2017-11-22,1.326935
2017-11-23,1.3208469
2017-11-24,1.3243083
2017-11-27,1.3195448
2017-11-28,1.3143035
2017-11-29,1.3148869
2017-11-30,1.3183839
2017-12-01,1.314678
2017-12-04,1.3129776
2017-12-05,1.3048302
2017-12-06,1.3118607
2017-12-07,1.3259275
2017-12-08,1.3209531
2017-12-11,1.3292074
2017-12-12,1.3310513
2017-12-13,1.3280582
2017-12-14,1.3248478
2017-12-15,1.3296881
2017-12-18,1.3322477
2017-12-19,1.3353814
2017-12-20,1.3350967
2017-12-21,1.3359483
2017-12-22,1.3378309
2017-12-25,1.3281968
2017-12-26,1.3307569
2017-12-27,1.3344402
2017-12-28,1.3417486
2017-12-29,1.3463619
2018-01-02,1.3502014
2018-01-03,1.3517274
2018-01-04,1.3553523
2018-01-05,1.3618411
2018-01-08,1.362903
2018-01-09,1.3614563
2018-01-10,1.3669711
2018-01-11,1.363739
2018-01-12,1.3692732
2018-01-15,1.3658963
2018-01-16,1.3657241
2018-01-17,1.3603731
2018-01-18,1.3715056
2018-01-19,1.3726511
2018-01-22,1.372308
2018-01-23,1.3683095
2018-01-24,1.3698286
2018-01-25,1.3589033
2018-01-26,1.35256
2018-01-29,1.3548193
2018-01-30,1.3465048
2018-01-31,1.3471583
2018-02-01,1.3397037
2018-02-02,1.3206123
2018-02-05,1.3109409
2018-02-06,1.3116039
2018-02-07,1.2930539
2018-02-08,1.3089787
2018-02-09,1.3145363
2018-02-12,1.320949
2018-02-13,1.3322338
2018-02-14,1.3335809
2018-02-22,1.3422145
2018-02-23,1.33648
2018-02-26,1.3314332
2018-02-27,1.3346715
2018-02-28,1.3315152
2018-03-01,1.3284651
2018-03-02,1.3330251
2018-03-05,1.3291712
2018-03-06,1.3355554
2018-03-07,1.3402827
2018-03-08,1.341204
2018-03-09,1.3362546
2018-03-12,1.335163
2018-03-13,1.3385956
2018-03-14,1.3321315
2018-03-15,1.3342694
2018-03-16,1.3331106
2018-03-19,1.3293211
2018-03-20,1.3268383
2018-03-21,1.3128501
2018-03-22,1.3142202
2018-03-23,1.3190435
2018-03-26,1.3082408
2018-03-27,1.3144621
2018-03-28,1.3168913
2018-03-29,1.314713
2018-03-30,1.315335
2018-04-02,1.3179595
2018-04-03,1.3175184
2018-04-04,1.3232324
2018-04-09,1.3257153
2018-04-10,1.3227959
2018-04-11,1.3183656
2018-04-12,1.315072
2018-04-13,1.3088897
2018-04-16,1.310957
2018-04-17,1.319183
2018-04-18,1.3113223
2018-04-19,1.3083594
2018-04-20,1.319554
2018-04-23,1.3186523
2018-04-24,1.308697
2018-04-25,1.3074336
2018-04-26,1.3059896
2018-04-27,1.3115191
2018-05-02,1.3104932
2018-05-03,1.3248107
2018-05-04,1.3290272
2018-05-07,1.3264453
2018-05-08,1.330322
2018-05-09,1.3266962
2018-05-10,1.3291241
2018-05-11,1.3319398
2018-05-14,1.3286474
2018-05-15,1.3251631
2018-05-16,1.3282924
2018-05-17,1.331935
2018-05-18,1.334178
2018-05-21,1.3259194
2018-05-22,1.323202
2018-05-23,1.321978
2018-05-24,1.3277347
2018-05-25,1.3227793
2018-05-28,1.3180568
2018-05-29,1.333011
2018-05-30,1.3267477
2018-05-31,1.3288122
2018-06-01,1.3331529
2018-06-04,1.3323859
2018-06-05,1.3289891
2018-06-06,1.3214873
2018-06-07,1.3203174
2018-06-08,1.3295331
2018-06-11,1.3225031
2018-06-12,1.321397
2018-06-13,1.3172671
2018-06-14,1.2888384
2018-06-15,1.295148
2018-06-19,1.2891877
2018-06-20,1.2941974
2018-06-21,1.290876
2018-06-22,1.2886212
2018-06-25,1.275414
2018-06-26,1.269503
2018-06-27,1.2872623
2018-06-28,1.2759672
2018-06-29,1.2742918
2018-07-02,1.2681001
2018-07-03,1.2597531
2018-07-04,1.2641023
2018-07-05,1.2785363
2018-07-06,1.279496
2018-07-09,1.2703785
2018-07-10,1.2848512
2018-07-11,1.2889392
2018-07-12,1.2897173
2018-07-13,1.285112
2018-07-16,1.2804403
2018-07-17,1.2795547
2018-07-18,1.285996
2018-07-19,1.2879319
2018-07-20,1.2987075
2018-07-23,1.2977152
2018-07-24,1.2933713
2018-07-25,1.2918428
2018-07-26,1.2849472
2018-07-27,1.2863669
2018-07-30,1.278052
2018-07-31,1.2664007
2018-08-01,1.2606786
2018-08-02,1.250541
2018-08-03,1.2606348
2018-08-06,1.2526172
2018-08-07,1.264252
2018-08-08,1.266196
2018-08-09,1.2646508
2018-08-10,1.2615517
2018-08-13,1.2488867
2018-08-14,1.2410737
2018-08-15,1.2314647
2018-08-16,1.2347169
2018-08-17,1.2458153
2018-08-20,1.2423394
2018-08-21,1.2464288
2018-08-22,1.2432603
2018-08-23,1.2589741
2018-08-24,1.2588259
2018-08-27,1.2561649
2018-08-28,1.2503763
2018-08-29,1.245626
2018-08-30,1.2450103
2018-08-31,1.2478827
2018-09-03,1.2401731
2018-09-04,1.2364976
2018-09-05,1.2370626
2018-09-06,1.2281218
2018-09-07,1.2276582
2018-09-10,1.2227715
2018-09-11,1.2269585
2018-09-12,1.2273755
2018-09-13,1.2222418
2018-09-14,1.232574
2018-09-17,1.2402954
2018-09-18,1.239492
2018-09-19,1.2530189
2018-09-20,1.2496043
2018-09-21,1.2568016
2018-09-25,1.2541664
2018-09-26,1.2584252
2018-09-27,1.2414676
2018-09-28,1.2381971
2018-10-08,1.2357371
2018-10-09,1.2067803
2018-10-10,1.2159622
2018-10-11,1.2101225
2018-10-12,1.2028028
2018-10-15,1.2036957
2018-10-16,1.1937497
2018-10-17,1.2065518
2018-10-18,1.2346001
2018-10-19,1.2206348
2018-10-22,1.2171094
2018-10-23,1.2155446
2018-10-24,1.2070465
2018-10-25,1.1867278
2018-10-26,1.1895297
2018-10-29,1.1963013
2018-10-30,1.2026045
2018-10-31,1.2244409
2018-11-01,1.2192185
2018-11-02,1.2178613
2018-11-05,1.2155135
2018-11-06,1.2131525
2018-11-07,1.2105793
2018-11-08,1.2169145
2018-11-09,1.2255014
2018-11-12,1.2208658
2018-11-13,1.2294023
2018-11-14,1.2318155
2018-11-15,1.2356484
2018-11-16,1.2246289
2018-11-19,1.2267696
2018-11-20,1.2264816
2018-11-21,1.2119853
2018-11-22,1.2106177
2018-11-23,1.2108788
2018-11-26,1.2171772
2018-11-27,1.2127646
2018-11-28,1.218105
2018-11-29,1.2335546
2018-11-30,1.2353883
2018-12-03,1.2349645
2018-12-04,1.2259532
2018-12-05,1.2247177
2018-12-06,1.2217056
2018-12-07,1.2255484
2018-12-10,1.2258002
2018-12-11,1.2331979
2018-12-12,1.2232747
2018-12-13,1.2202386
2018-12-14,1.2170647
2018-12-17,1.2115054
2018-12-18,1.2132161
2018-12-19,1.2101678
2018-12-20,1.2137185
2018-12-21,1.2112097
2018-12-24,1.2088728
2018-12-25,1.2052612
2018-12-26,1.2099352
2018-12-27,1.2054144
2018-12-28,1.2051394
2019-01-02,1.2148277
2019-01-03,1.219304
2019-01-04,1.2174194
2019-01-07,1.2196811
2019-01-08,1.220034
2019-01-09,1.2240415
2019-01-10,1.2202646
2019-01-11,1.2307296
2019-01-14,1.2272975
2019-01-15,1.2251701
2019-01-16,1.2332729
2019-01-17,1.2359811
2019-01-18,1.2290332
2019-01-21,1.2283622
2019-01-22,1.231783
2019-01-23,1.2317271
2019-01-24,1.2332314
2019-01-25,1.2328318
2019-01-28,1.2291968
2019-01-29,1.2305776
2019-01-30,1.2426013
2019-01-31,1.2541077
2019-02-01,1.2576935
2019-02-11,1.2666137
2019-02-12,1.2698328
2019-02-13,1.264973
2019-02-14,1.2847692
2019-02-15,1.2818937
2019-02-18,1.2840233
2019-02-19,1.2819012
2019-02-20,1.2922611
2019-02-21,1.3260306
2019-02-22,1.3148714
2019-02-25,1.3151351
2019-02-26,1.3131192
2019-02-27,1.3237139
2019-02-28,1.3274086
2019-03-01,1.3341932
2019-03-04,1.3389629
2019-03-05,1.3344952
2019-03-06,1.3216279
2019-03-07,1.3368564
2019-03-08,1.342016
2019-03-11,1.3343211
2019-03-12,1.3293537
2019-03-13,1.3362063
2019-03-14,1.3603698
2019-03-15,1.3587509
2019-03-18,1.3593798
2019-03-19,1.3615
2019-03-20,1.3632298
2019-03-21,1.3528448
2019-03-22,1.346092
2019-03-25,1.3537936
2019-03-26,1.3521997
2019-03-27,1.3675191
2019-03-28,1.3846393
2019-03-29,1.3815316
2019-04-01,1.386963
2019-04-02,1.3959348
2019-04-03,1.3973192
2019-04-04,1.3957947
2019-04-08,1.3959368
2019-04-09,1.3845242
2019-04-10,1.3810815
2019-04-11,1.3744059
2019-04-12,1.3857697
2019-04-15,1.3872573
2019-04-16,1.3842347
2019-04-17,1.3890967
2019-04-18,1.3825355
2019-04-19,1.3786718
2019-04-22,1.3806309
2019-04-23,1.3699223
2019-04-24,1.3667499
2019-04-25,1.3637695
2019-04-26,1.3672737
2019-04-29,1.3373199
2019-04-30,1.3435583
2019-05-06,1.3396226
2019-05-07,1.3315365
2019-05-08,1.3511932
2019-05-09,1.3486766
2019-05-10,1.3484374
2019-05-13,1.3644462
2019-05-14,1.3729234
2019-05-15,1.3596547
2019-05-16,1.3503739
2019-05-17,1.3549765
2019-05-20,1.3496083
2019-05-21,1.3389521
2019-05-22,1.3398695
2019-05-23,1.348613
2019-05-24,1.350657
2019-05-27,1.3524625
2019-05-28,1.3509603
2019-05-29,1.3511283
2019-05-30,1.3535321
2019-05-31,1.3496858
2019-06-03,1.350074
2019-06-04,1.3419598
2019-06-05,1.3485396
2019-06-06,1.3688419
2019-06-10,1.3660966
2019-06-11,1.3666086
2019-06-12,1.364297
2019-06-13,1.3592492
2019-06-14,1.3618389
2019-06-17,1.3668704
2019-06-18,1.3856874
2019-06-19,1.3901968
2019-06-20,1.3924001
2019-06-21,1.3919778
2019-06-24,1.3868759
2019-06-25,1.3926268
2019-06-26,1.3918682
2019-06-27,1.404642
2019-06-28,1.4070197
2019-07-01,1.4078609
2019-07-02,1.4002848
2019-07-03,1.4064704
2019-07-04,1.392247
2019-07-05,1.3904697
2019-07-08,1.3891014
2019-07-09,1.3926802
2019-07-10,1.3951796
2019-07-11,1.3996494
2019-07-12,1.3970922
2019-07-15,1.3952254
2019-07-16,1.3908241
2019-07-17,1.3980794
2019-07-18,1.3904966
2019-07-19,1.3893727
2019-07-22,1.393782
2019-07-23,1.3982174
2019-07-24,1.3975377
2019-07-25,1.3994278
2019-07-26,1.4018165
2019-07-29,1.3991556
2019-07-30,1.3916442
2019-07-31,1.3915882
2019-08-01,1.3929493
2019-08-02,1.3859813
2019-08-05,1.387821
2019-08-06,1.39499
2019-08-07,1.3910974
2019-08-08,1.3990059
2019-08-09,1.4016526
2019-08-12,1.3994536
2019-08-13,1.4033982
2019-08-14,1.4072741
2019-08-15,1.4192482
2019-08-16,1.4163456
2019-08-19,1.4153537
2019-08-20,1.4193779
2019-08-21,1.4209316
2019-08-22,1.4237033
2019-08-23,1.4332399
2019-08-26,1.4349697
2019-08-27,1.4380364
2019-08-28,1.4346638
2019-08-29,1.4417835
2019-08-30,1.4436351
2019-09-02,1.4483579
2019-09-03,1.4535636
2019-09-04,1.4485319
2019-09-05,1.4532545
2019-09-06,1.4492157
2019-09-09,1.4426796
2019-09-10,1.4459499
2019-09-11,1.4445453
2019-09-12,1.4346236
2019-09-16,1.439911
2019-09-17,1.4424992
2019-09-18,1.4439956
2019-09-19,1.4407818
2019-09-20,1.4427625
2019-09-23,1.4384776
2019-09-24,1.426143
2019-09-25,1.4261097
2019-09-26,1.4191787
2019-09-27,1.4235585
2019-09-30,1.4277999
2019-10-08,1.4323285
2019-10-09,1.4355532
2019-10-10,1.437372
2019-10-11,1.4351848
2019-10-14,1.4297962
2019-10-15,1.4312496
2019-10-16,1.4240966
2019-10-17,1.4249104
2019-10-18,1.4275156
2019-10-21,1.4243449
2019-10-22,1.4221444
2019-10-23,1.4319329
2019-10-24,1.4372905
2019-10-25,1.4329923
2019-10-28,1.4277294
2019-10-29,1.4277635
2019-10-30,1.4359276
2019-10-31,1.4378651
2019-11-01,1.440657
2019-11-04,1.4330353
2019-11-05,1.4367594
2019-11-06,1.4305993
2019-11-07,1.4205402
2019-11-08,1.4191285
2019-11-11,1.422159
2019-11-12,1.4245963
2019-11-13,1.4197065
2019-11-14,1.4228457
2019-11-15,1.4313833
2019-11-18,1.4285203
2019-11-19,1.4265838
2019-11-20,1.4184325
2019-11-21,1.4173316
2019-11-22,1.4184284
2019-11-25,1.4194306
2019-11-26,1.4177814
2019-11-27,1.4119054
2019-11-28,1.4146718
2019-11-29,1.4169915
2019-12-02,1.4205811
2019-12-03,1.423681
2019-12-04,1.4274793
2019-12-05,1.424808
2019-12-06,1.4253021
2019-12-09,1.4196703
2019-12-10,1.4189203
2019-12-11,1.4258051
2019-12-12,1.4311767
2019-12-13,1.4403725
2019-12-16,1.4387662
2019-12-17,1.4375376
2019-12-18,1.4360055
2019-12-19,1.4278308
2019-12-20,1.4339727
2019-12-23,1.435772
2019-12-24,1.4389781
2019-12-25,1.4399276
2019-12-26,1.4495027
2019-12-27,1.4539441
2019-12-30,1.4595858
2019-12-31,1.4619892
2020-01-02,1.4675958
2020-01-03,1.4734203
2020-01-06,1.4712406
2020-01-07,1.4717598
2020-01-08,1.4719323
2020-01-09,1.4798717
2020-01-10,1.4740293
2020-01-13,1.4736027
2020-01-14,1.4739182
2020-01-15,1.4719379
2020-01-16,1.4766952
2020-01-17,1.4689748
2020-01-20,1.4691396
2020-01-21,1.4514548
2020-01-22,1.408812
2020-01-23,1.4228694
2020-02-03,1.4338509
2020-02-04,1.4527942
2020-02-05,1.4585679
2020-02-06,1.5070348
2020-02-07,1.5108551
2020-02-10,1.5249885
2020-02-11,1.5270367
2020-02-12,1.5314784
2020-02-13,1.5551972
2020-02-14,1.5655224
2020-02-17,1.5725756
2020-02-18,1.5942942
2020-02-19,1.6083945
2020-02-20,1.6244766
2020-02-21,1.6282929
2020-02-24,1.5994244
2020-02-25,1.5946575
2020-02-26,1.5488245
2020-02-27,1.5717281
2020-02-28,1.5757924
2020-03-02,1.5769522
2020-03-03,1.5970724
2020-03-04,1.5920475
2020-03-05,1.552836
2020-03-06,1.5761951
2020-03-09,1.5631558
2020-03-10,1.5501269
2020-03-11,1.537615
2020-03-12,1.4919878
2020-03-13,1.475243
2020-03-16,1.4735665
2020-03-17,1.4757544
2020-03-18,1.4860948
2020-03-19,1.4523647
2020-03-20,1.4821883
2020-03-23,1.5048059
2020-03-24,1.4951179
2020-03-25,1.4976349
2020-03-26,1.4832399
2020-03-27,1.4897964
2020-03-30,1.4861883
2020-03-31,1.5129906
2020-04-01,1.5101457
2020-04-02,1.5406114
2020-04-03,1.5372094
2020-04-07,1.5379833
2020-04-08,1.5258402
2020-04-09,1.5140117
2020-04-10,1.5356904
2020-04-13,1.5342929
2020-04-14,1.5408766
2020-04-15,1.5449218
2020-04-16,1.5482548
2020-04-17,1.5387446
2020-04-20,1.5497179
2020-04-21,1.550338
2020-04-22,1.5435401
2020-04-23,1.540156
2020-04-24,1.5510784
2020-04-27,1.5477611
2020-04-28,1.5748641
2020-04-29,1.5938759
2020-04-30,1.5911577
2020-05-06,1.6016861
2020-05-07,1.5949566
2020-05-08,1.6004719
2020-05-11,1.6051701
2020-05-12,1.6009947
2020-05-13,1.6123269
2020-05-14,1.6134092
2020-05-15,1.6251905
2020-05-18,1.6198815
2020-05-19,1.6046278
2020-05-20,1.5875139
2020-05-21,1.5854558
2020-05-22,1.5992177
2020-05-25,1.5858526
2020-05-26,1.585583
2020-05-27,1.5889497
2020-05-28,1.6212184
2020-05-29,1.6213458
2020-06-01,1.6173881
2020-06-02,1.6143507
2020-06-03,1.6203357
2020-06-04,1.616607
2020-06-05,1.6231382
2020-06-08,1.6256949
2020-06-09,1.6201155
2020-06-10,1.6190424
2020-06-11,1.6084958
2020-06-12,1.6189439
2020-06-15,1.6193693
2020-06-16,1.6279098
2020-06-17,1.6408159
2020-06-18,1.6546403
2020-06-19,1.6590327
2020-06-22,1.6706662
2020-06-23,1.6629794
2020-06-24,1.677671
2020-06-29,1.6958178
2020-06-30,1.7130176
2020-07-01,1.7227501
2020-07-02,1.7824645
2020-07-03,1.7859033
2020-07-06,1.8041193
2020-07-07,1.8301425
2020-07-08,1.825492
2020-07-09,1.8619514
2020-07-10,1.8521837
2020-07-13,1.8335325
2020-07-14,1.7703277
2020-07-15,1.773959
2020-07-16,1.7985843
2020-07-17,1.8045694
2020-07-20,1.8251761
2020-07-21,1.8248731
2020-07-22,1.7829773
2020-07-23,1.7956322
2020-07-24,1.8063494
2020-07-27,1.8338796
2020-07-28,1.827171
2020-07-29,1.842457
2020-07-30,1.8615328
2020-07-31,1.852715
2020-08-03,1.8739154
2020-08-04,1.8706518
2020-08-05,1.8553357
2020-08-06,1.8550988
2020-08-07,1.8361155
2020-08-10,1.80433
2020-08-11,1.8105744
2020-08-12,1.8299679
2020-08-13,1.8497303
2020-08-14,1.8612173
2020-08-17,1.8388184
2020-08-18,1.8186115
2020-08-19,1.8235554
2020-08-20,1.8304338
2020-08-21,1.829619
2020-08-24,1.8122952
2020-08-25,1.8301301
2020-08-26,1.8497186
2020-08-27,1.8463645
2020-08-28,1.8532126
2020-08-31,1.8456408
2020-09-01,1.8367205
2020-09-02,1.832717
2020-09-03,1.8051394
2020-09-04,1.7999645
2020-09-07,1.770104
2020-09-08,1.7693533
2020-09-09,1.783823
2020-09-10,1.7885354
2020-09-11,1.7957745
2020-09-14,1.7871315
2020-09-15,1.7819804
2020-09-16,1.8001226
2020-09-17,1.7924181
2020-09-18,1.7729621
2020-09-21,1.7723523
2020-09-22,1.7509104
2020-09-23,1.7535149
2020-09-24,1.7495217
2020-09-25,1.7611792
2020-09-28,1.7583607
2020-09-29,1.7807424
2020-09-30,1.8192666
2020-10-09,1.8210189
2020-10-12,1.8069831
2020-10-13,1.7998966
2020-10-14,1.7947004
2020-10-15,1.785263
2020-10-16,1.7954347
2020-10-19,1.7879916
2020-10-20,1.7864233
2020-10-21,1.767189
2020-10-22,1.7607392
2020-10-23,1.7680875
2020-10-26,1.7774853
2020-10-27,1.7803867
2020-10-28,1.7652597
2020-10-29,1.7759471
2020-10-30,1.7895948
2020-11-02,1.7923188
2020-11-03,1.8064951
2020-11-04,1.8101293
2020-11-05,1.8447167
2020-11-06,1.8273115
2020-11-09,1.8056438
2020-11-10,1.8057742
2020-11-11,1.8005396
2020-11-12,1.8577299
2020-11-13,1.850213
2020-11-16,1.8411809
2020-11-17,1.8500626
2020-11-18,1.8530623
2020-11-19,1.8597333
2020-11-20,1.8493061
2020-11-23,1.8268027
2020-11-24,1.8249657
2020-11-25,1.83314
2020-11-26,1.8198669
2020-11-27,1.8422304
2020-11-30,1.8541878
2020-12-01,1.8581203
2020-12-02,1.8671091
2020-12-03,1.8640924
2020-12-04,1.8684125
2020-12-07,1.843346
2020-12-08,1.8437549
2020-12-09,1.8357564
2020-12-10,1.851752
2020-12-11,1.8497951
2020-12-14,1.8477027
2020-12-15,1.863191
2020-12-16,1.8575864
2020-12-17,1.882212
2020-12-18,1.8541663
2020-12-21,1.8694307
2020-12-22,1.8601227
2020-12-23,1.8649583
2020-12-24,1.8658547
2020-12-25,1.8623348
2020-12-28,1.8782468
2020-12-29,1.902813
2020-12-30,1.939667
2020-12-31,1.9794506
2021-01-04,1.9774245
2021-01-05,1.9817938
2021-01-06,1.9693418
2021-01-07,1.9561572
2021-01-08,1.9857185
2021-01-11,1.9874321
2021-01-12,1.9790756
2021-01-13,1.9654979
2021-01-14,1.9915981
2021-01-15,1.9683188
2021-01-18,1.9845845
2021-01-19,2.001545
2021-01-20,1.9990108
2021-01-21,2.0102513
2021-01-22,1.9867704
2021-01-25,1.9778223
2021-01-26,1.9411997
2021-01-27,1.9322097
2021-01-28,1.9424577
2021-01-29,1.9602442
2021-02-01,1.9424255
2021-02-02,1.9338143
2021-02-03,1.9177122
2021-02-04,1.9429655
2021-02-05,1.9773858
2021-02-08,2.0008602
2021-02-09,1.9918208
2021-02-10,1.9987838
2021-02-18,1.9598494
2021-02-19,1.9542143
2021-02-22,1.9304883
2021-02-23,1.9200017
2021-02-24,1.886235
2021-02-25,1.9130759
2021-02-26,1.8975993
2021-03-01,1.9122857
2021-03-02,1.8682283
2021-03-03,1.8625095
2021-03-04,1.8152217
2021-03-05,1.7723533
2021-03-08,1.780517
2021-03-09,1.8176352
2021-03-10,1.8079073
2021-03-11,1.7735121
2021-03-12,1.7786102
2021-03-15,1.7966772
2021-03-16,1.8091342
2021-03-17,1.7877475
2021-03-18,1.7964526
2021-03-19,1.7907084
2021-03-22,1.7745641
2021-03-23,1.778491
2021-03-24,1.8030281
2021-03-25,1.8047547
2021-03-26,1.8087304
2021-03-29,1.7989433
2021-03-30,1.8284999
2021-03-31,1.8644491
2021-04-01,1.8568034
2021-04-02,1.8513997
2021-04-06,1.8527031
2021-04-07,1.8388013
2021-04-08,1.8169237
2021-04-09,1.8144361
2021-04-12,1.826214
2021-04-13,1.8217179
2021-04-14,1.8323401
2021-04-15,1.8582311
2021-04-16,1.8542106
2021-04-19,1.860264
2021-04-20,1.8667222
2021-04-21,1.8777951
2021-04-22,1.8646996
2021-04-23,1.8657734
2021-04-26,1.8766645
2021-04-27,1.8883065
2021-04-28,1.884377
2021-04-29,1.8684473
2021-04-30,1.843303
2021-05-06,1.8319906
2021-05-07,1.8418443
2021-05-10,1.8568735
2021-05-11,1.8481911
2021-05-12,1.876641
2021-05-13,1.897952
2021-05-14,1.8962442
2021-05-17,1.900742
2021-05-18,1.9056602
2021-05-19,1.894737
2021-05-20,1.9059331
2021-05-21,1.9399477
2021-05-24,1.9395072
2021-05-25,1.9594338
2021-05-26,1.9493265
2021-05-27,1.9710032
2021-05-28,1.9825422
2021-05-31,1.9604338
2021-06-01,1.951287
2021-06-02,1.9629911
2021-06-03,1.9696136
2021-06-04,1.9551486
2021-06-07,1.9618391
2021-06-08,1.9752482
2021-06-09,1.9636849
2021-06-10,1.9543068
2021-06-11,1.9275223
2021-06-15,1.9605918
2021-06-16,1.9624366
2021-06-17,1.9660146
2021-06-18,1.9709865
2021-06-21,1.9850018
2021-06-22,1.9753467
2021-06-23,1.9277483
2021-06-24,1.9403725
2021-06-25,1.9280623
2021-06-28,1.9464992
2021-06-29,1.9420795
2021-06-30,1.9122072
2021-07-01,1.9321089
2021-07-02,1.9208778
2021-07-05,1.9403502
2021-07-06,1.9475311
2021-07-07,1.9357283
2021-07-08,1.950775
2021-07-09,1.9508388
2021-07-12,1.9379976
2021-07-13,1.9516901
2021-07-14,1.9335655
2021-07-15,1.92824
2021-07-16,1.9379358
2021-07-19,1.9586874
2021-07-20,1.9631389
2021-07-21,1.9527028
2021-07-22,1.9239694
2021-07-23,1.894031
2021-07-26,1.8864633
2021-07-27,1.926859
2021-07-28,1.9231614
2021-07-29,1.9392586
2021-07-30,1.9229506
2021-08-02,1.9447556
2021-08-03,1.9380506
2021-08-04,1.931084
2021-08-05,1.9262966
2021-08-06,1.9416525
2021-08-09,1.9356406
2021-08-10,1.9340838
2021-08-11,1.9192642
2021-08-12,1.9226635
2021-08-13,1.8860475
2021-08-16,1.8909388
2021-08-17,1.8959671
2021-08-18,1.8794056
2021-08-19,1.8999683
2021-08-20,1.9196095
2021-08-23,1.9175533
2021-08-24,1.8901039
2021-08-25,1.8963227
2021-08-26,1.8948381
2021-08-27,1.8788288
2021-08-30,1.88644
2021-08-31,1.8742968
2021-09-01,1.8743305
2021-09-02,1.901449
2021-09-03,1.9118257
2021-09-06,1.8972597
2021-09-07,1.8945498
2021-09-08,1.9181408
2021-09-09,1.8949184
2021-09-10,1.8877492
2021-09-13,1.8772337
2021-09-14,1.8568838
2021-09-15,1.8628677
2021-09-16,1.8630605
2021-09-17,1.8734727
2021-09-22,1.8766208
2021-09-23,1.8848741
2021-09-24,1.8769195
2021-09-27,1.8617085
2021-09-28,1.8710295
2021-09-29,1.8839303
2021-09-30,1.8784482
2021-10-08,1.8551635
2021-10-11,1.8775091
2021-10-12,1.8810289
2021-10-13,1.8933032
2021-10-14,1.8704708
2021-10-15,1.8893493
2021-10-18,1.8868979
2021-10-19,1.8814203
2021-10-20,1.8952825
2021-10-21,1.9034557
2021-10-22,1.8994695
2021-10-25,1.8834801
2021-10-26,1.8850877
2021-10-27,1.9069403
2021-10-28,1.9066569
2021-10-29,1.9115925
2021-11-01,1.9054449
2021-11-02,1.9245906
2021-11-03,1.9212449
2021-11-04,1.9185941
2021-11-05,1.9295275
2021-11-08,1.9221165
2021-11-09,1.9424281
2021-11-10,1.9422038
2021-11-11,1.9358915
2021-11-12,1.9340843
2021-11-15,1.9358343
2021-11-16,1.9281758
2021-11-17,1.9411248
2021-11-18,1.9578525
2021-11-19,1.9501615
2021-11-22,1.9499321
2021-11-23,1.9477714
2021-11-24,1.9363856
2021-11-25,1.9411498
2021-11-26,1.9377861
2021-11-29,1.9345006
2021-11-30,1.9288129
2021-12-01,1.9510173
2021-12-02,1.9368056
2021-12-03,1.9282994
2021-12-06,1.9550418
2021-12-07,1.969652
2021-12-08,1.9682275
2021-12-09,1.9710015
2021-12-10,1.9692053
2021-12-13,1.9505974
2021-12-14,1.954099
2021-12-15,1.930651
2021-12-16,1.9120536
2021-12-17,1.9177073
2021-12-20,1.9248824
2021-12-21,1.9362608
2021-12-22,1.9353203
2021-12-23,1.9315742
2021-12-24,1.9385542
2021-12-27,1.9144198
2021-12-28,1.9327321
2021-12-29,1.9392916
2021-12-30,1.9298542
2021-12-31,1.902413
2022-01-04,1.8885548
2022-01-05,1.8750504
2022-01-06,1.8761336
2022-01-07,1.8576787
2022-01-10,1.8763961
2022-01-11,1.8532145
2022-01-12,1.8558325
2022-01-13,1.8727216
2022-01-14,1.8815241
2022-01-17,1.863384
2022-01-18,1.866152
2022-01-19,1.8532208
2022-01-20,1.859615
2022-01-21,1.8256246
2022-01-24,1.8335929
2022-01-25,1.7950076
2022-01-26,1.7800055
2022-01-27,1.793493
2022-01-28,1.7778891
2022-02-07,1.7965236
2022-02-08,1.7947106
2022-02-09,1.7754449
2022-02-10,1.773447
2022-02-11,1.8000156
2022-02-14,1.7950472
2022-02-15,1.8030014
2022-02-16,1.8079329
2022-02-17,1.8046051
2022-02-18,1.7949373
2022-02-21,1.8245255
2022-02-22,1.811113
2022-02-23,1.8203933
2022-02-24,1.8230689
2022-02-25,1.832872
2022-02-28,1.8257152
2022-03-01,1.8064082
2022-03-02,1.8031437
2022-03-03,1.7668662
2022-03-04,1.7469949
2022-03-07,1.7462683
2022-03-08,1.7550044
2022-03-09,1.764897
2022-03-10,1.7233207
2022-03-11,1.6648407
2022-03-14,1.7031436
2022-03-15,1.7296015
2022-03-16,1.733459
2022-03-17,1.7387011
2022-03-18,1.7294486
2022-03-21,1.7332836
2022-03-22,1.7228845
2022-03-23,1.7054145
2022-03-24,1.6905528
2022-03-25,1.678695
2022-03-28,1.7092015
2022-03-29,1.692203
2022-03-30,1.7010746
2022-03-31,1.6825193
2022-04-01,1.6597985
2022-04-06,1.6603096
2022-04-07,1.6216711
2022-04-08,1.643912
2022-04-11,1.6252282
2022-04-12,1.6474853
2022-04-13,1.644912
2022-04-14,1.661961
2022-04-15,1.6505697
2022-04-18,1.6308036
2022-04-19,1.6092142
2022-04-20,1.5984133
2022-04-21,1.5298984
2022-04-22,1.512448
2022-04-25,1.5556196
2022-04-26,1.553683
2022-04-27,1.5922037
2022-04-28,1.5955079
2022-04-29,1.5683427
2022-05-05,1.5667661
2022-05-06,1.5903192
2022-05-09,1.6110038
2022-05-10,1.618579
2022-05-11,1.6192272
2022-05-12,1.6043336
2022-05-13,1.6238111
2022-05-16,1.6210108
2022-05-17,1.6324258
2022-05-18,1.6508297
2022-05-19,1.650117
2022-05-20,1.6135621
2022-05-23,1.6198663
2022-05-24,1.621446
2022-05-25,1.6198289
2022-05-26,1.62778
2022-05-27,1.654156
2022-05-30,1.6498442
2022-05-31,1.673114
2022-06-01,1.7005847
2022-06-02,1.6951779
2022-06-06,1.7030271
2022-06-07,1.6808026
2022-06-08,1.6990795
2022-06-09,1.6892227
2022-06-10,1.6827903
2022-06-13,1.6854321
2022-06-14,1.6959908
2022-06-15,1.7089214
2022-06-16,1.7160639
2022-06-17,1.7073019
2022-06-20,1.6861396
2022-06-21,1.7083888
2022-06-22,1.7237417
2022-06-23,1.7411966
2022-06-24,1.7667614
2022-06-27,1.7414747
2022-06-28,1.7683718
2022-06-29,1.7597109
2022-06-30,1.7586384
2022-07-01,1.7576095
2022-07-04,1.7462485
2022-07-05,1.7461045
2022-07-06,1.7441086
2022-07-07,1.7209138
2022-07-08,1.6980784
2022-07-11,1.6971666
2022-07-12,1.7052016
2022-07-13,1.6922662
2022-07-14,1.6981094
2022-07-15,1.6929935
2022-07-18,1.70364
2022-07-19,1.7022771
2022-07-20,1.6992122
2022-07-21,1.6923105
2022-07-22,1.7029891
2022-07-25,1.7000297
2022-07-26,1.7094721
2022-07-27,1.691722
2022-07-28,1.7033308
2022-07-29,1.6902813
2022-08-01,1.6921943
2022-08-02,1.7061511
2022-08-03,1.745334
2022-08-04,1.7375387
2022-08-05,1.7433926
2022-08-08,1.7303482
2022-08-09,1.7516559
2022-08-10,1.7421722
2022-08-11,1.7401401
2022-08-12,1.7360417
2022-08-15,1.7401695
2022-08-16,1.7390436
2022-08-17,1.7209421
2022-08-18,1.7254106
2022-08-19,1.7219548
2022-08-22,1.6913363
2022-08-23,1.6956681
2022-08-24,1.6913819
2022-08-25,1.6582588
2022-08-26,1.6591996
2022-08-29,1.6458375
2022-08-30,1.6352988
2022-08-31,1.6347414
2022-09-01,1.630951
2022-09-02,1.6452514
2022-09-05,1.649508
2022-09-06,1.6455132
2022-09-07,1.6491512
2022-09-08,1.6506577
2022-09-09,1.6437247
2022-09-13,1.6182209
2022-09-14,1.5998915
2022-09-15,1.5914171
2022-09-16,1.5957313
2022-09-19,1.5850242
2022-09-20,1.5783306
2022-09-21,1.5680149
2022-09-22,1.5607308
2022-09-23,1.5835994
2022-09-26,1.5630858
2022-09-27,1.567079
2022-09-28,1.552055
2022-09-29,1.5144837
2022-09-30,1.5114589
2022-10-10,1.5372567
2022-10-11,1.5348352
2022-10-12,1.5620806
2022-10-13,1.5658228
2022-10-14,1.5626825
2022-10-17,1.5468044
2022-10-18,1.5531787
2022-10-19,1.5477427
2022-10-20,1.5340617
2022-10-21,1.5321499
2022-10-24,1.550719
2022-10-25,1.542488
2022-10-26,1.5194888
2022-10-27,1.5247798
2022-10-28,1.5534371
2022-10-31,1.5636265
2022-11-01,1.5671562
2022-11-02,1.5976574
2022-11-03,1.5959485
2022-11-04,1.5864921
2022-11-07,1.5841565
2022-11-08,1.5745127
2022-11-09,1.5907956
2022-11-10,1.5861137
2022-11-11,1.6195717
2022-11-14,1.6087862
2022-11-15,1.6152855
2022-11-16,1.6044123
2022-11-17,1.596882
2022-11-18,1.5860661
2022-11-21,1.584789
2022-11-22,1.581332
2022-11-23,1.575721
2022-11-24,1.5666932
2022-11-25,1.5889977
2022-11-28,1.5856899
2022-11-29,1.603696
2022-11-30,1.6028395
2022-12-01,1.610821
2022-12-02,1.6162156
2022-12-05,1.6137912
2022-12-06,1.6097958
2022-12-07,1.6197796
2022-12-08,1.6183685
2022-12-09,1.6120522
2022-12-12,1.6166219
2022-12-13,1.6168925
2022-12-14,1.608239
2022-12-15,1.5873598
2022-12-16,1.573304
2022-12-19,1.5702385
2022-12-20,1.5661896
2022-12-21,1.5570567
2022-12-22,1.5717667
2022-12-23,1.5867823
2022-12-26,1.580575
2022-12-27,1.5775706
2022-12-28,1.5827956
2022-12-29,1.5908325
2022-12-30,1.5886718
2023-01-03,1.606057
2023-01-04,1.6062987
2023-01-05,1.6154488
2023-01-06,1.6193191
2023-01-09,1.6109196
2023-01-10,1.6090956
2023-01-11,1.6210048
2023-01-12,1.6406431
2023-01-13,1.6480867
2023-01-16,1.6459448
2023-01-17,1.6595778
2023-01-18,1.6665884
2023-01-19,1.6708901
2023-01-20,1.6517859
2023-01-30,1.666592
2023-01-31,1.6740838
2023-02-01,1.6658196
2023-02-02,1.648103
2023-02-03,1.6459532
2023-02-06,1.6367515
2023-02-07,1.6643217
2023-02-08,1.6563513
2023-02-09,1.6671731
2023-02-10,1.6650743
2023-02-13,1.6632466
2023-02-14,1.6478779
2023-02-15,1.6279848
2023-02-16,1.6487753
2023-02-17,1.646865
2023-02-20,1.6434069
2023-02-21,1.6406058
2023-02-22,1.63487
2023-02-23,1.6284295
2023-02-24,1.6346956
2023-02-27,1.6444337
2023-02-28,1.6387515
2023-03-01,1.6482995
2023-03-02,1.651406
2023-03-03,1.6296296
2023-03-06,1.626236
2023-03-07,1.6284312
2023-03-08,1.6191001
2023-03-09,1.6292813
2023-03-10,1.6413201
2023-03-13,1.6380719
2023-03-14,1.6280513
2023-03-15,1.6395267
2023-03-16,1.6512015
2023-03-17,1.6576895
2023-03-20,1.6566602
2023-03-21,1.679394
2023-03-22,1.6799206
2023-03-23,1.6699668
2023-03-24,1.6599212
2023-03-27,1.6744045
2023-03-28,1.6850628
2023-03-29,1.6958416
2023-03-30,1.7185544
2023-03-31,1.729919
2023-04-03,1.7441626
2023-04-04,1.7513635
2023-04-06,1.7290175
2023-04-07,1.7260027
2023-04-10,1.7297608
2023-04-11,1.7124903
2023-04-12,1.7329624
2023-04-13,1.7360512
2023-04-14,1.7291771
2023-04-17,1.7245156
2023-04-18,1.7329147
2023-04-19,1.6992521
2023-04-20,1.6785674
2023-04-21,1.6699941
2023-04-24,1.6639423
2023-04-25,1.6691492
2023-04-26,1.6820123
2023-04-27,1.6757592
2023-04-28,1.6712962
2023-05-04,1.6714809
2023-05-05,1.6590486
2023-05-08,1.653183
2023-05-09,1.6527989
2023-05-10,1.6386182
2023-05-11,1.6518409
2023-05-12,1.649341
2023-05-15,1.6465751
2023-05-16,1.6455166
2023-05-17,1.6520698
2023-05-18,1.6545603
2023-05-19,1.6380525
2023-05-22,1.6300355
2023-05-23,1.6304661
2023-05-24,1.6370277
2023-05-25,1.63345
2023-05-26,1.6362493
2023-05-29,1.6375753
2023-05-30,1.6401416
2023-05-31,1.6492947
2023-06-01,1.6411157
2023-06-02,1.6230725
2023-06-05,1.6216251
2023-06-06,1.6162236
2023-06-07,1.6288391
2023-06-08,1.6349558
2023-06-09,1.6481705
2023-06-12,1.6491346
2023-06-13,1.6544912
2023-06-14,1.6663047
2023-06-15,1.6626911
2023-06-16,1.6603973
2023-06-19,1.633079
2023-06-20,1.6190392
2023-06-21,1.6235827
2023-06-26,1.6227674
2023-06-27,1.6166466
2023-06-28,1.6254269
2023-06-29,1.6351206
2023-06-30,1.6439594
2023-07-03,1.6334035
2023-07-04,1.6277412
2023-07-05,1.6209826
2023-07-06,1.6252381
2023-07-07,1.6352472
2023-07-10,1.6233541
2023-07-11,1.6437042
2023-07-12,1.6397604
2023-07-13,1.6344289
2023-07-14,1.6323549
2023-07-17,1.6313205
2023-07-18,1.6208762
2023-07-19,1.6211323
2023-07-20,1.6136732
2023-07-21,1.634742
2023-07-24,1.6342531
2023-07-25,1.6296326
2023-07-26,1.643397
2023-07-27,1.6521633
2023-07-28,1.6493337
2023-07-31,1.6453509
2023-08-01,1.6500475
2023-08-02,1.6529564
2023-08-03,1.6449654
2023-08-04,1.6417975
2023-08-07,1.635308
2023-08-08,1.635178
2023-08-09,1.6128463
2023-08-10,1.6052773
2023-08-11,1.5966302
2023-08-14,1.5845926
2023-08-15,1.5937953
2023-08-16,1.579402
2023-08-17,1.5676141
2023-08-18,1.5738323
2023-08-21,1.5555892
2023-08-22,1.5666463
2023-08-23,1.5534015
2023-08-24,1.563334
2023-08-25,1.5909024
2023-08-28,1.6007984
2023-08-29,1.5995566
2023-08-30,1.5996335
2023-08-31,1.6146826
2023-09-01,1.6062541
2023-09-04,1.6093231
2023-09-05,1.5846837
2023-09-06,1.5863382
2023-09-07,1.5940607
2023-09-08,1.5911502
2023-09-11,1.5825999
2023-09-12,1.5804071
2023-09-13,1.5777029
2023-09-14,1.573928
2023-09-15,1.5725354
2023-09-18,1.5670555
2023-09-19,1.5575298
2023-09-20,1.576864
2023-09-21,1.5699028
2023-09-22,1.56465
2023-09-25,1.5640637
2023-09-26,1.5603771
2023-09-27,1.5562464
2023-09-28,1.5494547
2023-10-09,1.5550886
2023-10-10,1.5641482
2023-10-11,1.5555235
2023-10-12,1.5415423
2023-10-13,1.5487274
2023-10-16,1.5418763
2023-10-17,1.5313234
2023-10-18,1.5261464
2023-10-19,1.50621
2023-10-20,1.5156969
2023-10-23,1.5208287
2023-10-24,1.5271215
2023-10-25,1.5468478
2023-10-26,1.5647105
2023-10-27,1.5645148
2023-10-30,1.5628846
2023-10-31,1.553914
2023-11-01,1.5664368
2023-11-02,1.5794779
2023-11-03,1.577998
2023-11-06,1.5778401
2023-11-07,1.5714055
2023-11-08,1.5676932
2023-11-09,1.5684938
2023-11-10,1.5751324
2023-11-13,1.578608
2023-11-14,1.5642993
2023-11-15,1.5666617
2023-11-16,1.5655534
2023-11-17,1.5637072
2023-11-20,1.5496358
2023-11-21,1.5552651
2023-11-22,1.5468386
2023-11-23,1.5492324
2023-11-24,1.551636
2023-11-27,1.5486358
2023-11-28,1.5492423
2023-11-29,1.548494
2023-11-30,1.544939
2023-12-01,1.519747
2023-12-04,1.5224614
2023-12-05,1.5193607
2023-12-06,1.5287623
2023-12-07,1.5371802
2023-12-08,1.5355356
2023-12-11,1.5189843
2023-12-12,1.5173147
2023-12-13,1.5122424
2023-12-14,1.5026251
2023-12-15,1.5067687
2023-12-18,1.4954101
2023-12-19,1.5054275
2023-12-20,1.5038756
2023-12-21,1.5024544
2023-12-22,1.4910641
2023-12-25,1.4990517
2023-12-26,1.5233747
2023-12-27,1.525729
2023-12-28,1.5142887
2023-12-29,1.5047985
2024-01-02,1.4913406
2024-01-03,1.4806744
2024-01-04,1.4552035
2024-01-05,1.457678
2024-01-08,1.451628
2024-01-09,1.462116
2024-01-10,1.453117
2024-01-11,1.4521843
2024-01-12,1.45603
2024-01-15,1.4282174
2024-01-16,1.4364427
2024-01-17,1.4359579
2024-01-18,1.4044032
2024-01-19,1.4130337
2024-01-22,1.4194362
2024-01-23,1.4392972
2024-01-24,1.4261965
2024-01-25,1.4120108
2024-01-26,1.3839062
2024-01-29,1.3697172
2024-01-30,1.3733555
2024-01-31,1.3538375
2024-02-01,1.3493261
2024-02-02,1.4044603
2024-02-05,1.4331504
2024-02-06,1.444987
2024-02-07,1.4517981
2024-02-08,1.4473335
2024-02-19,1.4568338
2024-02-20,1.465116
2024-02-21,1.4668944
2024-02-22,1.4666243
2024-02-23,1.4911261
2024-02-26,1.4667268
2024-02-27,1.5032084
2024-02-28,1.5122132
2024-02-29,1.5148968
2024-03-01,1.5227436
2024-03-04,1.5170382
2024-03-05,1.5068315
2024-03-06,1.5151656
2024-03-07,1.5337166
2024-03-08,1.5384569
2024-03-11,1.5322826
2024-03-12,1.5241951
2024-03-13,1.5311561
2024-03-14,1.5447472
2024-03-15,1.5380374
2024-03-18,1.5386641
2024-03-19,1.541717
2024-03-20,1.5249952
2024-03-21,1.5123562
2024-03-22,1.5092456
2024-03-25,1.4888872
2024-03-26,1.5007331
2024-03-27,1.5110875
2024-03-28,1.530725
2024-03-29,1.5224423
2024-04-01,1.5220827
2024-04-02,1.5097889
2024-04-03,1.5160178
2024-04-08,1.5013602
2024-04-09,1.500501
2024-04-10,1.5045395
2024-04-11,1.5191594
2024-04-12,1.5012518
2024-04-15,1.5230312
2024-04-16,1.5209863
2024-04-17,1.5080343
2024-04-18,1.5037873
2024-04-19,1.4910494
2024-04-22,1.502765
2024-04-23,1.5010543
2024-04-24,1.5244803
2024-04-25,1.5437921
2024-04-26,1.5363432
2024-04-29,1.5495862
2024-04-30,1.5476638
2024-05-06,1.5380012
2024-05-07,1.5529485
2024-05-08,1.5516546
2024-05-09,1.5442365
2024-05-10,1.5426905
2024-05-13,1.5341059
2024-05-14,1.5369581
2024-05-15,1.545944
2024-05-16,1.5570337
2024-05-17,1.5476984
2024-05-20,1.5503094
2024-05-21,1.5284947
2024-05-22,1.5094208
2024-05-23,1.5246483
2024-05-24,1.5175298
2024-05-27,1.5189395
2024-05-28,1.5189047
2024-05-29,1.5186183
2024-05-30,1.5204989
2024-05-31,1.5306722
2024-06-03,1.5256248
2024-06-04,1.5234942
2024-06-05,1.5183514
2024-06-06,1.518229
2024-06-07,1.5192784
2024-06-11,1.5170147
2024-06-12,1.5187738
2024-06-13,1.5226326
2024-06-14,1.5221039
2024-06-17,1.5169314
2024-06-18,1.5148758
2024-06-19,1.5170878
2024-06-20,1.4955568
2024-06-21,1.4785527
2024-06-24,1.4900491
2024-06-25,1.4753281
2024-06-26,1.477065
2024-06-27,1.4792019
2024-06-28,1.4718889
2024-07-01,1.4732776
2024-07-02,1.4638531
2024-07-03,1.4668787
2024-07-04,1.456832
2024-07-05,1.4735034
2024-07-08,1.4743425
2024-07-09,1.491215
2024-07-10,1.4938384
2024-07-11,1.493627
2024-07-12,1.5095875
2024-07-15,1.5138282
2024-07-16,1.5187062
2024-07-17,1.5215893
2024-07-18,1.5176713
2024-07-19,1.4829412
2024-07-22,1.4769853
2024-07-23,1.4668919
2024-07-24,1.4754957
2024-07-25,1.4651779
2024-07-26,1.4672564
2024-07-29,1.5059028
2024-07-30,1.5012473
2024-07-31,1.4891466
2024-08-01,1.461933
2024-08-02,1.4665323
2024-08-05,1.4624081
2024-08-06,1.4669594
2024-08-07,1.4653611
2024-08-08,1.4654413
2024-08-09,1.4706197
2024-08-12,1.4573097
2024-08-13,1.4640489
2024-08-14,1.460374
2024-08-15,1.4626383
2024-08-16,1.448788
2024-08-19,1.4455699
2024-08-20,1.4345615
2024-08-21,1.4334341
2024-08-22,1.4330331
2024-08-23,1.4223197
2024-08-26,1.418047
2024-08-27,1.4277334
2024-08-28,1.4478787
2024-08-29,1.4198481
2024-08-30,1.4281511
2024-09-02,1.4203092
2024-09-03,1.4249113
2024-09-04,1.4135939
2024-09-05,1.4026498
2024-09-06,1.4079926
2024-09-09,1.4101495
2024-09-10,1.4004701
2024-09-11,1.3951383
2024-09-12,1.3904848
2024-09-13,1.4020456
2024-09-18,1.4007668
2024-09-19,1.4001771
2024-09-20,1.441305
2024-09-23,1.4503365
2024-09-24,1.5035605
2024-09-25,1.5791941
2024-09-26,1.7022032
2024-09-27,1.792661
2024-09-30,1.7443359
2024-10-08,1.7314612
2024-10-09,1.6830142
2024-10-10,1.7095004
2024-10-11,1.6807847
2024-10-14,1.6703445
2024-10-15,1.6655337
2024-10-16,1.7404357
2024-10-17,1.7599931
2024-10-18,1.7595109
2024-10-21,1.76086
2024-10-22,1.7482003
2024-10-23,1.7599944
2024-10-24,1.7681612
2024-10-25,1.7596081
2024-10-28,1.7528411
2024-10-29,1.7597259
2024-10-30,1.742661
2024-10-31,1.7560395
2024-11-01,1.7951046
2024-11-04,1.7956178
2024-11-05,1.8303715
2024-11-06,1.8223121
2024-11-07,1.851475
2024-11-08,1.8275384
2024-11-11,1.8306359
2024-11-12,1.7931874
2024-11-13,1.7622372
2024-11-14,1.7496501
2024-11-15,1.7756498
2024-11-18,1.778837
2024-11-19,1.7871361
2024-11-20,1.7481506
2024-11-21,1.7339793
2024-11-22,1.7261537
2024-11-25,1.7565658
2024-11-26,1.7473073
2024-11-27,1.770662
2024-11-28,1.7789546
2024-11-29,1.7764927
2024-12-02,1.7707008
2024-12-03,1.7697024
2024-12-04,1.7819678
2024-12-05,1.7744251
2024-12-06,1.788295
2024-12-09,1.7944046
2024-12-10,1.809966
2024-12-11,1.7830707
2024-12-12,1.7650282
2024-12-13,1.7603384
2024-12-16,1.7709912
2024-12-17,1.774629
2024-12-18,1.7869073
2024-12-19,1.7805684
2024-12-20,1.7928841
2024-12-23,1.7923765
2024-12-24,1.7996312
2024-12-25,1.7983258
2024-12-26,1.7980181
2024-12-27,1.7709943
2024-12-30,1.7381026
2024-12-31,1.7246908
2025-01-02,1.7160053
2025-01-03,1.7385409
2025-01-06,1.7385898
2025-01-07,1.7387618
2025-01-08,1.7292147
2025-01-09,1.7281904
2025-01-10,1.7600142
2025-01-13,1.7549502
2025-01-14,1.7409263
2025-01-15,1.7536176
2025-01-16,1.7556354
2025-01-17,1.7598846
2025-01-20,1.7550989
2025-01-21,1.7503009
2025-01-22,1.7601829
2025-01-23,1.7450408
2025-01-24,1.7685133
2025-01-27,1.7915683
2025-02-05,1.804997
2025-02-06,1.8191116
2025-02-07,1.813142
2025-02-10,1.8290383
2025-02-11,1.8227589
2025-02-12,1.8291268
2025-02-13,1.8295758
2025-02-14,1.8136166
2025-02-17,1.8380241
2025-02-18,1.8362107
2025-02-19,1.8689928
2025-02-20,1.8709165
2025-02-21,1.860446
2025-02-24,1.8735136
2025-02-25,1.874434
2025-02-26,1.8389608
2025-02-27,1.8316692
2025-02-28,1.8436602
2025-03-03,1.8488967
2025-03-04,1.8742216
2025-03-05,1.8666139
2025-03-06,1.8644247
2025-03-07,1.8650855
2025-03-10,1.8620976
2025-03-11,1.8487376
2025-03-12,1.8837352
2025-03-13,1.8797692
2025-03-14,1.8844146
2025-03-17,1.8799262
2025-03-18,1.8699017
2025-03-19,1.8463845
2025-03-20,1.8514516
2025-03-21,1.8424629
2025-03-24,1.8429343
2025-03-25,1.8512111
2025-03-26,1.8470782
2025-03-27,1.8422608
2025-03-28,1.8488754
2025-03-31,1.8460447
2025-04-01,1.8501321
2025-04-02,1.7483598
2025-04-03,1.7680101
2025-04-07,1.8065143
2025-04-08,1.8290575
2025-04-09,1.8487452
2025-04-10,1.8533269
2025-04-11,1.847071
2025-04-14,1.860929
2025-04-15,1.8675374
2025-04-16,1.8635103
2025-04-17,1.8776612
2025-04-18,1.8900024
2025-04-21,1.8627176
2025-04-22,1.8602638
2025-04-23,1.8579302
2025-04-24,1.8524077
2025-04-25,1.8572181
2025-04-28,1.8607973
2025-04-29,1.8831991
2025-04-30,1.8886981
2025-05-06,1.8834802
2025-05-07,1.870326
2025-05-08,1.8702209
2025-05-09,1.8653138
2025-05-12,1.8715783
2025-05-13,1.845469
2025-05-14,1.8445992
2025-05-15,1.8476672
2025-05-16,1.8527344
2025-05-19,1.8637303
2025-05-20,1.8587916
2025-05-21,1.8485363
2025-05-22,1.8490627
2025-05-23,1.8381964
2025-05-26,1.8357638
2025-05-27,1.8451855
2025-05-28,1.8413724
2025-05-29,1.850727
2025-05-30,1.8568244
2025-06-03,1.8645626
2025-06-04,1.8639128
2025-06-05,1.8643657
2025-06-06,1.849014
2025-06-09,1.855065
2025-06-10,1.85334
2025-06-11,1.8482474
2025-06-12,1.8475991
2025-06-13,1.8398111
2025-06-16,1.838136
2025-06-17,1.8283685
2025-06-18,1.8244073
2025-06-19,1.829936
2025-06-20,1.8429059
2025-06-23,1.862287
2025-06-24,1.8565832
2025-06-25,1.8518399
2025-06-26,1.8617938
2025-06-27,1.8631469
2025-06-30,1.8543705
2025-07-01,1.8610278
2025-07-02,1.8594128
2025-07-03,1.8515828
2025-07-04,1.8671023
2025-07-07,1.8591675
2025-07-08,1.8630828
2025-07-09,1.8745165
2025-07-10,1.8760351
2025-07-11,1.873241
2025-07-14,1.8730114
2025-07-15,1.8829207
2025-07-16,1.8900555
2025-07-17,1.8974627
2025-07-18,1.9117279
2025-07-21,1.9167995
2025-07-22,1.9217674
2025-07-23,1.9277267
2025-07-24,1.9275284
2025-07-25,1.9332124
2025-07-28,1.9295115
2025-07-29,1.90794
2025-07-30,1.9015533
2025-07-31,1.9154323
2025-08-01,1.9241201
2025-08-04,1.9305258
2025-08-05,1.9306341
2025-08-06,1.9222041
2025-08-07,1.9270335
2025-08-08,1.9395485
2025-08-11,1.9499558
2025-08-12,1.9534516
2025-08-13,1.9672819
2025-08-14,1.9843781
2025-08-15,1.9756802
2025-08-18,2.0033877
2025-08-19,2.0065706
2025-08-20,2.069819
2025-08-21,2.106128
2025-08-22,2.1016207
2025-08-25,2.088591
2025-08-26,2.138764
2025-08-27,2.1392686
2025-08-28,2.1592166
2025-08-29,2.137581
2025-09-01,2.119293
2025-09-02,2.0708907
2025-09-03,2.1057804
2025-09-04,2.117287
2025-09-05,2.1092412
2025-09-08,2.1152701
2025-09-09,2.166076
2025-09-10,2.169598
2025-09-11,2.172559
2025-09-12,2.1842482
2025-09-15,2.1890643
2025-09-16,2.1809146
2025-09-17,2.1738472
2025-09-18,2.2015789
2025-09-19,2.1980262
2025-09-22,2.2340708
2025-09-23,2.2362263
2025-09-24,2.2226589
2025-09-25,2.247148
2025-09-26,2.2647052
2025-09-29,2.3105946
2025-09-30,2.2588851
2025-10-09,2.2733583
2025-10-10,2.2458756
2025-10-13,2.27359
2025-10-14,2.2712755
2025-10-15,2.2468526
2025-10-16,2.237171
2025-10-17,2.2738392
2025-10-20,2.2501783
2025-10-21,2.2452846
2025-10-22,2.2742898
2025-10-23,2.294382
2025-10-24,2.2703207
2025-10-27,2.2896712
2025-10-28,2.271335
2025-10-29,2.2515361
2025-10-30,2.2460368
2025-10-31,2.2278495
2025-11-03,2.2254806
2025-11-04,2.2583456
2025-11-05,2.2510006
2025-11-06,2.2661552
2025-11-07,2.2576885
2025-11-10,2.2524905
2025-11-11,2.2764585
2025-11-12,2.2410767
2025-11-13,2.223232
2025-11-14,2.2181046
2025-11-17,2.2197468
2025-11-18,2.2045825
2025-11-19,2.1609251
2025-11-20,2.1672564
2025-11-21,2.1851308
2025-11-24,2.1930816
2025-11-25,2.192523
2025-11-26,2.207049
2025-11-27,2.2241404
2025-11-28,2.2074063
2025-12-01,2.1967454
2025-12-02,2.2033334
2025-12-03,2.213257
2025-12-04,2.2259336
2025-12-05,2.214902
2025-12-08,2.2190473
2025-12-09,2.2037523
2025-12-10,2.2251012
2025-12-11,2.2156441
2025-12-12,2.1910582
2025-12-15,2.221968
2025-12-16,2.2102041
2025-12-17,2.218984
2025-12-18,2.2466567
2025-12-19,2.2544665
2025-12-22,2.2643878
2025-12-23,2.2645335
2025-12-24,2.2650046
2025-12-25,2.2566988
2025-12-26,2.2562668
2025-12-29,2.2427435
2025-12-30,2.2949502
2025-12-31,2.3244123
2026-01-05,2.3292038
2026-01-06,2.3281794
2026-01-07,2.346459
2026-01-08,2.378687
2026-01-09,2.3517895
2026-01-12,2.366412
2026-01-13,2.3650553
2026-01-14,2.3728907
2026-01-15,2.3710089
2026-01-16,2.36618
2026-01-19,2.4057014
2026-01-20,2.402676
2026-01-21,2.4211314
2026-01-22,2.4196851
2026-01-23,2.4257517
2026-01-26,2.4467273
2026-01-27,2.469535
2026-01-28,2.4220803
2026-01-29,2.3309727
2026-01-30,2.3770888
2026-02-02,2.396576
2026-02-03,2.3700092
2026-02-04,2.3519216
2026-02-05,2.397052
2026-02-06,2.395465
2026-02-09,2.3919463
2026-02-10,2.401347
2026-02-11,2.383484
2026-02-12,2.402144
2026-02-13,2.4137936
2026-02-24,2.416405
2026-02-25,2.42039
2026-02-26,2.428154
2026-02-27,2.3704293
2026-03-02,2.347048
2026-03-03,2.3616707
2026-03-04,2.370341
2026-03-05,2.3505054
2026-03-06,2.3767042
2026-03-09,2.3732107
2026-03-10,2.362415
2026-03-11,2.3494377
2026-03-12,2.3533084
2026-03-13,2.3278751
2026-03-16,2.3382952
2026-03-17,2.2874372
2026-03-18,2.259003
2026-03-19,2.1589208
2026-03-20,2.195918
2026-03-23,2.2342644
2026-03-24,2.2017446
2026-03-25,2.2176306
2026-03-26,2.2218513
2026-03-27,2.1933842
2026-03-30,2.238769
2026-03-31,2.2047534
2026-04-01,2.1975281
2026-04-02,2.2056491
2026-04-03,2.283109
2026-04-07,2.263353
2026-04-08,2.2810657
2026-04-09,2.2845538
2026-04-10,2.313513
2026-04-13,2.3128335
2026-04-14,2.3296306
2026-04-15,2.324822
2026-04-16,2.340443
2026-04-17,2.3300574
2026-04-20,2.3474388
2026-04-21,2.3310103
2026-04-22,2.335125
2026-04-23,2.36387
2026-04-24,2.3451536
2026-04-27,2.3549871
2026-04-28,2.3913486
2026-04-29,2.4427
2026-04-30,2.4612033
2026-05-06,2.4381492
2026-05-07,2.4808266
2026-05-08,2.4788802
2026-05-11,2.5013268
2026-05-12,2.471384
2026-05-13,2.4388113
2026-05-14,2.4387493
2026-05-15,2.4668362
2026-05-18,2.4869447
2026-05-19,2.452992
2026-05-20,2.4700425
2026-05-21,2.5253756
2026-05-22,2.5159342
2026-05-25,2.4859567
2026-05-26,2.4766405
2026-05-27,2.4590669
2026-05-28,2.4185221
2026-05-29,2.4312224
2026-06-01,2.4414885
2026-06-02,2.4401517
2026-06-03,2.401257
2026-06-04,2.3360891
2026-06-05,2.377928
2026-06-08,2.3575485
2026-06-09,2.3463888
2026-06-10,2.3646
2026-06-11,2.4256072
2026-06-12,2.4267943
2026-06-15,2.464383
2026-06-16,2.4859023
2026-06-17,2.5096734
2026-06-18,2.4651954
2026-06-22,2.4955862
2026-06-23,2.5203755
2026-06-24,2.4938793
2026-06-25,2.5526414
2026-06-26,2.5795095
2026-06-29,2.56447
2026-06-30,2.4980319
2026-07-01,2.5074542
2026-07-02,2.5132837
2026-07-03,2.4332159
2026-07-06,2.4257178
2026-07-07,2.4923742
2026-07-08,2.4551427
