date,net_value,turnover
2015-01-05,0.99872816,1.7332133
2015-01-06,0.9934697,0.010534428
2015-01-07,0.9902098,0.03928575
2015-01-08,0.98720104,0.010241203
2015-01-09,0.9898261,0.007270023
2015-01-12,0.98709434,0.0070467964
2015-01-13,0.9945959,0.004346706
2015-01-14,1.0006645,0.006819658
2015-01-15,0.9766939,0.016705327
2015-01-16,0.98958623,0.006413825
2015-01-19,1.0057147,0.0486138
2015-01-20,1.0085707,0.009924084
2015-01-21,1.0069939,0.026756398
2015-01-22,1.0150089,0.003189057
2015-01-23,1.0131556,0.0038922504
2015-01-26,1.0088723,0.009046897
2015-01-27,1.0041662,0.0018613935
2015-01-28,0.9978538,0.00699804
2015-01-29,0.99449223,0.008334123
2015-01-30,1.0022204,0.0101303905
2015-02-02,0.9974804,0.06775029
2015-02-03,0.99378586,0.013529025
2015-02-04,0.9860805,0.0043756217
2015-02-05,0.9854476,0.00907065
2015-02-06,0.99147683,0.009444192
2015-02-09,0.9958769,0.00422737
2015-02-10,0.99821883,0.01026392
2015-02-11,1.00414,0.005393371
2015-02-12,1.0106695,0.0059898943
2015-02-13,1.0126393,0.013655461
2015-02-16,1.0081627,0.011914335
2015-02-17,1.0158396,0.014349021
2015-02-25,1.0183433,0.0076071396
2015-02-26,1.0249001,0.012994014
2015-02-27,1.017239,0.009877011
2015-03-02,1.0248526,0.13672973
2015-03-03,1.0233995,0.0117465705
2015-03-04,1.018234,0.006152831
2015-03-05,1.0251479,0.0033013
2015-03-06,1.0252575,0.0017434135
2015-03-09,1.0251112,0.009425841
2015-03-10,1.0270032,0.002988197
2015-03-11,1.0314375,0.0031851828
2015-03-12,1.0460894,0.0075921714
2015-03-13,1.0514381,0.00463745
2015-03-16,1.0598295,0.012825213
2015-03-17,1.0617867,0.006850086
2015-03-18,1.0656877,0.008400716
2015-03-19,1.0812757,0.003715545
2015-03-20,1.0793182,0.004954584
2015-03-23,1.082222,0.010074668
2015-03-24,1.0830938,0.0018158033
2015-03-25,1.0883961,0.0035742968
2015-03-26,1.0959593,0.00420586
2015-03-27,1.091662,0.0040383264
2015-03-30,1.1018304,0.009261973
2015-03-31,1.1087707,0.009165578
2015-04-01,1.1157435,0.059323773
2015-04-02,1.1283566,0.0027090162
2015-04-03,1.1263719,0.0055839047
2015-04-07,1.1216103,0.0104773715
2015-04-08,1.1356477,0.010720149
2015-04-09,1.1412176,0.0062350705
2015-04-10,1.1400625,0.006585695
2015-04-13,1.168422,0.10107522
2015-04-14,1.1816895,0.0015453845
2015-04-15,1.1864353,0.0068326965
2015-04-16,1.1808814,0.0040710047
2015-04-17,1.1976471,0.002009049
2015-04-20,1.2096004,0.0051189065
2015-04-21,1.2099051,0.08221506
2015-04-22,1.2101296,0.0042094514
2015-04-23,1.2149936,0.0008603111
2015-04-24,1.2020634,0.002382271
2015-04-27,1.2106004,0.0021458045
2015-04-28,1.2129686,0.005369261
2015-04-29,1.2133079,0.0022032484
2015-04-30,1.1943858,0.0023007318
2015-05-04,1.1856539,0.01058282
2015-05-05,1.1765771,0.010827139
2015-05-06,1.1933413,0.004566312
2015-05-07,1.2137759,0.005207941
2015-05-08,1.2195845,0.0062536
2015-05-11,1.2236166,0.009668253
2015-05-12,1.2228098,0.0062693283
2015-05-13,1.2170626,0.061144494
2015-05-14,1.2210118,0.0031950474
2015-05-15,1.2335224,0.0066663325
2015-05-18,1.2371429,0.002966553
2015-05-19,1.2554392,0.004536949
2015-05-20,1.265202,0.003394857
2015-05-21,1.2801192,0.0060250834
2015-05-22,1.2926501,0.007910788
2015-05-25,1.2959083,0.00906419
2015-05-26,1.2620106,0.007799603
2015-05-27,1.2643948,0.0036643595
2015-05-28,1.2930298,0.021541514
2015-05-29,1.3057431,0.0048835054
2015-06-01,1.2992414,0.024772204
2015-06-02,1.2995821,0.0022425428
2015-06-03,1.3077035,0.005330004
2015-06-04,1.3095375,0.0028788522
2015-06-05,1.3088311,0.0032978654
2015-06-08,1.3158303,0.0053213164
2015-06-09,1.3207746,0.0029094368
2015-06-10,1.3301744,0.0028460994
2015-06-11,1.3197422,0.0022821054
2015-06-12,1.3007016,0.0041083544
2015-06-15,1.3093004,0.0022761375
2015-06-16,1.2903483,0.008889154
2015-06-17,1.2565477,0.0010609776
2015-06-18,1.2665864,0.007241942
2015-06-19,1.2787023,0.013952009
2015-06-23,1.2621614,0.008003838
2015-06-24,1.2157865,0.00743711
2015-06-25,1.192228,0.007845759
2015-06-26,1.2281054,0.022013262
2015-06-29,1.1978683,0.010195859
2015-06-30,1.1770903,0.017312974
2015-07-01,1.1435636,0.03181164
2015-07-02,1.1604193,0.011281669
2015-07-03,1.1210327,0.024514042
2015-07-06,1.0697349,0.02713205
2015-07-07,1.1187536,0.01655107
2015-07-08,1.1643685,0.03099247
2015-07-09,1.2012088,0.023265861
2015-07-10,1.1922038,0.017658465
2015-07-13,1.1516106,0.01826401
2015-07-14,1.1656551,0.020385697
2015-07-15,1.1907644,0.025790922
2015-07-16,1.1890783,0.0041439906
2015-07-17,1.1926491,0.011813238
2015-07-20,1.195647,0.0015354455
2015-07-21,1.2098393,0.0034427717
2015-07-22,1.1967225,0.0054384843
2015-07-23,1.1553221,0.0059967265
2015-07-24,1.1559925,0.00659056
2015-07-27,1.1790136,0.035836674
2015-07-28,1.1638172,0.010584287
2015-07-29,1.1563629,0.017339885
2015-07-30,1.1488496,0.014246717
2015-07-31,1.1764604,0.008078702
2015-08-03,1.1662087,0.015889205
2015-08-04,1.1626985,0.020265505
2015-08-05,1.1778085,0.010446869
2015-08-06,1.2050837,0.0061448514
2015-08-07,1.206365,0.01378686
2015-08-10,1.2054821,0.024345301
2015-08-11,1.2119217,0.0024829805
2015-08-12,1.2137262,0.006292641
2015-08-13,1.2230833,0.0051367804
2015-08-14,1.1842847,0.0020081475
2015-08-17,1.1979866,0.006170064
2015-08-18,1.1818646,0.030142233
2015-08-19,1.1598747,0.0073260963
2015-08-20,1.1077075,0.018238798
2015-08-21,1.0653094,0.02483327
2015-08-24,1.0734572,0.04539811
2015-08-25,1.0960103,0.021702662
2015-08-26,1.1200565,0.016017124
2015-08-27,1.1085608,0.016489536
2015-08-28,1.0921304,0.01277592
2015-08-31,1.0867319,0.019374304
2015-09-01,1.0831168,0.013726652
2015-09-02,1.0999906,0.0057278574
2015-09-07,1.111156,0.024247967
2015-09-08,1.1002376,0.010301746
2015-09-09,1.1010174,0.011182696
2015-09-10,1.0712395,0.016169846
2015-09-11,1.0519686,0.014614999
2015-09-14,1.0867134,0.014422089
2015-09-15,1.0766596,0.014988981
2015-09-16,1.0813938,0.021358222
2015-09-17,1.0969034,0.010862879
2015-09-18,1.0965272,0.0028702617
2015-09-21,1.0881703,0.009912692
2015-09-22,1.0939109,0.0056065917
2015-09-23,1.0800964,0.011547253
2015-09-24,1.0880133,0.004237406
2015-09-25,1.0790273,0.008425936
2015-09-28,1.0817087,0.003361784
2015-09-29,1.1027547,0.012016475
2015-09-30,1.1069963,0.0074681565
2015-10-08,1.1298026,0.036361568
2015-10-09,1.129451,0.0067036897
2015-10-12,1.1280707,0.019529581
2015-10-13,1.1433659,0.0052069053
2015-10-14,1.1486261,0.010111734
2015-10-15,1.1475575,0.017048866
2015-10-16,1.151638,0.009485461
2015-10-19,1.128534,0.0037663803
2015-10-20,1.1400638,0.0076641366
2015-10-21,1.1547678,0.018702433
2015-10-22,1.1541587,0.009353928
2015-10-23,1.1539286,0.009194732
2015-10-26,1.1454505,0.0030385256
2015-10-27,1.1473281,0.0035924017
2015-10-28,1.1488031,0.011459835
2015-10-29,1.1402003,0.009819381
2015-10-30,1.1357739,0.008008547
2015-11-02,1.1619474,0.035682835
2015-11-03,1.1621312,0.0042064413
2015-11-04,1.171632,0.03201495
2015-11-05,1.1791658,0.007439159
2015-11-06,1.1759611,0.011978984
2015-11-09,1.1796991,0.0153791085
2015-11-10,1.1785346,0.005204484
2015-11-11,1.1696452,0.008422464
2015-11-12,1.1772444,0.0033127815
2015-11-13,1.1714087,0.010735549
2015-11-16,1.1661086,0.0061641857
2015-11-17,1.178015,0.0016242042
2015-11-18,1.1802142,0.005457729
2015-11-19,1.1745669,0.0066808388
2015-11-20,1.1781836,0.002501458
2015-11-23,1.1827363,0.0065450296
2015-11-24,1.1794993,0.0039265305
2015-11-25,1.1506001,0.0045844465
2015-11-26,1.1509902,0.007903673
2015-11-27,1.1576793,0.034143575
2015-11-30,1.1637785,0.0029020086
2015-12-01,1.1660681,0.028484501
2015-12-02,1.1644918,0.01660584
2015-12-03,1.17152,0.008103237
2015-12-04,1.1593825,0.008726902
2015-12-07,1.1569719,0.0042797327
2015-12-08,1.1579409,0.015343018
2015-12-09,1.152998,0.0035106763
2015-12-10,1.1671776,0.0045449734
2015-12-11,1.165318,0.0080972165
2015-12-14,1.165938,0.023890115
2015-12-15,1.1769899,0.004297763
2015-12-16,1.178804,0.0015863851
2015-12-17,1.1950916,0.009455889
2015-12-18,1.1983137,0.004894279
2015-12-21,1.1930454,0.014273234
2015-12-22,1.1921494,0.003082879
2015-12-23,1.1930325,0.0064554065
2015-12-24,1.1791892,0.0060501248
2015-12-25,1.182688,0.0020425767
2015-12-28,1.1868174,0.018112913
2015-12-29,1.1809546,0.005895719
2015-12-30,1.1517084,0.0055646673
2015-12-31,1.148418,0.005502656
2016-01-04,1.1573571,0.06457264
2016-01-05,1.13619,0.007175736
2016-01-06,1.1289092,0.010911927
2016-01-07,1.1057799,0.039065942
2016-01-08,1.1045583,0.016945444
2016-01-11,1.0948561,0.019982368
2016-01-12,1.1063912,0.0022952482
2016-01-13,1.0885247,0.0072361603
2016-01-14,1.0903938,0.012049556
2016-01-15,1.1060358,0.01714795
2016-01-18,1.0967878,0.007681705
2016-01-19,1.0812669,0.01292561
2016-01-20,1.0840075,0.009465903
2016-01-21,1.0876409,0.013881348
2016-01-22,1.0708591,0.0058955923
2016-01-25,1.0600023,0.007586837
2016-01-26,1.0428287,0.026659139
2016-01-27,1.0569606,0.008406296
2016-01-28,1.0534834,0.005738467
2016-01-29,1.0642494,0.007872105
2016-02-01,1.0633425,0.14174196
2016-02-02,1.0720408,0.009149037
2016-02-03,1.0708904,0.0057206675
2016-02-04,1.0741315,0.003836766
2016-02-05,1.0891901,0.005285211
2016-02-15,1.0953084,0.0072737783
2016-02-16,1.0943011,0.010674946
2016-02-17,1.0969319,0.005282305
2016-02-18,1.1058059,0.0043247864
2016-02-19,1.1030844,0.0046292692
2016-02-22,1.1063229,0.010803558
2016-02-23,1.0736688,0.0028821453
2016-02-24,1.0762186,0.007189989
2016-02-25,1.0551448,0.030274428
2016-02-26,1.0684677,0.009064116
2016-02-29,1.0897155,0.009670846
2016-03-01,1.0902994,0.05908963
2016-03-02,1.0878807,0.020875722
2016-03-03,1.0976945,0.0045060217
2016-03-04,1.0971293,0.01275789
2016-03-07,1.0873513,0.009553947
2016-03-08,1.0806508,0.0032144263
2016-03-09,1.0818063,0.012655638
2016-03-10,1.0948302,0.008919306
2016-03-11,1.0882233,0.004121095
2016-03-14,1.0869294,0.0184455
2016-03-15,1.0990163,0.003852062
2016-03-16,1.1117877,0.0038825795
2016-03-17,1.11918,0.0120667
2016-03-18,1.1179878,0.014412209
2016-03-21,1.1198944,0.01417131
2016-03-22,1.1100248,0.00673943
2016-03-23,1.1162148,0.01301983
2016-03-24,1.1152465,0.010799363
2016-03-25,1.1083732,0.0110499635
2016-03-28,1.1263677,0.007402025
2016-03-29,1.1230103,0.014415562
2016-03-30,1.1228026,0.018276721
2016-03-31,1.1290189,0.0038736835
2016-04-01,1.1311257,0.035855584
2016-04-05,1.1248821,0.014777496
2016-04-06,1.1214575,0.004248716
2016-04-07,1.1297233,0.01193396
2016-04-08,1.1284608,0.008628383
2016-04-11,1.1341097,0.0126215145
2016-04-12,1.1348577,0.0071942136
2016-04-13,1.1327758,0.010725945
2016-04-14,1.1267729,0.006514579
2016-04-15,1.128678,0.0076340884
2016-04-18,1.1129651,0.009871699
2016-04-19,1.1124567,0.0042257383
2016-04-20,1.1133159,0.030764915
2016-04-21,1.112726,0.005332373
2016-04-22,1.115027,0.0047169253
2016-04-25,1.1169928,0.010638677
2016-04-26,1.1147239,0.006637387
2016-04-27,1.1187153,0.012805708
2016-04-28,1.137044,0.0052163824
2016-04-29,1.1349657,0.004233733
2016-05-03,1.1374153,0.02982919
2016-05-04,1.1224471,0.008715801
2016-05-05,1.1110156,0.005331181
2016-05-06,1.109132,0.028836876
2016-05-09,1.1129583,0.013230279
2016-05-10,1.1128893,0.011002973
2016-05-11,1.1126658,0.01429262
2016-05-12,1.1175207,0.0066900477
2016-05-13,1.1164144,0.0050745606
2016-05-16,1.1058168,0.008412845
2016-05-17,1.1050198,0.0048093647
2016-05-18,1.1100135,0.015389353
2016-05-19,1.1126859,0.0029984713
2016-05-20,1.1081254,0.0055466443
2016-05-23,1.1036547,0.008712307
2016-05-24,1.1040314,0.012099594
2016-05-25,1.10471,0.0037569478
2016-05-26,1.1018095,0.0071050227
2016-05-27,1.1204036,0.0030688494
2016-05-30,1.1205785,0.0034165606
2016-05-31,1.1235455,0.02605012
2016-06-01,1.129189,0.035101525
2016-06-02,1.1320374,0.005095236
2016-06-03,1.1307856,0.010680012
2016-06-06,1.1315796,0.003976837
2016-06-07,1.1164793,0.0071548596
2016-06-08,1.1196746,0.004892938
2016-06-13,1.1321715,0.029883124
2016-06-14,1.1321896,0.0044641495
2016-06-15,1.1335037,0.0143819
2016-06-16,1.1337181,0.005200617
2016-06-17,1.130002,0.0071629286
2016-06-20,1.1321263,0.0027540922
2016-06-21,1.1302632,0.0063490123
2016-06-22,1.1316357,0.011506498
2016-06-23,1.1425611,0.0035807192
2016-06-24,1.1463364,0.017521948
2016-06-27,1.1481153,0.018476248
2016-06-28,1.1478543,0.008658618
2016-06-29,1.1508862,0.004053667
2016-06-30,1.160934,0.0022551343
2016-07-01,1.1631778,0.034911387
2016-07-04,1.173721,0.015795484
2016-07-05,1.1754462,0.009683132
2016-07-06,1.1716455,0.01422058
2016-07-07,1.1787468,0.003593728
2016-07-08,1.1857876,0.008524001
2016-07-11,1.1860496,0.0132787675
2016-07-12,1.1846263,0.0139825195
2016-07-13,1.1842636,0.0031417012
2016-07-14,1.1811494,0.0024920255
2016-07-15,1.1787437,0.0047963858
2016-07-18,1.1787368,0.0046390444
2016-07-19,1.1782975,0.01117152
2016-07-20,1.1746885,0.0036990345
2016-07-21,1.1770445,0.0033863336
2016-07-22,1.1829162,0.0076176375
2016-07-25,1.1688277,0.0084198415
2016-07-26,1.1722958,0.010415569
2016-07-27,1.1723102,0.023806058
2016-07-28,1.1673671,0.0037512705
2016-07-29,1.1674784,0.0072265565
2016-08-01,1.1700966,0.021391854
2016-08-02,1.1702048,0.017299391
2016-08-03,1.1727383,0.0065272376
2016-08-04,1.1735353,0.0055986494
2016-08-05,1.1771798,0.003360927
2016-08-08,1.1781698,0.009367555
2016-08-09,1.1734588,0.0062577277
2016-08-10,1.1790371,0.003854692
2016-08-11,1.1894978,0.0071367323
2016-08-12,1.1912988,0.010195762
2016-08-15,1.1906098,0.0174817
2016-08-16,1.187988,0.012683347
2016-08-17,1.1852704,0.0030553937
2016-08-18,1.1834152,0.0138711035
2016-08-19,1.1843848,0.0065906346
2016-08-22,1.1836612,0.010198101
2016-08-23,1.1797781,0.00838913
2016-08-24,1.1808056,0.0018542707
2016-08-25,1.1793147,0.0094717
2016-08-26,1.1804314,0.0051581413
2016-08-29,1.181064,0.005055368
2016-08-30,1.1770836,0.011239737
2016-08-31,1.177299,0.0047347248
2016-09-01,1.1804992,0.016039893
2016-09-02,1.1854151,0.003996432
2016-09-05,1.1871154,0.004911527
2016-09-06,1.1875002,0.008688793
2016-09-07,1.1831424,0.006489679
2016-09-08,1.1710896,0.00560908
2016-09-09,1.1710254,0.00787811
2016-09-12,1.1685637,0.02702415
2016-09-13,1.1711961,0.008918613
2016-09-14,1.1707395,0.0075114965
2016-09-19,1.172231,0.008736521
2016-09-20,1.1765366,0.0027677417
2016-09-21,1.1756039,0.00199835
2016-09-22,1.1679415,0.011464849
2016-09-23,1.1689436,0.0026444048
2016-09-26,1.1680082,0.019324228
2016-09-27,1.1694721,0.007850647
2016-09-28,1.1723622,0.007685147
2016-09-29,1.1739832,0.0050957054
2016-09-30,1.174663,0.010529406
2016-10-10,1.1738838,0.027546018
2016-10-11,1.1744219,0.0044124424
2016-10-12,1.1740196,0.004705742
2016-10-13,1.1721982,0.0031323135
2016-10-14,1.1774637,0.003480032
2016-10-17,1.1764389,0.01199384
2016-10-18,1.1771096,0.016962022
2016-10-19,1.1768816,0.002894342
2016-10-20,1.1817659,0.004035756
2016-10-21,1.1836697,0.0054886043
2016-10-24,1.1844915,0.011010036
2016-10-25,1.1845201,0.0155444
2016-10-26,1.1823943,0.008638203
2016-10-27,1.1828291,0.009901419
2016-10-28,1.1873201,0.01618047
2016-10-31,1.184992,0.011224002
2016-11-01,1.1872163,0.037457585
2016-11-02,1.1848323,0.010596469
2016-11-03,1.184284,0.009014443
2016-11-04,1.1874626,0.0037602782
2016-11-07,1.1878649,0.0017247051
2016-11-08,1.1891834,0.009731919
2016-11-09,1.189854,0.018263191
2016-11-10,1.1853158,0.015807316
2016-11-11,1.1870277,0.010507032
2016-11-14,1.1884269,0.013053
2016-11-15,1.1879706,0.010022655
2016-11-16,1.1853061,0.0069139004
2016-11-17,1.1872885,0.005282566
2016-11-18,1.190896,0.008681685
2016-11-21,1.1901433,0.005446911
2016-11-22,1.1884713,0.012190342
2016-11-23,1.1913595,0.0026097447
2016-11-24,1.1941465,0.0043898374
2016-11-25,1.1962037,0.014220327
2016-11-28,1.1914935,0.0031996667
2016-11-29,1.1939958,0.014432907
2016-11-30,1.1874706,0.018019408
2016-12-01,1.1799951,0.026484326
2016-12-02,1.1810977,0.024325415
2016-12-05,1.183844,0.01689145
2016-12-06,1.1861607,0.017597944
2016-12-07,1.1868684,0.008509934
2016-12-08,1.1735872,0.008874342
2016-12-09,1.1727681,0.0062298477
2016-12-12,1.1709752,0.021955356
2016-12-13,1.1686556,0.010350242
2016-12-14,1.1695535,0.012640342
2016-12-15,1.169814,0.017791063
2016-12-16,1.1649706,0.029136948
2016-12-19,1.1682088,0.0052595064
2016-12-20,1.1676279,0.013758965
2016-12-21,1.163832,0.010249056
2016-12-22,1.1651965,0.0073160455
2016-12-23,1.1646855,0.048004568
2016-12-26,1.1633813,0.0061997026
2016-12-27,1.1634228,0.009835698
2016-12-28,1.167094,0.011956818
2016-12-29,1.1698167,0.003746517
2016-12-30,1.176775,0.012865931
2017-01-03,1.1760906,0.06912948
2017-01-04,1.1758604,0.029855266
2017-01-05,1.1783968,0.003818959
2017-01-06,1.1791741,0.0062170476
2017-01-09,1.1769532,0.06545331
2017-01-10,1.1749446,0.008631758
2017-01-11,1.1710008,0.0066614
2017-01-12,1.1643331,0.0043864027
2017-01-13,1.1677558,0.015572108
2017-01-16,1.1695259,0.016184114
2017-01-17,1.166692,0.0072619617
2017-01-18,1.170571,0.009476662
2017-01-19,1.1725342,0.01470796
2017-01-20,1.1707486,0.008776359
2017-01-23,1.1708143,0.011865951
2017-01-24,1.1725645,0.004917279
2017-01-25,1.1735406,0.0044317096
2017-01-26,1.1771312,0.0043298006
2017-02-03,1.176583,0.17068273
2017-02-06,1.1786898,0.009178206
2017-02-07,1.1825656,0.012114413
2017-02-08,1.1816983,0.0033012629
2017-02-09,1.1855797,0.0066256225
2017-02-10,1.1842844,0.0042316094
2017-02-13,1.180843,0.00968691
2017-02-14,1.1828581,0.009202465
2017-02-15,1.1838074,0.0055717677
2017-02-16,1.1896915,0.0057551116
2017-02-17,1.1943018,0.011059195
2017-02-20,1.1970628,0.01128491
2017-02-21,1.1986514,0.013818011
2017-02-22,1.1994884,0.004356958
2017-02-23,1.1970521,0.0060836226
2017-02-24,1.1968235,0.0074721575
2017-02-27,1.1963125,0.0070927143
2017-02-28,1.194487,0.0042473823
2017-03-01,1.19299,0.080936775
2017-03-02,1.1956549,0.0063860193
2017-03-03,1.1962819,0.009796083
2017-03-06,1.1940976,0.0077283084
2017-03-07,1.1900533,0.0066470653
2017-03-08,1.1900073,0.008039959
2017-03-09,1.1962773,0.008860186
2017-03-10,1.1937011,0.057476513
2017-03-13,1.1944681,0.013734721
2017-03-14,1.2001587,0.047632888
2017-03-15,1.1976129,0.0030080453
2017-03-16,1.1990775,0.01031974
2017-03-17,1.203608,0.050389066
2017-03-20,1.2037436,0.11763293
2017-03-21,1.2058774,0.097320534
2017-03-22,1.2085352,0.006250933
2017-03-23,1.2102308,0.005294271
2017-03-24,1.2094415,0.016460128
2017-03-27,1.2061509,0.022263661
2017-03-28,1.2030021,0.0041773915
2017-03-29,1.2039012,0.01422897
2017-03-30,1.2129943,0.010672532
2017-03-31,1.2116103,0.09863265
2017-04-05,1.2114661,0.09729913
2017-04-06,1.2094624,0.0074485242
2017-04-07,1.2127141,0.012709327
2017-04-10,1.2128066,0.007750064
2017-04-11,1.2157967,0.009170532
2017-04-12,1.2129109,0.0066540465
2017-04-13,1.2072554,0.0072990283
2017-04-14,1.2077032,0.0077631995
2017-04-17,1.204774,0.015735954
2017-04-18,1.208185,0.011702031
2017-04-19,1.2063372,0.007997267
2017-04-20,1.1968989,0.012254395
2017-04-21,1.1997861,0.0070786774
2017-04-24,1.2003034,0.019538559
2017-04-25,1.20124,0.011056036
2017-04-26,1.2001348,0.009428896
2017-04-27,1.1980852,0.0025726035
2017-04-28,1.1961755,0.027781487
2017-05-02,1.1917279,0.031026125
2017-05-03,1.1870693,0.014198355
2017-05-04,1.1807977,0.023653783
2017-05-05,1.18087,0.0063225776
2017-05-08,1.1760353,0.009226233
2017-05-09,1.1757071,0.004553899
2017-05-10,1.1792111,0.0053925365
2017-05-11,1.1815221,0.009523779
2017-05-12,1.1914858,0.012581989
2017-05-15,1.1908424,0.01317364
2017-05-16,1.1896006,0.018770322
2017-05-17,1.1908416,0.006975025
2017-05-18,1.1886798,0.007666394
2017-05-19,1.1882836,0.0057626665
2017-05-22,1.1867088,0.0049593896
2017-05-23,1.1926073,0.018175185
2017-05-24,1.1932837,0.009882748
2017-05-25,1.1908051,0.016395427
2017-05-26,1.1882832,0.0074691474
2017-05-31,1.1893882,0.007720262
2017-06-01,1.191018,0.025491826
2017-06-02,1.1946957,0.005371824
2017-06-05,1.203274,0.007702142
2017-06-06,1.2057749,0.011195362
2017-06-07,1.2070978,0.014460444
2017-06-08,1.20682,0.0057947338
2017-06-09,1.2104592,0.0055982023
2017-06-12,1.2089585,0.0074334294
2017-06-13,1.2063043,0.003443107
2017-06-14,1.2041925,0.011523679
2017-06-15,1.2082204,0.016924426
2017-06-16,1.2089746,0.0092894435
2017-06-19,1.2130172,0.0048601627
2017-06-20,1.2115837,0.0027569085
2017-06-21,1.2135345,0.015009031
2017-06-22,1.2211958,0.006180823
2017-06-23,1.2217971,0.004153952
2017-06-26,1.2196046,0.010053389
2017-06-27,1.221443,0.004808694
2017-06-28,1.2194123,0.00453835
2017-06-29,1.2200594,0.00456097
2017-06-30,1.2140441,0.013764612
2017-07-03,1.2185243,0.024307296
2017-07-04,1.2194967,0.022356778
2017-07-05,1.2185155,0.004690796
2017-07-06,1.2148169,0.0073923916
2017-07-07,1.2143816,0.009268969
2017-07-10,1.2129896,0.014627725
2017-07-11,1.2144837,0.0070708543
2017-07-12,1.2129096,0.0041635484
2017-07-13,1.203325,0.005480349
2017-07-14,1.2061722,0.008360416
2017-07-17,1.215217,0.010398939
2017-07-18,1.2178166,0.008653119
2017-07-19,1.2192682,0.012817994
2017-07-20,1.2259048,0.0076799467
2017-07-21,1.2243897,0.009142809
2017-07-24,1.2186599,0.015355796
2017-07-25,1.2215302,0.0028373823
2017-07-26,1.2260877,0.02239459
2017-07-27,1.2297707,0.009741887
2017-07-28,1.2313697,0.010067098
2017-07-31,1.2308844,0.0071773753
2017-08-01,1.2273709,0.01626876
2017-08-02,1.2256826,0.0028503388
2017-08-03,1.2299111,0.013617553
2017-08-04,1.230974,0.009936579
2017-08-07,1.2368134,0.010490619
2017-08-08,1.2377908,0.004174076
2017-08-09,1.2277027,0.010995805
2017-08-10,1.2372584,0.009637453
2017-08-11,1.2382225,0.019334473
2017-08-14,1.2401503,0.010795891
2017-08-15,1.2425766,0.012299113
2017-08-16,1.2408005,0.005028248
2017-08-17,1.2441347,0.008157067
2017-08-18,1.2420356,0.0042297393
2017-08-21,1.2408141,0.0054001287
2017-08-22,1.2785763,0.00510554
2017-08-23,1.2843853,0.0046072006
2017-08-24,1.2893778,0.083339825
2017-08-25,1.2904928,0.0064490736
2017-08-28,1.2900679,0.0063410327
2017-08-29,1.2899278,0.005721353
2017-08-30,1.2934332,0.009003632
2017-08-31,1.2964325,0.0059200823
2017-09-01,1.2989291,0.015515588
2017-09-04,1.2985435,0.004665047
2017-09-05,1.294823,0.0054261386
2017-09-06,1.295461,0.014857538
2017-09-07,1.2976108,0.007464558
2017-09-08,1.2965549,0.0027875602
2017-09-11,1.299566,0.033470243
2017-09-12,1.2982305,0.05805081
2017-09-13,1.3002135,0.03398925
2017-09-14,1.3046814,0.06017203
2017-09-15,1.3011618,0.048930854
2017-09-18,1.3046488,0.0048224777
2017-09-19,1.30135,0.0035202876
2017-09-20,1.3051132,0.003578186
2017-09-21,1.3049252,0.0820276
2017-09-22,1.3070188,0.081259295
2017-09-25,1.3067575,0.0051572546
2017-09-26,1.3058438,0.011736691
2017-09-27,1.3092024,0.006214544
2017-09-28,1.3127507,0.0039394796
2017-09-29,1.3161001,0.0043802634
2017-10-09,1.3229787,0.020872638
2017-10-10,1.3249172,0.0034901649
2017-10-11,1.3258145,0.0044181794
2017-10-12,1.3221172,0.0039071217
2017-10-13,1.3175949,0.0045441017
2017-10-16,1.3189328,0.011804335
2017-10-17,1.3221496,0.007735625
2017-10-18,1.3214087,0.0034379289
2017-10-19,1.3229909,0.0044930354
2017-10-20,1.3251793,0.0034510344
2017-10-23,1.3252555,0.0031874701
2017-10-24,1.3323334,0.005777031
2017-10-25,1.3385978,0.0032750592
2017-10-26,1.3304017,0.013120949
2017-10-27,1.3299959,0.006450005
2017-10-30,1.3281758,0.011800028
2017-10-31,1.3257124,0.0071881115
2017-11-01,1.3265415,0.018495105
2017-11-02,1.3341852,0.0038319528
2017-11-03,1.3424622,0.0053329393
2017-11-06,1.3476113,0.0071308985
2017-11-07,1.3425348,0.013055928
2017-11-08,1.34444,0.0064663067
2017-11-09,1.344918,0.01688733
2017-11-10,1.3399572,0.007940911
2017-11-13,1.3374033,0.0048010647
2017-11-14,1.3436469,0.009790532
2017-11-15,1.3386824,0.00833974
2017-11-16,1.3418757,0.0069821924
2017-11-17,1.3456993,0.006822698
2017-11-20,1.3427229,0.0110247955
2017-11-21,1.3312486,0.007791117
2017-11-22,1.326935,0.0029400736
2017-11-23,1.3208469,0.015290186
2017-11-24,1.3243083,0.012168489
2017-11-27,1.3195448,0.010589249
2017-11-28,1.3143035,0.0064086467
2017-11-29,1.3148869,0.012687534
2017-11-30,1.3183839,0.018517151
2017-12-01,1.314678,0.020244382
2017-12-04,1.3129776,0.00913775
2017-12-05,1.3048302,0.0060832202
2017-12-06,1.3118607,0.016753398
2017-12-07,1.3259275,0.013770729
2017-12-08,1.3209531,0.0071372315
2017-12-11,1.3292074,0.02188602
2017-12-12,1.3310513,0.012022443
2017-12-13,1.3280582,0.00744769
2017-12-14,1.3248478,0.01940547
2017-12-15,1.3296881,0.011171214
2017-12-18,1.3322477,0.007514581
2017-12-19,1.3353814,0.019610912
2017-12-20,1.3350967,0.0069877803
2017-12-21,1.3359483,0.004374832
2017-12-22,1.3378309,0.0052152723
2017-12-25,1.3281968,0.012486339
2017-12-26,1.3307569,0.0055314675
2017-12-27,1.3344402,0.012745231
2017-12-28,1.3417486,0.007581018
2017-12-29,1.3463619,0.009184666
2018-01-02,1.3502014,0.055628493
2018-01-03,1.3517274,0.007893294
2018-01-04,1.3553523,0.009653538
2018-01-05,1.3618411,0.0071244314
2018-01-08,1.362903,0.0065883026
2018-01-09,1.3614563,0.005409993
2018-01-10,1.3669711,0.0026661009
2018-01-11,1.363739,0.0036148578
2018-01-12,1.3692732,0.010034323
2018-01-15,1.3658963,0.0040298626
2018-01-16,1.3657241,0.003697455
2018-01-17,1.3603731,0.0063623637
2018-01-18,1.3715056,0.007637702
2018-01-19,1.3726511,0.017493956
2018-01-22,1.372308,0.0076694638
2018-01-23,1.3683095,0.0032662973
2018-01-24,1.3698286,0.005483143
2018-01-25,1.3589033,0.0033842027
2018-01-26,1.35256,0.0089173615
2018-01-29,1.3548193,0.013458341
2018-01-30,1.3465048,0.01584161
2018-01-31,1.3471583,0.011220761
2018-02-01,1.3397037,0.044502676
2018-02-02,1.3206123,0.0042175427
2018-02-05,1.3109409,0.018112935
2018-02-06,1.3116039,0.016890869
2018-02-07,1.2930539,0.018523388
2018-02-08,1.3089787,0.0061311796
2018-02-09,1.3145363,0.02456531
2018-02-12,1.320949,0.014736816
2018-02-13,1.3322338,0.014795087
2018-02-14,1.3335809,0.014375374
2018-02-22,1.3422145,0.0133266
2018-02-23,1.33648,0.009970203
2018-02-26,1.3314332,0.012800239
2018-02-27,1.3346715,0.009360038
2018-02-28,1.3315152,0.008527324
2018-03-01,1.3284651,0.072209775
2018-03-02,1.3330251,0.0064162537
2018-03-05,1.3291712,0.004307188
2018-03-06,1.3355554,0.006622821
2018-03-07,1.3402827,0.0064179003
2018-03-08,1.341204,0.007947899
2018-03-09,1.3362546,0.005191982
2018-03-12,1.335163,0.0068052784
2018-03-13,1.3385956,0.0076483563
2018-03-14,1.3321315,0.0052967668
2018-03-15,1.3342694,0.005629644
2018-03-16,1.3331106,0.009793431
2018-03-19,1.3293211,0.005671762
2018-03-20,1.3268383,0.003187634
2018-03-21,1.3128501,0.00894361
2018-03-22,1.3142202,0.010227747
2018-03-23,1.3190435,0.021687828
2018-03-26,1.3082408,0.0057265535
2018-03-27,1.3144621,0.0059677437
2018-03-28,1.3168913,0.02292309
2018-03-29,1.314713,0.01743213
2018-03-30,1.315335,0.015409403
2018-04-02,1.3179595,0.040880322
2018-04-03,1.3175184,0.012480818
2018-04-04,1.3232324,0.011673264
2018-04-09,1.3257153,0.005230613
2018-04-10,1.3227959,0.018487386
2018-04-11,1.3183656,0.01205688
2018-04-12,1.315072,0.009804182
2018-04-13,1.3088897,0.012575924
2018-04-16,1.310957,0.014013752
2018-04-17,1.319183,0.016511545
2018-04-18,1.3113223,0.006233804
2018-04-19,1.3083594,0.018734217
2018-04-20,1.319554,0.013827153
2018-04-23,1.3186523,0.017807558
2018-04-24,1.308697,0.025852658
2018-04-25,1.3074336,0.016181484
2018-04-26,1.3059896,0.02101364
2018-04-27,1.3115191,0.01755993
2018-05-02,1.3104932,0.040880926
2018-05-03,1.3248107,0.00974866
2018-05-04,1.3290272,0.0055241883
2018-05-07,1.3264453,0.034635097
2018-05-08,1.330322,0.01530572
2018-05-09,1.3266962,0.0041840747
2018-05-10,1.3291241,0.008771986
2018-05-11,1.3319398,0.0064002797
2018-05-14,1.3286474,0.008284479
2018-05-15,1.3251631,0.005789429
2018-05-16,1.3282924,0.020287305
2018-05-17,1.331935,0.0292404
2018-05-18,1.334178,0.012746885
2018-05-21,1.3259194,0.0060904175
2018-05-22,1.323202,0.004851021
2018-05-23,1.321978,0.026981398
2018-05-24,1.3277347,0.010028183
2018-05-25,1.3227793,0.00398355
2018-05-28,1.3180568,0.01577241
2018-05-29,1.333011,0.005655363
2018-05-30,1.3267477,0.013475165
2018-05-31,1.3288122,0.022488937
2018-06-01,1.3331529,0.037534162
2018-06-04,1.3323859,0.007341273
2018-06-05,1.3289891,0.005237058
2018-06-06,1.3214873,0.0043049306
2018-06-07,1.3203174,0.006983556
2018-06-08,1.3295331,0.014727011
2018-06-11,1.3225031,0.017342359
2018-06-12,1.321397,0.014025055
2018-06-13,1.3172671,0.0098866075
2018-06-14,1.2888384,0.0066813156
2018-06-15,1.295148,0.003546998
2018-06-19,1.2891877,0.048700497
2018-06-20,1.2941974,0.010496303
2018-06-21,1.290876,0.015756778
2018-06-22,1.2886212,0.010863364
2018-06-25,1.275414,0.005803868
2018-06-26,1.269503,0.01159808
2018-06-27,1.2872623,0.019465871
2018-06-28,1.2759672,0.0091603175
2018-06-29,1.2742918,0.01584234
2018-07-02,1.2681001,0.038914777
2018-07-03,1.2597531,0.008394927
2018-07-04,1.2641023,0.008869857
2018-07-05,1.2785363,0.0026838258
2018-07-06,1.279496,0.012174495
2018-07-09,1.2703785,0.01971171
2018-07-10,1.2848512,0.0055237785
2018-07-11,1.2889392,0.013942264
2018-07-12,1.2897173,0.015297078
2018-07-13,1.285112,0.007168211
2018-07-16,1.2804403,0.0054392144
2018-07-17,1.2795547,0.011822417
2018-07-18,1.285996,0.022386894
2018-07-19,1.2879319,0.006155543
2018-07-20,1.2987075,0.02436772
2018-07-23,1.2977152,0.014120728
2018-07-24,1.2933713,0.020990618
2018-07-25,1.2918428,0.0057977214
2018-07-26,1.2849472,0.0097515285
2018-07-27,1.2863669,0.0074112713
2018-07-30,1.278052,0.006685801
2018-07-31,1.2664007,0.002766125
2018-08-01,1.2606786,0.08881264
2018-08-02,1.250541,0.015540987
2018-08-03,1.2606348,0.006784588
2018-08-06,1.2526172,0.0059693977
2018-08-07,1.264252,0.017501429
2018-08-08,1.266196,0.08291901
2018-08-09,1.2646508,0.013499975
2018-08-10,1.2615517,0.0803832
2018-08-13,1.2488867,0.009343997
2018-08-14,1.2410737,0.011884525
2018-08-15,1.2314647,0.011851922
2018-08-16,1.2347169,0.010756485
2018-08-17,1.2458153,0.112420306
2018-08-20,1.2423394,0.010205723
2018-08-21,1.2464288,0.025237441
2018-08-22,1.2432603,0.08439385
2018-08-23,1.2589741,0.053245835
2018-08-24,1.2588259,0.016063556
2018-08-27,1.2561649,0.02839809
2018-08-28,1.2503763,0.0066958442
2018-08-29,1.245626,0.011267766
2018-08-30,1.2450103,0.009475999
2018-08-31,1.2478827,0.006967254
2018-09-03,1.2401731,0.014828093
2018-09-04,1.2364976,0.0061376914
2018-09-05,1.2370626,0.017268546
2018-09-06,1.2281218,0.0050649494
2018-09-07,1.2276582,0.0123432055
2018-09-10,1.2227715,0.01088085
2018-09-11,1.2269585,0.008001827
2018-09-12,1.2273755,0.0071183518
2018-09-13,1.2222418,0.015657991
2018-09-14,1.232574,0.008492045
2018-09-17,1.2402954,0.0111451
2018-09-18,1.239492,0.021443024
2018-09-19,1.2530189,0.015962385
2018-09-20,1.2496043,0.003623329
2018-09-21,1.2568016,0.025412023
2018-09-25,1.2541664,0.011429846
2018-09-26,1.2584252,0.016105264
2018-09-27,1.2414676,0.012904376
2018-09-28,1.2381971,0.014833137
2018-10-08,1.2357371,0.08273388
2018-10-09,1.2067803,0.009723499
2018-10-10,1.2159622,0.007525079
2018-10-11,1.2101225,0.023229793
2018-10-12,1.2028028,0.025382333
2018-10-15,1.2036957,0.0051243603
2018-10-16,1.1937497,0.005517386
2018-10-17,1.2065518,0.0034291744
2018-10-18,1.2346001,0.015388429
2018-10-19,1.2206348,0.018279523
2018-10-22,1.2171094,0.029032841
2018-10-23,1.2155446,0.02629035
2018-10-24,1.2070465,0.006597042
2018-10-25,1.1867278,0.004741393
2018-10-26,1.1895297,0.0059911013
2018-10-29,1.1963013,0.017021276
2018-10-30,1.2026045,0.0069060326
2018-10-31,1.2244409,0.0075596943
2018-11-01,1.2192185,0.019799486
2018-11-02,1.2178613,0.024396904
2018-11-05,1.2155135,0.009301454
2018-11-06,1.2131525,0.0044792965
2018-11-07,1.2105793,0.0037594289
2018-11-08,1.2169145,0.005753383
2018-11-09,1.2255014,0.008086249
2018-11-12,1.2208658,0.004547335
2018-11-13,1.2294023,0.00504113
2018-11-14,1.2318155,0.0079208985
2018-11-15,1.2356484,0.013135135
2018-11-16,1.2246289,0.0011349991
2018-11-19,1.2267696,0.011218719
2018-11-20,1.2264816,0.010189071
2018-11-21,1.2119853,0.004069954
2018-11-22,1.2106177,0.0050972328
2018-11-23,1.2108788,0.011255018
2018-11-26,1.2171772,0.0017131492
2018-11-27,1.2127646,0.0037713125
2018-11-28,1.218105,0.005337827
2018-11-29,1.2335546,0.0051592067
2018-11-30,1.2353883,0.0066148937
2018-12-03,1.2349645,0.025238037
2018-12-04,1.2259532,0.001960799
2018-12-05,1.2247177,0.0045600906
2018-12-06,1.2217056,0.008335471
2018-12-07,1.2255484,0.005099967
2018-12-10,1.2258002,0.0047922507
2018-12-11,1.2331979,0.004844591
2018-12-12,1.2232747,0.0047858357
2018-12-13,1.2202386,0.014832601
2018-12-14,1.2170647,0.01170592
2018-12-17,1.2115054,0.0039173737
2018-12-18,1.2132161,0.0057684258
2018-12-19,1.2101678,0.02949018
2018-12-20,1.2137185,0.0027192384
2018-12-21,1.2112097,0.005396068
2018-12-24,1.2088728,0.005767472
2018-12-25,1.2052612,0.0034746602
2018-12-26,1.2099352,0.0037511066
2018-12-27,1.2054144,0.0074572936
2018-12-28,1.2051394,0.0116659105
2019-01-02,1.2148277,0.114633955
2019-01-03,1.219304,0.0051687956
2019-01-04,1.2174194,0.013588116
2019-01-07,1.2196811,0.008491963
2019-01-08,1.220034,0.002748765
2019-01-09,1.2240415,0.02597586
2019-01-10,1.2202646,0.016909719
2019-01-11,1.2307296,0.020095892
2019-01-14,1.2272975,0.023381993
2019-01-15,1.2251701,0.03397043
2019-01-16,1.2332729,0.010329172
2019-01-17,1.2359811,0.0052755997
2019-01-18,1.2290332,0.031722873
2019-01-21,1.2283622,0.015791439
2019-01-22,1.231783,0.023332097
2019-01-23,1.2317271,0.014638305
2019-01-24,1.2332314,0.005592607
2019-01-25,1.2328318,0.0074293986
2019-01-28,1.2291968,0.009518206
2019-01-29,1.2305776,0.012346484
2019-01-30,1.2426013,0.007686533
2019-01-31,1.2541077,0.034581438
2019-02-01,1.2576935,0.17798197
2019-02-11,1.2666137,0.015575878
2019-02-12,1.2698328,0.0061475486
2019-02-13,1.264973,0.019765422
2019-02-14,1.2847692,0.014198467
2019-02-15,1.2818937,0.026200503
2019-02-18,1.2840233,0.0262262
2019-02-19,1.2819012,0.017972179
2019-02-20,1.2922611,0.011209555
2019-02-21,1.3260306,0.012566499
2019-02-22,1.3148714,0.019275703
2019-02-25,1.3151351,0.03789618
2019-02-26,1.3131192,0.025186628
2019-02-27,1.3237139,0.015701577
2019-02-28,1.3274086,0.008374304
2019-03-01,1.3341932,0.088999964
2019-03-04,1.3389629,0.014090739
2019-03-05,1.3344952,0.0072550774
2019-03-06,1.3216279,0.029495262
2019-03-07,1.3368564,0.023601145
2019-03-08,1.342016,0.0214556
2019-03-11,1.3343211,0.022243463
2019-03-12,1.3293537,0.020836033
2019-03-13,1.3362063,0.027044937
2019-03-14,1.3603698,0.024900116
2019-03-15,1.3587509,0.009446815
2019-03-18,1.3593798,0.028072529
2019-03-19,1.3615,0.035220653
2019-03-20,1.3632298,0.0076382384
2019-03-21,1.3528448,0.015955776
2019-03-22,1.346092,0.0041262954
2019-03-25,1.3537936,0.059689283
2019-03-26,1.3521997,0.05484905
2019-03-27,1.3675191,0.016033389
2019-03-28,1.3846393,0.0047843084
2019-03-29,1.3815316,0.093703166
2019-04-01,1.386963,0.059842937
2019-04-02,1.3959348,0.03315839
2019-04-03,1.3973192,0.019927047
2019-04-04,1.3957947,0.024833202
2019-04-08,1.3959368,0.01909364
2019-04-09,1.3845242,0.021084584
2019-04-10,1.3810815,0.013723783
2019-04-11,1.3744059,0.024787284
2019-04-12,1.3857697,0.022359975
2019-04-15,1.3872573,0.014261931
2019-04-16,1.3842347,0.05197513
2019-04-17,1.3890967,0.026277266
2019-04-18,1.3825355,0.009093516
2019-04-19,1.3786718,0.011829101
2019-04-22,1.3806309,0.016713358
2019-04-23,1.3699223,0.023888513
2019-04-24,1.3667499,0.01843986
2019-04-25,1.3637695,0.0135348365
2019-04-26,1.3672737,0.025367491
2019-04-29,1.3373199,0.03473682
2019-04-30,1.3435583,0.03085424
2019-05-06,1.3396226,0.047320396
2019-05-07,1.3315365,0.025242046
2019-05-08,1.3511932,0.023883805
2019-05-09,1.3486766,0.015687652
2019-05-10,1.3484374,0.018496677
2019-05-13,1.3644462,0.005318135
2019-05-14,1.3729234,0.029309548
2019-05-15,1.3596547,0.06204453
2019-05-16,1.3503739,0.019988813
2019-05-17,1.3549765,0.022839002
2019-05-20,1.3496083,0.023041606
2019-05-21,1.3389521,0.011072539
2019-05-22,1.3398695,0.009914964
2019-05-23,1.348613,0.011393763
2019-05-24,1.350657,0.014599256
2019-05-27,1.3524625,0.0139789805
2019-05-28,1.3509603,0.046453103
2019-05-29,1.3511283,0.045780987
2019-05-30,1.3535321,0.016620025
2019-05-31,1.3496858,0.0058011934
2019-06-03,1.350074,0.0634388
2019-06-04,1.3419598,0.019276552
2019-06-05,1.3485396,0.012035541
2019-06-06,1.3688419,0.013844468
2019-06-10,1.3660966,0.035797626
2019-06-11,1.3666086,0.019207247
2019-06-12,1.364297,0.03473135
2019-06-13,1.3592492,0.0038490444
2019-06-14,1.3618389,0.016989268
2019-06-17,1.3668704,0.026062548
2019-06-18,1.3856874,0.007815786
2019-06-19,1.3901968,0.02339366
2019-06-20,1.3924001,0.021465823
2019-06-21,1.3919778,0.014077716
2019-06-24,1.3868759,0.043443047
2019-06-25,1.3926268,0.013574712
2019-06-26,1.3918682,0.0134579465
2019-06-27,1.404642,0.031928606
2019-06-28,1.4070197,0.0031479
2019-07-01,1.4078609,0.028614357
2019-07-02,1.4002848,0.013325594
2019-07-03,1.4064704,0.023031794
2019-07-04,1.392247,0.01969143
2019-07-05,1.3904697,0.010189608
2019-07-08,1.3891014,0.03541427
2019-07-09,1.3926802,0.009050623
2019-07-10,1.3951796,0.012808442
2019-07-11,1.3996494,0.017830275
2019-07-12,1.3970922,0.0047691837
2019-07-15,1.3952254,0.021050692
2019-07-16,1.3908241,0.018460289
2019-07-17,1.3980794,0.007912606
2019-07-18,1.3904966,0.0101331845
2019-07-19,1.3893727,0.024856754
2019-07-22,1.393782,0.031907372
2019-07-23,1.3982174,0.006600052
2019-07-24,1.3975377,0.015200064
2019-07-25,1.3994278,0.007041268
2019-07-26,1.4018165,0.016570173
2019-07-29,1.3991556,0.008739561
2019-07-30,1.3916442,0.014376424
2019-07-31,1.3915882,0.020677239
2019-08-01,1.3929493,0.032779455
2019-08-02,1.3859813,0.034497082
2019-08-05,1.387821,0.012628049
2019-08-06,1.39499,0.006377965
2019-08-07,1.3910974,0.002831474
2019-08-08,1.3990059,0.028401278
2019-08-09,1.4016526,0.010380119
2019-08-12,1.3994536,0.014782637
2019-08-13,1.4033982,0.025623918
2019-08-14,1.4072741,0.021115296
2019-08-15,1.4192482,0.0088221505
2019-08-16,1.4163456,0.026814327
2019-08-19,1.4153537,0.04898545
2019-08-20,1.4193779,0.04956674
2019-08-21,1.4209316,0.014330812
2019-08-22,1.4237033,0.010246187
2019-08-23,1.4332399,0.0049111918
2019-08-26,1.4349697,0.03373473
2019-08-27,1.4380364,0.08551491
2019-08-28,1.4346638,0.061767608
2019-08-29,1.4417835,0.008634426
2019-08-30,1.4436351,0.044465937
2019-09-02,1.4483579,0.015570946
2019-09-03,1.4535636,0.027377777
2019-09-04,1.4485319,0.03231655
2019-09-05,1.4532545,0.028816849
2019-09-06,1.4492157,0.026654065
2019-09-09,1.4426796,0.028706461
2019-09-10,1.4459499,0.015261501
2019-09-11,1.4445453,0.019489124
2019-09-12,1.4346236,0.015779749
2019-09-16,1.439911,0.016156733
2019-09-17,1.4424992,0.016838484
2019-09-18,1.4439956,0.028736822
2019-09-19,1.4407818,0.0041786134
2019-09-20,1.4427625,0.061030477
2019-09-23,1.4384776,0.081796676
2019-09-24,1.426143,0.023464844
2019-09-25,1.4261097,0.021465816
2019-09-26,1.4191787,0.027344078
2019-09-27,1.4235585,0.007853419
2019-09-30,1.4277999,0.008694731
2019-10-08,1.4323285,0.0387215
2019-10-09,1.4355532,0.027677491
2019-10-10,1.437372,0.013907932
2019-10-11,1.4351848,0.02274847
2019-10-14,1.4297962,0.009064332
2019-10-15,1.4312496,0.008683585
2019-10-16,1.4240966,0.016727224
2019-10-17,1.4249104,0.008717023
2019-10-18,1.4275156,0.025322482
2019-10-21,1.4243449,0.022803113
2019-10-22,1.4221444,0.010451466
2019-10-23,1.4319329,0.023398459
2019-10-24,1.4372905,0.01102756
2019-10-25,1.4329923,0.03610316
2019-10-28,1.4277294,0.0107657015
2019-10-29,1.4277635,0.0079122335
2019-10-30,1.4359276,0.0121158585
2019-10-31,1.4378651,0.024100319
2019-11-01,1.440657,0.04298427
2019-11-04,1.4330353,0.01323206
2019-11-05,1.4367594,0.018513165
2019-11-06,1.4305993,0.021663748
2019-11-07,1.4205402,0.008322187
2019-11-08,1.4191285,0.008148491
2019-11-11,1.422159,0.015996724
2019-11-12,1.4245963,0.005882293
2019-11-13,1.4197065,0.0177809
2019-11-14,1.4228457,0.015247755
2019-11-15,1.4313833,0.02333448
2019-11-18,1.4285203,0.0084871575
2019-11-19,1.4265838,0.009600289
2019-11-20,1.4184325,0.016447313
2019-11-21,1.4173316,0.0053230226
2019-11-22,1.4184284,0.015052952
2019-11-25,1.4194306,0.028350368
2019-11-26,1.4177814,0.054382168
2019-11-27,1.4119054,0.05887565
2019-11-28,1.4146718,0.0065339804
2019-11-29,1.4169915,0.01740846
2019-12-02,1.4205811,0.034703203
2019-12-03,1.423681,0.0050623342
2019-12-04,1.4274793,0.014122352
2019-12-05,1.424808,0.017072976
2019-12-06,1.4253021,0.007127844
2019-12-09,1.4196703,0.0073651746
2019-12-10,1.4189203,0.0057241097
2019-12-11,1.4258051,0.009779781
2019-12-12,1.4311767,0.013142712
2019-12-13,1.4403725,0.011638492
2019-12-16,1.4387662,0.02456659
2019-12-17,1.4375376,0.04230927
2019-12-18,1.4360055,0.020899057
2019-12-19,1.4278308,0.0067050382
2019-12-20,1.4339727,0.0038253814
2019-12-23,1.435772,0.019305795
2019-12-24,1.4389781,0.0092668235
2019-12-25,1.4399276,0.0031833947
2019-12-26,1.4495027,0.006461747
2019-12-27,1.4539441,0.021657191
2019-12-30,1.4595858,0.01635474
2019-12-31,1.4619892,0.029435322
2020-01-02,1.4675958,0.12745416
2020-01-03,1.4734203,0.028381057
2020-01-06,1.4712406,0.010945328
2020-01-07,1.4717598,0.006544672
2020-01-08,1.4719323,0.018817395
2020-01-09,1.4798717,0.03912413
2020-01-10,1.4740293,0.0153301135
2020-01-13,1.4736027,0.022454813
2020-01-14,1.4739182,0.01685609
2020-01-15,1.4719379,0.013602011
2020-01-16,1.4766952,0.009528488
2020-01-17,1.4689748,0.007967092
2020-01-20,1.4691396,0.0056805834
2020-01-21,1.4514548,0.048863143
2020-01-22,1.408812,0.024989903
2020-01-23,1.4228694,0.05123943
2020-02-03,1.4338509,0.20941725
2020-02-04,1.4527942,0.010888636
2020-02-05,1.4585679,0.012064673
2020-02-06,1.5070348,0.028120428
2020-02-07,1.5108551,0.032079056
2020-02-10,1.5249885,0.0038036332
2020-02-11,1.5270367,0.008828983
2020-02-12,1.5314784,0.002952315
2020-02-13,1.5551972,0.0043419376
2020-02-14,1.5655224,0.008521296
2020-02-17,1.5725756,0.008890562
2020-02-18,1.5942942,0.03080403
2020-02-19,1.6083945,0.01807604
2020-02-20,1.6244766,0.007631436
2020-02-21,1.6282929,0.015471749
2020-02-24,1.5994244,0.022220328
2020-02-25,1.5946575,0.017745197
2020-02-26,1.5488245,0.008168727
2020-02-27,1.5717281,0.0066249818
2020-02-28,1.5757924,0.0145467
2020-03-02,1.5769522,0.19300613
2020-03-03,1.5970724,0.016566813
2020-03-04,1.5920475,0.016616262
2020-03-05,1.552836,0.044317156
2020-03-06,1.5761951,0.10347689
2020-03-09,1.5631558,0.046649538
2020-03-10,1.5501269,0.074809045
2020-03-11,1.537615,0.05667209
2020-03-12,1.4919878,0.012750782
2020-03-13,1.475243,0.022901736
2020-03-16,1.4735665,0.018845871
2020-03-17,1.4757544,0.0112039745
2020-03-18,1.4860948,0.013072073
2020-03-19,1.4523647,0.013752885
2020-03-20,1.4821883,0.037321836
2020-03-23,1.5048059,0.040215343
2020-03-24,1.4951179,0.050113358
2020-03-25,1.4976349,0.007999435
2020-03-26,1.4832399,0.03782899
2020-03-27,1.4897964,0.026164547
2020-03-30,1.4861883,0.020327508
2020-03-31,1.5129906,0.021021836
2020-04-01,1.5101457,0.03648281
2020-04-02,1.5406114,0.020196892
2020-04-03,1.5372094,0.033642232
2020-04-07,1.5379833,0.08191023
2020-04-08,1.5258402,0.06980362
2020-04-09,1.5140117,0.0061050653
2020-04-10,1.5356904,0.007991217
2020-04-13,1.5342929,0.006345652
2020-04-14,1.5408766,0.08989723
2020-04-15,1.5449218,0.05397468
2020-04-16,1.5482548,0.0166758
2020-04-17,1.5387446,0.039871424
2020-04-20,1.5497179,0.025866397
2020-04-21,1.550338,0.0142321065
2020-04-22,1.5435401,0.026164941
2020-04-23,1.540156,0.007822573
2020-04-24,1.5510784,0.01884652
2020-04-27,1.5477611,0.007874213
2020-04-28,1.5748641,0.0101813525
2020-04-29,1.5938759,0.014739588
2020-04-30,1.5911577,0.030990861
2020-05-06,1.6016861,0.03559459
2020-05-07,1.5949566,0.016864978
2020-05-08,1.6004719,0.02720233
2020-05-11,1.6051701,0.010797806
2020-05-12,1.6009947,0.006341949
2020-05-13,1.6123269,0.010727525
2020-05-14,1.6134092,0.011143699
2020-05-15,1.6251905,0.014765069
2020-05-18,1.6198815,0.011685461
2020-05-19,1.6046278,0.009740159
2020-05-20,1.5875139,0.011028975
2020-05-21,1.5854558,0.01419989
2020-05-22,1.5992177,0.030105032
2020-05-25,1.5858526,0.01760567
2020-05-26,1.585583,0.006961003
2020-05-27,1.5889497,0.01356633
2020-05-28,1.6212184,0.010212138
2020-05-29,1.6213458,0.012837999
2020-06-01,1.6173881,0.05009295
2020-06-02,1.6143507,0.023526281
2020-06-03,1.6203357,0.023488894
2020-06-04,1.616607,0.009519681
2020-06-05,1.6231382,0.011304274
2020-06-08,1.6256949,0.010644868
2020-06-09,1.6201155,0.024772689
2020-06-10,1.6190424,0.018195942
2020-06-11,1.6084958,0.009851381
2020-06-12,1.6189439,0.005144581
2020-06-15,1.6193693,0.02329135
2020-06-16,1.6279098,0.034761697
2020-06-17,1.6408159,0.02919434
2020-06-18,1.6546403,0.037227616
2020-06-19,1.6590327,0.059230268
2020-06-22,1.6706662,0.051923037
2020-06-23,1.6629794,0.010456175
2020-06-24,1.677671,0.012376986
2020-06-29,1.6958178,0.017631955
2020-06-30,1.7130176,0.0071688965
2020-07-01,1.7227501,0.020793691
2020-07-02,1.7824645,0.08173487
2020-07-03,1.7859033,0.008866467
2020-07-06,1.8041193,0.03695099
2020-07-07,1.8301425,0.010600209
2020-07-08,1.825492,0.03180463
2020-07-09,1.8619514,0.028173663
2020-07-10,1.8521837,0.051072925
2020-07-13,1.8335325,0.057380058
2020-07-14,1.7703277,0.08533102
2020-07-15,1.773959,0.038403578
2020-07-16,1.7985843,0.052736238
2020-07-17,1.8045694,0.041481145
2020-07-20,1.8251761,0.029411383
2020-07-21,1.8248731,0.011672065
2020-07-22,1.7829773,0.024006367
2020-07-23,1.7956322,0.031525396
2020-07-24,1.8063494,0.046427153
2020-07-27,1.8338796,0.043741487
2020-07-28,1.827171,0.024590798
2020-07-29,1.842457,0.041556872
2020-07-30,1.8615328,0.064516515
2020-07-31,1.852715,0.013212375
2020-08-03,1.8739154,0.037805684
2020-08-04,1.8706518,0.009396769
2020-08-05,1.8553357,0.016325556
2020-08-06,1.8550988,0.004295893
2020-08-07,1.8361155,0.0057292953
2020-08-10,1.80433,0.013647564
2020-08-11,1.8105744,0.038175106
2020-08-12,1.8299679,0.016824797
2020-08-13,1.8497303,0.008039482
2020-08-14,1.8612173,0.043328606
2020-08-17,1.8388184,0.013314776
2020-08-18,1.8186115,0.042774044
2020-08-19,1.8235554,0.026239358
2020-08-20,1.8304338,0.024000831
2020-08-21,1.829619,0.03160236
2020-08-24,1.8122952,0.008890539
2020-08-25,1.8301301,0.010122001
2020-08-26,1.8497186,0.023988247
2020-08-27,1.8463645,0.009167358
2020-08-28,1.8532126,0.036831073
2020-08-31,1.8456408,0.059751235
2020-09-01,1.8367205,0.0409716
2020-09-02,1.832717,0.023451544
2020-09-03,1.8051394,0.036583737
2020-09-04,1.7999645,0.028964743
2020-09-07,1.770104,0.008512825
2020-09-08,1.7693533,0.049958244
2020-09-09,1.783823,0.046409734
2020-09-10,1.7885354,0.0205554
2020-09-11,1.7957745,0.012966722
2020-09-14,1.7871315,0.0494826
2020-09-15,1.7819804,0.0344897
2020-09-16,1.8001226,0.015123151
2020-09-17,1.7924181,0.012717791
2020-09-18,1.7729621,0.046691865
2020-09-21,1.7723523,0.069558874
2020-09-22,1.7509104,0.030967124
2020-09-23,1.7535149,0.0039869472
2020-09-24,1.7495217,0.047668643
2020-09-25,1.7611792,0.035269164
2020-09-28,1.7583607,0.010975659
2020-09-29,1.7807424,0.005782895
2020-09-30,1.8192666,0.015376575
2020-10-09,1.8210189,0.066635124
2020-10-12,1.8069831,0.027807347
2020-10-13,1.7998966,0.009215809
2020-10-14,1.7947004,0.045813672
2020-10-15,1.785263,0.0072296485
2020-10-16,1.7954347,0.005307168
2020-10-19,1.7879916,0.01656185
2020-10-20,1.7864233,0.010519482
2020-10-21,1.767189,0.036915764
2020-10-22,1.7607392,0.016822696
2020-10-23,1.7680875,0.011088237
2020-10-26,1.7774853,0.012249887
2020-10-27,1.7803867,0.01674392
2020-10-28,1.7652597,0.026208296
2020-10-29,1.7759471,0.009975173
2020-10-30,1.7895948,0.046919458
2020-11-02,1.7923188,0.061895296
2020-11-03,1.8064951,0.0137625635
2020-11-04,1.8101293,0.013573118
2020-11-05,1.8447167,0.0470118
2020-11-06,1.8273115,0.028634287
2020-11-09,1.8056438,0.045650117
2020-11-10,1.8057742,0.047560647
2020-11-11,1.8005396,0.012077361
2020-11-12,1.8577299,0.019882374
2020-11-13,1.850213,0.033008136
2020-11-16,1.8411809,0.032976463
2020-11-17,1.8500626,0.01151748
2020-11-18,1.8530623,0.007776186
2020-11-19,1.8597333,0.007093556
2020-11-20,1.8493061,0.019359827
2020-11-23,1.8268027,0.035446733
2020-11-24,1.8249657,0.030345842
2020-11-25,1.83314,0.010667153
2020-11-26,1.8198669,0.030304
2020-11-27,1.8422304,0.0063541457
2020-11-30,1.8541878,0.017996632
2020-12-01,1.8581203,0.03932152
2020-12-02,1.8671091,0.06688146
2020-12-03,1.8640924,0.025192924
2020-12-04,1.8684125,0.011408083
2020-12-07,1.843346,0.028749146
2020-12-08,1.8437549,0.03029184
2020-12-09,1.8357564,0.01118467
2020-12-10,1.851752,0.0067712814
2020-12-11,1.8497951,0.023073576
2020-12-14,1.8477027,0.0230271
2020-12-15,1.863191,0.0099193305
2020-12-16,1.8575864,0.012264006
2020-12-17,1.882212,0.023477167
2020-12-18,1.8541663,0.03983725
2020-12-21,1.8694307,0.024899326
2020-12-22,1.8601227,0.038910404
2020-12-23,1.8649583,0.035174318
2020-12-24,1.8658547,0.010554403
2020-12-25,1.8623348,0.009762481
2020-12-28,1.8782468,0.021377385
2020-12-29,1.902813,0.024505839
2020-12-30,1.939667,0.010295071
2020-12-31,1.9794506,0.029576257
2021-01-04,1.9774245,0.046376638
2021-01-05,1.9817938,0.019515328
2021-01-06,1.9693418,0.016031563
2021-01-07,1.9561572,0.02830571
2021-01-08,1.9857185,0.03712844
2021-01-11,1.9874321,0.028996885
2021-01-12,1.9790756,0.02128759
2021-01-13,1.9654979,0.014861204
2021-01-14,1.9915981,0.02539441
2021-01-15,1.9683188,0.018148333
2021-01-18,1.9845845,0.008220807
2021-01-19,2.001545,0.012671314
2021-01-20,1.9990108,0.0069115087
2021-01-21,2.0102513,0.012567788
2021-01-22,1.9867704,0.019414656
2021-01-25,1.9778223,0.02118358
2021-01-26,1.9411997,0.020185426
2021-01-27,1.9322097,0.010666929
2021-01-28,1.9424577,0.029401474
2021-01-29,1.9602442,0.03807675
2021-02-01,1.9424255,0.061370634
2021-02-02,1.9338143,0.010496527
2021-02-03,1.9177122,0.018123068
2021-02-04,1.9429655,0.015505694
2021-02-05,1.9773858,0.010252632
2021-02-08,2.0008602,0.010959268
2021-02-09,1.9918208,0.03498949
2021-02-10,1.9987838,0.023935966
2021-02-18,1.9598494,0.023388766
2021-02-19,1.9542143,0.013275869
2021-02-22,1.9304883,0.04159522
2021-02-23,1.9200017,0.0060786605
2021-02-24,1.886235,0.014898516
2021-02-25,1.9130759,0.007392332
2021-02-26,1.8975993,0.026069283
2021-03-01,1.9122857,0.06858205
2021-03-02,1.8682283,0.049433365
2021-03-03,1.8625095,0.07849207
2021-03-04,1.8152217,0.0713655
2021-03-05,1.7723533,0.037356615
2021-03-08,1.780517,0.059857406
2021-03-09,1.8176352,0.06585784
2021-03-10,1.8079073,0.013602197
2021-03-11,1.7735121,0.015288807
2021-03-12,1.7786102,0.029295757
2021-03-15,1.7966772,0.035170294
2021-03-16,1.8091342,0.011146076
2021-03-17,1.7877475,0.024581164
2021-03-18,1.7964526,0.019100443
2021-03-19,1.7907084,0.037711345
2021-03-22,1.7745641,0.053988054
2021-03-23,1.778491,0.05890704
2021-03-24,1.8030281,0.046707384
2021-03-25,1.8047547,0.014087059
2021-03-26,1.8087304,0.029537655
2021-03-29,1.7989433,0.05239582
2021-03-30,1.8284999,0.0535831
2021-03-31,1.8644491,0.060420744
2021-04-01,1.8568034,0.024095707
2021-04-02,1.8513997,0.015684374
2021-04-06,1.8527031,0.0070427284
2021-04-07,1.8388013,0.017132089
2021-04-08,1.8169237,0.0071402043
2021-04-09,1.8144361,0.008050822
2021-04-12,1.826214,0.022947103
2021-04-13,1.8217179,0.025353998
2021-04-14,1.8323401,0.012455776
2021-04-15,1.8582311,0.034438036
2021-04-16,1.8542106,0.040159926
2021-04-19,1.860264,0.03247582
2021-04-20,1.8667222,0.05127693
2021-04-21,1.8777951,0.013880968
2021-04-22,1.8646996,0.006301135
2021-04-23,1.8657734,0.03646078
2021-04-26,1.8766645,0.021112695
2021-04-27,1.8883065,0.004650317
2021-04-28,1.884377,0.0070404634
2021-04-29,1.8684473,0.011672579
2021-04-30,1.843303,0.04137826
2021-05-06,1.8319906,0.014795467
2021-05-07,1.8418443,0.010261238
2021-05-10,1.8568735,0.028369837
2021-05-11,1.8481911,0.04404144
2021-05-12,1.876641,0.022915259
2021-05-13,1.897952,0.031948075
2021-05-14,1.8962442,0.06789592
2021-05-17,1.900742,0.03409472
2021-05-18,1.9056602,0.006209083
2021-05-19,1.894737,0.0048370436
2021-05-20,1.9059331,0.016006455
2021-05-21,1.9399477,0.002393879
2021-05-24,1.9395072,0.014461212
2021-05-25,1.9594338,0.06330197
2021-05-26,1.9493265,0.021002434
2021-05-27,1.9710032,0.030647181
2021-05-28,1.9825422,0.050925627
2021-05-31,1.9604338,0.025025941
2021-06-01,1.951287,0.023244664
2021-06-02,1.9629911,0.01762639
2021-06-03,1.9696136,0.01406309
2021-06-04,1.9551486,0.011795297
2021-06-07,1.9618391,0.027144097
2021-06-08,1.9752482,0.011729389
2021-06-09,1.9636849,0.01349891
2021-06-10,1.9543068,0.020378582
2021-06-11,1.9275223,0.04306502
2021-06-15,1.9605918,0.01580517
2021-06-16,1.9624366,0.014052793
2021-06-17,1.9660146,0.009998992
2021-06-18,1.9709865,0.010432839
2021-06-21,1.9850018,0.004081689
2021-06-22,1.9753467,0.0070548207
2021-06-23,1.9277483,0.038561553
2021-06-24,1.9403725,0.023940742
2021-06-25,1.9280623,0.04634878
2021-06-28,1.9464992,0.067153044
2021-06-29,1.9420795,0.006913595
2021-06-30,1.9122072,0.0041745156
2021-07-01,1.9321089,0.045534797
2021-07-02,1.9208778,0.027438402
2021-07-05,1.9403502,0.045121826
2021-07-06,1.9475311,0.023412943
2021-07-07,1.9357283,0.018056057
2021-07-08,1.950775,0.021311864
2021-07-09,1.9508388,0.0041235983
2021-07-12,1.9379976,0.008649722
2021-07-13,1.9516901,0.011752211
2021-07-14,1.9335655,0.041993156
2021-07-15,1.92824,0.06436043
2021-07-16,1.9379358,0.053055428
2021-07-19,1.9586874,0.025753796
2021-07-20,1.9631389,0.0053479373
2021-07-21,1.9527028,0.012902662
2021-07-22,1.9239694,0.0186164
2021-07-23,1.894031,0.04010307
2021-07-26,1.8864633,0.034089237
2021-07-27,1.926859,0.020626418
2021-07-28,1.9231614,0.041032217
2021-07-29,1.9392586,0.027680308
2021-07-30,1.9229506,0.014893249
2021-08-02,1.9447556,0.057849497
2021-08-03,1.9380506,0.016296886
2021-08-04,1.931084,0.014705978
2021-08-05,1.9262966,0.029226117
2021-08-06,1.9416525,0.00931561
2021-08-09,1.9356406,0.02856519
2021-08-10,1.9340838,0.010970399
2021-08-11,1.9192642,0.011513069
2021-08-12,1.9226635,0.010786936
2021-08-13,1.8860475,0.011083111
2021-08-16,1.8909388,0.016915314
2021-08-17,1.8959671,0.03354886
2021-08-18,1.8794056,0.009121321
2021-08-19,1.8999683,0.0507026
2021-08-20,1.9196095,0.013438851
2021-08-23,1.9175533,0.05319442
2021-08-24,1.8901039,0.03185194
2021-08-25,1.8963227,0.012869179
2021-08-26,1.8948381,0.021857306
2021-08-27,1.8788288,0.022960193
2021-08-30,1.88644,0.02259124
2021-08-31,1.8742968,0.028137848
2021-09-01,1.8743305,0.02158346
2021-09-02,1.901449,0.012378246
2021-09-03,1.9118257,0.0116386935
2021-09-06,1.8972597,0.015513144
2021-09-07,1.8945498,0.017796509
2021-09-08,1.9181408,0.02425883
2021-09-09,1.8949184,0.014529049
2021-09-10,1.8877492,0.01968512
2021-09-13,1.8772337,0.024992779
2021-09-14,1.8568838,0.0093316585
2021-09-15,1.8628677,0.015719816
2021-09-16,1.8630605,0.025666296
2021-09-17,1.8734727,0.010040313
2021-09-22,1.8766208,0.012750879
2021-09-23,1.8848741,0.015890151
2021-09-24,1.8769195,0.027312666
2021-09-27,1.8617085,0.01831165
2021-09-28,1.8710295,0.015096724
2021-09-29,1.8839303,0.026916012
2021-09-30,1.8784482,0.017687246
2021-10-08,1.8551635,0.049382836
2021-10-11,1.8775091,0.013422772
2021-10-12,1.8810289,0.02411823
2021-10-13,1.8933032,0.008748397
2021-10-14,1.8704708,0.013831243
2021-10-15,1.8893493,0.021110624
2021-10-18,1.8868979,0.046851292
2021-10-19,1.8814203,0.056913853
2021-10-20,1.8952825,0.005996838
2021-10-21,1.9034557,0.023970082
2021-10-22,1.8994695,0.01965633
2021-10-25,1.8834801,0.043390237
2021-10-26,1.8850877,0.00546667
2021-10-27,1.9069403,0.019461043
2021-10-28,1.9066569,0.042060316
2021-10-29,1.9115925,0.011880912
2021-11-01,1.9054449,0.056454696
2021-11-02,1.9245906,0.0064220503
2021-11-03,1.9212449,0.012942225
2021-11-04,1.9185941,0.012694076
2021-11-05,1.9295275,0.012419343
2021-11-08,1.9221165,0.0061562955
2021-11-09,1.9424281,0.013207898
2021-11-10,1.9422038,0.04550852
2021-11-11,1.9358915,0.07977174
2021-11-12,1.9340843,0.026189722
2021-11-15,1.9358343,0.015594237
2021-11-16,1.9281758,0.014226638
2021-11-17,1.9411248,0.018274225
2021-11-18,1.9578525,0.026992865
2021-11-19,1.9501615,0.05460988
2021-11-22,1.9499321,0.02796749
2021-11-23,1.9477714,0.022615433
2021-11-24,1.9363856,0.010317542
2021-11-25,1.9411498,0.0074081942
2021-11-26,1.9377861,0.027253173
2021-11-29,1.9345006,0.02729319
2021-11-30,1.9288129,0.027040213
2021-12-01,1.9510173,0.027363718
2021-12-02,1.9368056,0.0055113807
2021-12-03,1.9282994,0.028044865
2021-12-06,1.9550418,0.023276478
2021-12-07,1.969652,0.030742876
2021-12-08,1.9682275,0.016965777
2021-12-09,1.9710015,0.012577981
2021-12-10,1.9692053,0.014080644
2021-12-13,1.9505974,0.019203074
2021-12-14,1.954099,0.009573378
2021-12-15,1.930651,0.020958051
2021-12-16,1.9120536,0.016541198
2021-12-17,1.9177073,0.052408755
2021-12-20,1.9248824,0.030422606
2021-12-21,1.9362608,0.007380381
2021-12-22,1.9353203,0.006310433
2021-12-23,1.9315742,0.021851055
2021-12-24,1.9385542,0.012303971
2021-12-27,1.9144198,0.003300652
2021-12-28,1.9327321,0.011394098
2021-12-29,1.9392916,0.014482856
2021-12-30,1.9298542,0.028487876
2021-12-31,1.902413,0.0178499
2022-01-04,1.8885548,0.077889435
2022-01-05,1.8750504,0.015488848
2022-01-06,1.8761336,0.026250504
2022-01-07,1.8576787,0.04380335
2022-01-10,1.8763961,0.009721443
2022-01-11,1.8532145,0.04146856
2022-01-12,1.8558325,0.029505596
2022-01-13,1.8727216,0.024754427
2022-01-14,1.8815241,0.010276027
2022-01-17,1.863384,0.011192888
2022-01-18,1.866152,0.015438288
2022-01-19,1.8532208,0.011900499
2022-01-20,1.859615,0.027566016
2022-01-21,1.8256246,0.015862912
2022-01-24,1.8335929,0.021545693
2022-01-25,1.7950076,0.026792072
2022-01-26,1.7800055,0.01247441
2022-01-27,1.793493,0.055545643
2022-01-28,1.7778891,0.020061918
2022-02-07,1.7965236,0.13013321
2022-02-08,1.7947106,0.029763825
2022-02-09,1.7754449,0.013305321
2022-02-10,1.773447,0.01851999
2022-02-11,1.8000156,0.020777926
2022-02-14,1.7950472,0.03494799
2022-02-15,1.8030014,0.017155014
2022-02-16,1.8079329,0.01207912
2022-02-17,1.8046051,0.014725089
2022-02-18,1.7949373,0.017412573
2022-02-21,1.8245255,0.036077403
2022-02-22,1.811113,0.025027364
2022-02-23,1.8203933,0.04474902
2022-02-24,1.8230689,0.03418939
2022-02-25,1.832872,0.038424008
2022-02-28,1.8257152,0.016076632
2022-03-01,1.8064082,0.10557185
2022-03-02,1.8031437,0.01883427
2022-03-03,1.7668662,0.020643815
2022-03-04,1.7469949,0.022277229
2022-03-07,1.7462683,0.072146945
2022-03-08,1.7550044,0.021029808
2022-03-09,1.764897,0.025615633
2022-03-10,1.7233207,0.038592122
2022-03-11,1.6648407,0.011117987
2022-03-14,1.7031436,0.049774222
2022-03-15,1.7296015,0.033645093
2022-03-16,1.733459,0.06410253
2022-03-17,1.7387011,0.031346247
2022-03-18,1.7294486,0.021676868
2022-03-21,1.7332836,0.077300034
2022-03-22,1.7228845,0.031399943
2022-03-23,1.7054145,0.008195423
2022-03-24,1.6905528,0.0067503154
2022-03-25,1.678695,0.029182225
2022-03-28,1.7092015,0.04226403
2022-03-29,1.692203,0.029894821
2022-03-30,1.7010746,0.07883097
2022-03-31,1.6825193,0.06266849
2022-04-01,1.6597985,0.057039022
2022-04-06,1.6603096,0.035046965
2022-04-07,1.6216711,0.019273214
2022-04-08,1.643912,0.012431607
2022-04-11,1.6252282,0.028608166
2022-04-12,1.6474853,0.053401686
2022-04-13,1.644912,0.035323545
2022-04-14,1.661961,0.010829575
2022-04-15,1.6505697,0.0070628673
2022-04-18,1.6308036,0.010423198
2022-04-19,1.6092142,0.011759296
2022-04-20,1.5984133,0.013365015
2022-04-21,1.5298984,0.0108077
2022-04-22,1.512448,0.022762753
2022-04-25,1.5556196,0.045713447
2022-04-26,1.553683,0.020337708
2022-04-27,1.5922037,0.016202599
2022-04-28,1.5955079,0.016579993
2022-04-29,1.5683427,0.021977618
2022-05-05,1.5667661,0.055587173
2022-05-06,1.5903192,0.007729307
2022-05-09,1.6110038,0.002057314
2022-05-10,1.618579,0.027148277
2022-05-11,1.6192272,0.030395791
2022-05-12,1.6043336,0.030455396
2022-05-13,1.6238111,0.018685073
2022-05-16,1.6210108,0.032231018
2022-05-17,1.6324258,0.051431432
2022-05-18,1.6508297,0.030849412
2022-05-19,1.650117,0.037461877
2022-05-20,1.6135621,0.04530803
2022-05-23,1.6198663,0.08298748
2022-05-24,1.621446,0.024165466
2022-05-25,1.6198289,0.058095858
2022-05-26,1.62778,0.02017758
2022-05-27,1.654156,0.034112856
2022-05-30,1.6498442,0.023674205
2022-05-31,1.673114,0.03202588
2022-06-01,1.7005847,0.053355984
2022-06-02,1.6951779,0.01066827
2022-06-06,1.7030271,0.03533958
2022-06-07,1.6808026,0.02465278
2022-06-08,1.6990795,0.013048917
2022-06-09,1.6892227,0.012660779
2022-06-10,1.6827903,0.038622722
2022-06-13,1.6854321,0.11423916
2022-06-14,1.6959908,0.086460136
2022-06-15,1.7089214,0.041001886
2022-06-16,1.7160639,0.041802853
2022-06-17,1.7073019,0.02567289
2022-06-20,1.6861396,0.08346075
2022-06-21,1.7083888,0.03875514
2022-06-22,1.7237417,0.03159903
2022-06-23,1.7411966,0.07891302
2022-06-24,1.7667614,0.011491537
2022-06-27,1.7414747,0.015940316
2022-06-28,1.7683718,0.019982532
2022-06-29,1.7597109,0.0361282
2022-06-30,1.7586384,0.011949979
2022-07-01,1.7576095,0.06648807
2022-07-04,1.7462485,0.027759984
2022-07-05,1.7461045,0.022801533
2022-07-06,1.7441086,0.016904846
2022-07-07,1.7209138,0.011868902
2022-07-08,1.6980784,0.006288722
2022-07-11,1.6971666,0.017258152
2022-07-12,1.7052016,0.026393116
2022-07-13,1.6922662,0.0091678575
2022-07-14,1.6981094,0.025873177
2022-07-15,1.6929935,0.050563596
2022-07-18,1.70364,0.05087825
2022-07-19,1.7022771,0.06259818
2022-07-20,1.6992122,0.06103895
2022-07-21,1.6923105,0.03259016
2022-07-22,1.7029891,0.021497399
2022-07-25,1.7000297,0.034807928
2022-07-26,1.7094721,0.050866917
2022-07-27,1.691722,0.05264151
2022-07-28,1.7033308,0.028944395
2022-07-29,1.6902813,0.028521053
2022-08-01,1.6921943,0.047178842
2022-08-02,1.7061511,0.031579696
2022-08-03,1.745334,0.00831005
2022-08-04,1.7375387,0.017394751
2022-08-05,1.7433926,0.031085446
2022-08-08,1.7303482,0.025781505
2022-08-09,1.7516559,0.0132554695
2022-08-10,1.7421722,0.022292249
2022-08-11,1.7401401,0.095364936
2022-08-12,1.7360417,0.035603255
2022-08-15,1.7401695,0.016989969
2022-08-16,1.7390436,0.021481484
2022-08-17,1.7209421,0.03455963
2022-08-18,1.7254106,0.0571618
2022-08-19,1.7219548,0.033370808
2022-08-22,1.6913363,0.022460371
2022-08-23,1.6956681,0.07278391
2022-08-24,1.6913819,0.022416905
2022-08-25,1.6582588,0.040380143
2022-08-26,1.6591996,0.015932202
2022-08-29,1.6458375,0.022770502
2022-08-30,1.6352988,0.03614326
2022-08-31,1.6347414,0.053689726
2022-09-01,1.630951,0.038762763
2022-09-02,1.6452514,0.015558682
2022-09-05,1.649508,0.027878113
2022-09-06,1.6455132,0.02006369
2022-09-07,1.6491512,0.014137678
2022-09-08,1.6506577,0.01860366
2022-09-09,1.6437247,0.07204112
2022-09-13,1.6182209,0.047385074
2022-09-14,1.5998915,0.028179243
2022-09-15,1.5914171,0.022386938
2022-09-16,1.5957313,0.017176434
2022-09-19,1.5850242,0.02521602
2022-09-20,1.5783306,0.013894483
2022-09-21,1.5680149,0.014181979
2022-09-22,1.5607308,0.005850792
2022-09-23,1.5835994,0.015451126
2022-09-26,1.5630858,0.018354893
2022-09-27,1.567079,0.008744203
2022-09-28,1.552055,0.0350618
2022-09-29,1.5144837,0.03126818
2022-09-30,1.5114589,0.023911655
2022-10-10,1.5372567,0.0380124
2022-10-11,1.5348352,0.009113118
2022-10-12,1.5620806,0.010606065
2022-10-13,1.5658228,0.009125665
2022-10-14,1.5626825,0.06273737
2022-10-17,1.5468044,0.042664252
2022-10-18,1.5531787,0.013177782
2022-10-19,1.5477427,0.009973593
2022-10-20,1.5340617,0.0048617125
2022-10-21,1.5321499,0.008258641
2022-10-24,1.550719,0.03573893
2022-10-25,1.542488,0.03408467
2022-10-26,1.5194888,0.01178816
2022-10-27,1.5247798,0.012423202
2022-10-28,1.5534371,0.023630083
2022-10-31,1.5636265,0.029201254
2022-11-01,1.5671562,0.08841791
2022-11-02,1.5976574,0.058492064
2022-11-03,1.5959485,0.00843592
2022-11-04,1.5864921,0.06392226
2022-11-07,1.5841565,0.06474398
2022-11-08,1.5745127,0.007843696
2022-11-09,1.5907956,0.011998996
2022-11-10,1.5861137,0.0144065395
2022-11-11,1.6195717,0.07953934
2022-11-14,1.6087862,0.030363984
2022-11-15,1.6152855,0.03127761
2022-11-16,1.6044123,0.03489005
2022-11-17,1.596882,0.010564446
2022-11-18,1.5860661,0.031327963
2022-11-21,1.584789,0.032827966
2022-11-22,1.581332,0.0126858875
2022-11-23,1.575721,0.013855286
2022-11-24,1.5666932,0.0052088797
2022-11-25,1.5889977,0.031799182
2022-11-28,1.5856899,0.047664173
2022-11-29,1.603696,0.06328616
2022-11-30,1.6028395,0.022485808
2022-12-01,1.610821,0.034176864
2022-12-02,1.6162156,0.035029903
2022-12-05,1.6137912,0.029031634
2022-12-06,1.6097958,0.019382156
2022-12-07,1.6197796,0.0076160356
2022-12-08,1.6183685,0.0035809502
2022-12-09,1.6120522,0.017022595
2022-12-12,1.6166219,0.022954553
2022-12-13,1.6168925,0.013589926
2022-12-14,1.608239,0.015403256
2022-12-15,1.5873598,0.02603338
2022-12-16,1.573304,0.0036489964
2022-12-19,1.5702385,0.031599216
2022-12-20,1.5661896,0.019330174
2022-12-21,1.5570567,0.005852625
2022-12-22,1.5717667,0.0072544217
2022-12-23,1.5867823,0.008436821
2022-12-26,1.580575,0.009586804
2022-12-27,1.5775706,0.0067988187
2022-12-28,1.5827956,0.002676174
2022-12-29,1.5908325,0.017400801
2022-12-30,1.5886718,0.013343476
2023-01-03,1.606057,0.0964532
2023-01-04,1.6062987,0.010961965
2023-01-05,1.6154488,0.059710324
2023-01-06,1.6193191,0.030544184
2023-01-09,1.6109196,0.01125209
2023-01-10,1.6090956,0.009329423
2023-01-11,1.6210048,0.0072821453
2023-01-12,1.6406431,0.01684606
2023-01-13,1.6480867,0.023690611
2023-01-16,1.6459448,0.012051292
2023-01-17,1.6595778,0.030531645
2023-01-18,1.6665884,0.020989709
2023-01-19,1.6708901,0.020652175
2023-01-20,1.6517859,0.00720302
2023-01-30,1.666592,0.020969488
2023-01-31,1.6740838,0.016305976
2023-02-01,1.6658196,0.094151005
2023-02-02,1.648103,0.023234464
2023-02-03,1.6459532,0.03272231
2023-02-06,1.6367515,0.031062454
2023-02-07,1.6643217,0.012108438
2023-02-08,1.6563513,0.016510077
2023-02-09,1.6671731,0.06841275
2023-02-10,1.6650743,0.0713633
2023-02-13,1.6632466,0.020460673
2023-02-14,1.6478779,0.004964687
2023-02-15,1.6279848,0.016216286
2023-02-16,1.6487753,0.03757406
2023-02-17,1.646865,0.032334723
2023-02-20,1.6434069,0.03613887
2023-02-21,1.6406058,0.014272228
2023-02-22,1.63487,0.034879953
2023-02-23,1.6284295,0.010837182
2023-02-24,1.6346956,0.028545052
2023-02-27,1.6444337,0.016657814
2023-02-28,1.6387515,0.018022299
2023-03-01,1.6482995,0.10309426
2023-03-02,1.651406,0.027840115
2023-03-03,1.6296296,0.010932744
2023-03-06,1.626236,0.013617083
2023-03-07,1.6284312,0.014412992
2023-03-08,1.6191001,0.015739128
2023-03-09,1.6292813,0.022604607
2023-03-10,1.6413201,0.017147392
2023-03-13,1.6380719,0.039141603
2023-03-14,1.6280513,0.018485174
2023-03-15,1.6395267,0.017583117
2023-03-16,1.6512015,0.017232887
2023-03-17,1.6576895,0.03339511
2023-03-20,1.6566602,0.03163477
2023-03-21,1.679394,0.020417497
2023-03-22,1.6799206,0.0120335
2023-03-23,1.6699668,0.028737344
2023-03-24,1.6599212,0.022748962
2023-03-27,1.6744045,0.00834509
2023-03-28,1.6850628,0.010827102
2023-03-29,1.6958416,0.017079905
2023-03-30,1.7185544,0.006550111
2023-03-31,1.729919,0.020957142
2023-04-03,1.7441626,0.072326936
2023-04-04,1.7513635,0.029523127
2023-04-06,1.7290175,0.00934732
2023-04-07,1.7260027,0.008714043
2023-04-10,1.7297608,0.008885987
2023-04-11,1.7124903,0.025431454
2023-04-12,1.7329624,0.024010614
2023-04-13,1.7360512,0.019476153
2023-04-14,1.7291771,0.031090423
2023-04-17,1.7245156,0.016318865
2023-04-18,1.7329147,0.008126602
2023-04-19,1.6992521,0.021268636
2023-04-20,1.6785674,0.023947425
2023-04-21,1.6699941,0.067578554
2023-04-24,1.6639423,0.025518395
2023-04-25,1.6691492,0.025626421
2023-04-26,1.6820123,0.022301696
2023-04-27,1.6757592,0.004783623
2023-04-28,1.6712962,0.013008811
2023-05-04,1.6714809,0.017480008
2023-05-05,1.6590486,0.0065231994
2023-05-08,1.653183,0.013929471
2023-05-09,1.6527989,0.008616544
2023-05-10,1.6386182,0.016610488
2023-05-11,1.6518409,0.02207265
2023-05-12,1.649341,0.0070315227
2023-05-15,1.6465751,0.013545707
2023-05-16,1.6455166,0.025801308
2023-05-17,1.6520698,0.013039492
2023-05-18,1.6545603,0.012646541
2023-05-19,1.6380525,0.011284292
2023-05-22,1.6300355,0.02443149
2023-05-23,1.6304661,0.047002316
2023-05-24,1.6370277,0.012887202
2023-05-25,1.63345,0.009935595
2023-05-26,1.6362493,0.0071884543
2023-05-29,1.6375753,0.034287
2023-05-30,1.6401416,0.0048999116
2023-05-31,1.6492947,0.023750521
2023-06-01,1.6411157,0.05869087
2023-06-02,1.6230725,0.053993754
2023-06-05,1.6216251,0.042352766
2023-06-06,1.6162236,0.0131719485
2023-06-07,1.6288391,0.02086202
2023-06-08,1.6349558,0.0071390793
2023-06-09,1.6481705,0.023736902
2023-06-12,1.6491346,0.0233038
2023-06-13,1.6544912,0.014572553
2023-06-14,1.6663047,0.007983729
2023-06-15,1.6626911,0.07358268
2023-06-16,1.6603973,0.012276381
2023-06-19,1.633079,0.06673196
2023-06-20,1.6190392,0.0118686855
2023-06-21,1.6235827,0.017477915
2023-06-26,1.6227674,0.025889322
2023-06-27,1.6166466,0.014726669
2023-06-28,1.6254269,0.0074356794
2023-06-29,1.6351206,0.019457236
2023-06-30,1.6439594,0.05408244
2023-07-03,1.6334035,0.066697635
2023-07-04,1.6277412,0.025954016
2023-07-05,1.6209826,0.011891738
2023-07-06,1.6252381,0.007730171
2023-07-07,1.6352472,0.011177629
2023-07-10,1.6233541,0.015276916
2023-07-11,1.6437042,0.01738222
2023-07-12,1.6397604,0.018132724
2023-07-13,1.6344289,0.06294441
2023-07-14,1.6323549,0.050520144
2023-07-17,1.6313205,0.01101096
2023-07-18,1.6208762,0.03472819
2023-07-19,1.6211323,0.015544675
2023-07-20,1.6136732,0.020014033
2023-07-21,1.634742,0.026385374
2023-07-24,1.6342531,0.033476837
2023-07-25,1.6296326,0.10042998
2023-07-26,1.643397,0.06298018
2023-07-27,1.6521633,0.01067587
2023-07-28,1.6493337,0.07614157
2023-07-31,1.6453509,0.026977599
2023-08-01,1.6500475,0.044002414
2023-08-02,1.6529564,0.04776533
2023-08-03,1.6449654,0.029882818
2023-08-04,1.6417975,0.015067741
2023-08-07,1.635308,0.026027486
2023-08-08,1.635178,0.021465793
2023-08-09,1.6128463,0.018277436
2023-08-10,1.6052773,0.004663661
2023-08-11,1.5966302,0.061955087
2023-08-14,1.5845926,0.019364186
2023-08-15,1.5937953,0.017249726
2023-08-16,1.579402,0.014354683
2023-08-17,1.5676141,0.01717326
2023-08-18,1.5738323,0.036261432
2023-08-21,1.5555892,0.005531229
2023-08-22,1.5666463,0.031155102
2023-08-23,1.5534015,0.023310944
2023-08-24,1.563334,0.043517858
2023-08-25,1.5909024,0.02735237
2023-08-28,1.6007984,0.027779095
2023-08-29,1.5995566,0.031277083
2023-08-30,1.5996335,0.014029637
2023-08-31,1.6146826,0.009332836
2023-09-01,1.6062541,0.022199258
2023-09-04,1.6093231,0.04935447
2023-09-05,1.5846837,0.045129627
2023-09-06,1.5863382,0.020164825
2023-09-07,1.5940607,0.027480766
2023-09-08,1.5911502,0.004593432
2023-09-11,1.5825999,0.03554029
2023-09-12,1.5804071,0.013680108
2023-09-13,1.5777029,0.020564616
2023-09-14,1.573928,0.003405042
2023-09-15,1.5725354,0.020989895
2023-09-18,1.5670555,0.026010573
2023-09-19,1.5575298,0.021844998
2023-09-20,1.576864,0.008266382
2023-09-21,1.5699028,0.06942583
2023-09-22,1.56465,0.050903693
2023-09-25,1.5640637,0.05776134
2023-09-26,1.5603771,0.0077554956
2023-09-27,1.5562464,0.040264785
2023-09-28,1.5494547,0.0836577
2023-10-09,1.5550886,0.02914492
2023-10-10,1.5641482,0.017305806
2023-10-11,1.5555235,0.015658073
2023-10-12,1.5415423,0.027580313
2023-10-13,1.5487274,0.08973801
2023-10-16,1.5418763,0.008515954
2023-10-17,1.5313234,0.013852902
2023-10-18,1.5261464,0.0073653683
2023-10-19,1.50621,0.03602249
2023-10-20,1.5156969,0.022268303
2023-10-23,1.5208287,0.007925928
2023-10-24,1.5271215,0.0141477585
2023-10-25,1.5468478,0.013018809
2023-10-26,1.5647105,0.012429722
2023-10-27,1.5645148,0.020763852
2023-10-30,1.5628846,0.036484376
2023-10-31,1.553914,0.016087621
2023-11-01,1.5664368,0.02592127
2023-11-02,1.5794779,0.028519906
2023-11-03,1.577998,0.02830457
2023-11-06,1.5778401,0.012726262
2023-11-07,1.5714055,0.03305629
2023-11-08,1.5676932,0.006016575
2023-11-09,1.5684938,0.016481794
2023-11-10,1.5751324,0.027171984
2023-11-13,1.578608,0.019090623
2023-11-14,1.5642993,0.0032821149
2023-11-15,1.5666617,0.018663578
2023-11-16,1.5655534,0.023526251
2023-11-17,1.5637072,0.010549292
2023-11-20,1.5496358,0.025472455
2023-11-21,1.5552651,0.0073367655
2023-11-22,1.5468386,0.01518248
2023-11-23,1.5492324,0.03208918
2023-11-24,1.551636,0.045254588
2023-11-27,1.5486358,0.018720165
2023-11-28,1.5492423,0.012357853
2023-11-29,1.548494,0.028871894
2023-11-30,1.544939,0.054389983
2023-12-01,1.519747,0.05795773
2023-12-04,1.5224614,0.007239014
2023-12-05,1.5193607,0.02149915
2023-12-06,1.5287623,0.02916561
2023-12-07,1.5371802,0.010200731
2023-12-08,1.5355356,0.006080076
2023-12-11,1.5189843,0.014111668
2023-12-12,1.5173147,0.0037802532
2023-12-13,1.5122424,0.019587293
2023-12-14,1.5026251,0.037269913
2023-12-15,1.5067687,0.027531013
2023-12-18,1.4954101,0.026069328
2023-12-19,1.5054275,0.014636621
2023-12-20,1.5038756,0.004710175
2023-12-21,1.5024544,0.009655841
2023-12-22,1.4910641,0.01584658
2023-12-25,1.4990517,0.005761452
2023-12-26,1.5233747,0.0082649365
2023-12-27,1.525729,0.030937262
2023-12-28,1.5142887,0.04774443
2023-12-29,1.5047985,0.055413537
2024-01-02,1.4913406,0.14690658
2024-01-03,1.4806744,0.029519364
2024-01-04,1.4552035,0.018454403
2024-01-05,1.457678,0.02143903
2024-01-08,1.451628,0.021479584
2024-01-09,1.462116,0.012757257
2024-01-10,1.453117,0.0051110014
2024-01-11,1.4521843,0.012185015
2024-01-12,1.45603,0.020686984
2024-01-15,1.4282174,0.009978794
2024-01-16,1.4364427,0.01706075
2024-01-17,1.4359579,0.027119234
2024-01-18,1.4044032,0.035786256
2024-01-19,1.4130337,0.01869198
2024-01-22,1.4194362,0.024155028
2024-01-23,1.4392972,0.008158244
2024-01-24,1.4261965,0.012405321
2024-01-25,1.4120108,0.02356577
2024-01-26,1.3839062,0.020657733
2024-01-29,1.3697172,0.008872613
2024-01-30,1.3733555,0.013209641
2024-01-31,1.3538375,0.008166626
2024-02-01,1.3493261,0.18303259
2024-02-02,1.4044603,0.004897222
2024-02-05,1.4331504,0.01628881
2024-02-06,1.444987,0.05209651
2024-02-07,1.4517981,0.041680075
2024-02-08,1.4473335,0.022605985
2024-02-19,1.4568338,0.11618363
2024-02-20,1.465116,0.01173535
2024-02-21,1.4668944,0.022650369
2024-02-22,1.4666243,0.021739192
2024-02-23,1.4911261,0.12026496
2024-02-26,1.4667268,0.0081938505
2024-02-27,1.5032084,0.03273628
2024-02-28,1.5122132,0.022447996
2024-02-29,1.5148968,0.034979396
2024-03-01,1.5227436,0.05797565
2024-03-04,1.5170382,0.0061370507
2024-03-05,1.5068315,0.017665014
2024-03-06,1.5151656,0.009994686
2024-03-07,1.5337166,0.004708037
2024-03-08,1.5384569,0.013167582
2024-03-11,1.5322826,0.010706037
2024-03-12,1.5241951,0.01601208
2024-03-13,1.5311561,0.0101823285
2024-03-14,1.5447472,0.012111396
2024-03-15,1.5380374,0.0973873
2024-03-18,1.5386641,0.033888012
2024-03-19,1.541717,0.044249177
2024-03-20,1.5249952,0.04835987
2024-03-21,1.5123562,0.056939818
2024-03-22,1.5092456,0.014984183
2024-03-25,1.4888872,0.03560394
2024-03-26,1.5007331,0.011900693
2024-03-27,1.5110875,0.05513911
2024-03-28,1.530725,0.031974666
2024-03-29,1.5224423,0.009771712
2024-04-01,1.5220827,0.07528661
2024-04-02,1.5097889,0.01296635
2024-04-03,1.5160178,0.006875694
2024-04-08,1.5013602,0.010448545
2024-04-09,1.500501,0.0078067333
2024-04-10,1.5045395,0.013483569
2024-04-11,1.5191594,0.012719743
2024-04-12,1.5012518,0.030882202
2024-04-15,1.5230312,0.04531101
2024-04-16,1.5209863,0.032314226
2024-04-17,1.5080343,0.014571153
2024-04-18,1.5037873,0.024413668
2024-04-19,1.4910494,0.005988911
2024-04-22,1.502765,0.025736935
2024-04-23,1.5010543,0.0128717795
2024-04-24,1.5244803,0.025450662
2024-04-25,1.5437921,0.014857136
2024-04-26,1.5363432,0.05704114
2024-04-29,1.5495862,0.02307266
2024-04-30,1.5476638,0.061978623
2024-05-06,1.5380012,0.073721
2024-05-07,1.5529485,0.04799217
2024-05-08,1.5516546,0.008422174
2024-05-09,1.5442365,0.051586837
2024-05-10,1.5426905,0.05743902
2024-05-13,1.5341059,0.0066268966
2024-05-14,1.5369581,0.010655358
2024-05-15,1.545944,0.007906385
2024-05-16,1.5570337,0.050296217
2024-05-17,1.5476984,0.04409714
2024-05-20,1.5503094,0.047057696
2024-05-21,1.5284947,0.029437974
2024-05-22,1.5094208,0.030022293
2024-05-23,1.5246483,0.027489044
2024-05-24,1.5175298,0.012214579
2024-05-27,1.5189395,0.026705228
2024-05-28,1.5189047,0.029748425
2024-05-29,1.5186183,0.029752813
2024-05-30,1.5204989,0.01980269
2024-05-31,1.5306722,0.038542353
2024-06-03,1.5256248,0.0668829
2024-06-04,1.5234942,0.007579051
2024-06-05,1.5183514,0.036238395
2024-06-06,1.518229,0.05726134
2024-06-07,1.5192784,0.03884057
2024-06-11,1.5170147,0.021839507
2024-06-12,1.5187738,0.015381008
2024-06-13,1.5226326,0.008798972
2024-06-14,1.5221039,0.048158802
2024-06-17,1.5169314,0.004983008
2024-06-18,1.5148758,0.004481055
2024-06-19,1.5170878,0.02266495
2024-06-20,1.4955568,0.013752632
2024-06-21,1.4785527,0.049109526
2024-06-24,1.4900491,0.004837826
2024-06-25,1.4753281,0.016193062
2024-06-26,1.477065,0.0053581297
2024-06-27,1.4792019,0.03185051
2024-06-28,1.4718889,0.047784753
2024-07-01,1.4732776,0.03529223
2024-07-02,1.4638531,0.03729564
2024-07-03,1.4668787,0.01245068
2024-07-04,1.456832,0.00999327
2024-07-05,1.4735034,0.003971085
2024-07-08,1.4743425,0.086946525
2024-07-09,1.491215,0.073585995
2024-07-10,1.4938384,0.067157455
2024-07-11,1.493627,0.018563204
2024-07-12,1.5095875,0.005459003
2024-07-15,1.5138282,0.09183885
2024-07-16,1.5187062,0.0074491054
2024-07-17,1.5215893,0.027238064
2024-07-18,1.5176713,0.02868662
2024-07-19,1.4829412,0.019561075
2024-07-22,1.4769853,0.028558165
2024-07-23,1.4668919,0.023989
2024-07-24,1.4754957,0.009255491
2024-07-25,1.4651779,0.015489399
2024-07-26,1.4672564,0.025821522
2024-07-29,1.5059028,0.015478522
2024-07-30,1.5012473,0.011736043
2024-07-31,1.4891466,0.06552728
2024-08-01,1.461933,0.07841675
2024-08-02,1.4665323,0.00956472
2024-08-05,1.4624081,0.022339538
2024-08-06,1.4669594,0.031248547
2024-08-07,1.4653611,0.011508435
2024-08-08,1.4654413,0.0561892
2024-08-09,1.4706197,0.07888254
2024-08-12,1.4573097,0.018819652
2024-08-13,1.4640489,0.0061612725
2024-08-14,1.460374,0.0111205205
2024-08-15,1.4626383,0.12233521
2024-08-16,1.448788,0.1211553
2024-08-19,1.4455699,0.016173504
2024-08-20,1.4345615,0.00702779
2024-08-21,1.4334341,0.0024361014
2024-08-22,1.4330331,0.00790894
2024-08-23,1.4223197,0.005348593
2024-08-26,1.418047,0.0043560416
2024-08-27,1.4277334,0.0042618066
2024-08-28,1.4478787,0.012698568
2024-08-29,1.4198481,0.010940537
2024-08-30,1.4281511,0.006040141
2024-09-02,1.4203092,0.01718495
2024-09-03,1.4249113,0.006393522
2024-09-04,1.4135939,0.009205237
2024-09-05,1.4026498,0.0060524195
2024-09-06,1.4079926,0.0028790236
2024-09-09,1.4101495,0.013398074
2024-09-10,1.4004701,0.0050899833
2024-09-11,1.3951383,0.0034750253
2024-09-12,1.3904848,0.0102066025
2024-09-13,1.4020456,0.013223335
2024-09-18,1.4007668,0.0034938678
2024-09-19,1.4001771,0.0068248883
2024-09-20,1.441305,0.0056439564
2024-09-23,1.4503365,0.003758572
2024-09-24,1.5035605,0.020345286
2024-09-25,1.5791941,0.01287023
2024-09-26,1.7022032,0.015830457
2024-09-27,1.792661,0.025783524
2024-09-30,1.7443359,0.0515239
2024-10-08,1.7314612,0.019576535
2024-10-09,1.6830142,0.024460867
2024-10-10,1.7095004,0.007123105
2024-10-11,1.6807847,0.010532044
2024-10-14,1.6703445,0.009266458
2024-10-15,1.6655337,0.0124503
2024-10-16,1.7404357,0.008328423
2024-10-17,1.7599931,0.009270497
2024-10-18,1.7595109,0.01010108
2024-10-21,1.76086,0.03094253
2024-10-22,1.7482003,0.0045809373
2024-10-23,1.7599944,0.0044744536
2024-10-24,1.7681612,0.0078178495
2024-10-25,1.7596081,0.0028515533
2024-10-28,1.7528411,0.032773092
2024-10-29,1.7597259,0.010868669
2024-10-30,1.742661,0.006684877
2024-10-31,1.7560395,0.013980567
2024-11-01,1.7951046,0.01443962
2024-11-04,1.7956178,0.008753128
2024-11-05,1.8303715,0.0109763
2024-11-06,1.8223121,0.003379494
2024-11-07,1.851475,0.013421349
2024-11-08,1.8275384,0.004764773
2024-11-11,1.8306359,0.005559653
2024-11-12,1.7931874,0.006617978
2024-11-13,1.7622372,0.0043985695
2024-11-14,1.7496501,0.012174271
2024-11-15,1.7756498,0.00975287
2024-11-18,1.778837,0.0103717
2024-11-19,1.7871361,0.004717417
2024-11-20,1.7481506,0.0023823157
2024-11-21,1.7339793,0.005857989
2024-11-22,1.7261537,0.020368218
2024-11-25,1.7565658,0.008135594
2024-11-26,1.7473073,0.0040758923
2024-11-27,1.770662,0.00990469
2024-11-28,1.7789546,0.0036204234
2024-11-29,1.7764927,0.01107011
2024-12-02,1.7707008,0.023693934
2024-12-03,1.7697024,0.005857229
2024-12-04,1.7819678,0.003369376
2024-12-05,1.7744251,0.0016667247
2024-12-06,1.788295,0.0057938695
2024-12-09,1.7944046,0.0029724985
2024-12-10,1.809966,0.002717711
2024-12-11,1.7830707,0.0051360726
2024-12-12,1.7650282,0.007568039
2024-12-13,1.7603384,0.010611244
2024-12-16,1.7709912,0.013367392
2024-12-17,1.774629,0.0025440902
2024-12-18,1.7869073,0.005959429
2024-12-19,1.7805684,0.003261365
2024-12-20,1.7928841,0.008022577
2024-12-23,1.7923765,0.00719814
2024-12-24,1.7996312,0.008027628
2024-12-25,1.7983258,0.0017858073
2024-12-26,1.7980181,0.005611703
2024-12-27,1.7709943,0.004586242
2024-12-30,1.7381026,0.0026760697
2024-12-31,1.7246908,0.010700375
2025-01-02,1.7160053,0.047886
2025-01-03,1.7385409,0.016665742
2025-01-06,1.7385898,0.010711141
2025-01-07,1.7387618,0.0060198233
2025-01-08,1.7292147,0.0046469346
2025-01-09,1.7281904,0.0036717355
2025-01-10,1.7600142,0.0071416795
2025-01-13,1.7549502,0.005221285
2025-01-14,1.7409263,0.014696032
2025-01-15,1.7536176,0.0056830347
2025-01-16,1.7556354,0.005843073
2025-01-17,1.7598846,0.00749477
2025-01-20,1.7550989,0.0040726736
2025-01-21,1.7503009,0.00257162
2025-01-22,1.7601829,0.004627377
2025-01-23,1.7450408,0.0040139854
2025-01-24,1.7685133,0.0018797666
2025-01-27,1.7915683,0.00787738
2025-02-05,1.804997,0.113326006
2025-02-06,1.8191116,0.011827782
2025-02-07,1.813142,0.0068491846
2025-02-10,1.8290383,0.0033217967
2025-02-11,1.8227589,0.005501561
2025-02-12,1.8291268,0.009756029
2025-02-13,1.8295758,0.009278744
2025-02-14,1.8136166,0.0052153915
2025-02-17,1.8380241,0.0068748593
2025-02-18,1.8362107,0.006353356
2025-02-19,1.8689928,0.0051100478
2025-02-20,1.8709165,0.005052097
2025-02-21,1.860446,0.009785645
2025-02-24,1.8735136,0.00672397
2025-02-25,1.874434,0.008295141
2025-02-26,1.8389608,0.008960061
2025-02-27,1.8316692,0.0065785646
2025-02-28,1.8436602,0.013511822
2025-03-03,1.8488967,0.05450412
2025-03-04,1.8742216,0.005755894
2025-03-05,1.8666139,0.004602976
2025-03-06,1.8644247,0.0062432513
2025-03-07,1.8650855,0.004071787
2025-03-10,1.8620976,0.004274294
2025-03-11,1.8487376,0.004124485
2025-03-12,1.8837352,0.0038458556
2025-03-13,1.8797692,0.0053447857
2025-03-14,1.8844146,0.0107892975
2025-03-17,1.8799262,0.00907518
2025-03-18,1.8699017,0.006705828
2025-03-19,1.8463845,0.004301049
2025-03-20,1.8514516,0.006173797
2025-03-21,1.8424629,0.009720281
2025-03-24,1.8429343,0.0026278272
2025-03-25,1.8512111,0.0025876611
2025-03-26,1.8470782,0.002104506
2025-03-27,1.8422608,0.0050324053
2025-03-28,1.8488754,0.006184295
2025-03-31,1.8460447,0.008146949
2025-04-01,1.8501321,0.05149433
2025-04-02,1.7483598,0.0057948157
2025-04-03,1.7680101,0.0084003955
2025-04-07,1.8065143,0.052440062
2025-04-08,1.8290575,0.0075273216
2025-04-09,1.8487452,0.015019968
2025-04-10,1.8533269,0.01745154
2025-04-11,1.847071,0.018645972
2025-04-14,1.860929,0.012300447
2025-04-15,1.8675374,0.0042587817
2025-04-16,1.8635103,0.0064843297
2025-04-17,1.8776612,0.0036858916
2025-04-18,1.8900024,0.0032825768
2025-04-21,1.8627176,0.0028400943
2025-04-22,1.8602638,0.004506178
2025-04-23,1.8579302,0.022739552
2025-04-24,1.8524077,0.008683026
2025-04-25,1.8572181,0.0060135126
2025-04-28,1.8607973,0.00575421
2025-04-29,1.8831991,0.0025897026
2025-04-30,1.8886981,0.010185637
2025-05-06,1.8834802,0.01855813
2025-05-07,1.870326,0.006577961
2025-05-08,1.8702209,0.0061066896
2025-05-09,1.8653138,0.008912489
2025-05-12,1.8715783,0.0046972036
2025-05-13,1.845469,0.006063655
2025-05-14,1.8445992,0.005269937
2025-05-15,1.8476672,0.010260612
2025-05-16,1.8527344,0.007877722
2025-05-19,1.8637303,0.0031144843
2025-05-20,1.8587916,0.002909705
2025-05-21,1.8485363,0.011136554
2025-05-22,1.8490627,0.0038615018
2025-05-23,1.8381964,0.00362017
2025-05-26,1.8357638,0.0026706457
2025-05-27,1.8451855,0.0030034631
2025-05-28,1.8413724,0.0037122518
2025-05-29,1.850727,0.008113228
2025-05-30,1.8568244,0.004906714
2025-06-03,1.8645626,0.03497462
2025-06-04,1.8639128,0.004574895
2025-06-05,1.8643657,0.0049017593
2025-06-06,1.849014,0.0034242421
2025-06-09,1.855065,0.004984863
2025-06-10,1.85334,0.0072912425
2025-06-11,1.8482474,0.0067982078
2025-06-12,1.8475991,0.0053943023
2025-06-13,1.8398111,0.0064677
2025-06-16,1.838136,0.0056929216
2025-06-17,1.8283685,0.0019340515
2025-06-18,1.8244073,0.0018193051
2025-06-19,1.829936,0.07981295
2025-06-20,1.8429059,0.0024542809
2025-06-23,1.862287,0.002987966
2025-06-24,1.8565832,0.003891021
2025-06-25,1.8518399,0.008764207
2025-06-26,1.8617938,0.07017008
2025-06-27,1.8631469,0.0066133738
2025-06-30,1.8543705,0.004977636
2025-07-01,1.8610278,0.039979734
2025-07-02,1.8594128,0.0030913576
2025-07-03,1.8515828,0.0029403567
2025-07-04,1.8671023,0.0035230592
2025-07-07,1.8591675,0.006446995
2025-07-08,1.8630828,0.0042959824
2025-07-09,1.8745165,0.0046938807
2025-07-10,1.8760351,0.0047065765
2025-07-11,1.873241,0.0030260235
2025-07-14,1.8730114,0.0050571114
2025-07-15,1.8829207,0.005478941
2025-07-16,1.8900555,0.0020286143
2025-07-17,1.8974627,0.005019754
2025-07-18,1.9117279,0.007083237
2025-07-21,1.9167995,0.0035061017
2025-07-22,1.9217674,0.007182516
2025-07-23,1.9277267,0.0039279833
2025-07-24,1.9275284,0.011748746
2025-07-25,1.9332124,0.0050902516
2025-07-28,1.9295115,0.0044696033
2025-07-29,1.90794,0.0036269128
2025-07-30,1.9015533,0.003290929
2025-07-31,1.9154323,0.013864145
2025-08-01,1.9241201,0.015061274
2025-08-04,1.9305258,0.007561691
2025-08-05,1.9306341,0.0035397783
2025-08-06,1.9222041,0.0019552559
2025-08-07,1.9270335,0.0010811165
2025-08-08,1.9395485,0.003189288
2025-08-11,1.9499558,0.0054346845
2025-08-12,1.9534516,0.0049565732
2025-08-13,1.9672819,0.0030130222
2025-08-14,1.9843781,0.003796883
2025-08-15,1.9756802,0.004539542
2025-08-18,2.0033877,0.0071963742
2025-08-19,2.0065706,0.0047464743
2025-08-20,2.069819,0.0055988654
2025-08-21,2.106128,0.004008338
2025-08-22,2.1016207,0.01301454
2025-08-25,2.088591,0.0144445
2025-08-26,2.138764,0.005954869
2025-08-27,2.1392686,0.0099799335
2025-08-28,2.1592166,0.006137833
2025-08-29,2.137581,0.007836647
2025-09-01,2.119293,0.013907604
2025-09-02,2.0708907,0.010785453
2025-09-03,2.1057804,0.010001302
2025-09-04,2.117287,0.014435433
2025-09-05,2.1092412,0.007588625
2025-09-08,2.1152701,0.0059648007
2025-09-09,2.166076,0.0119644925
2025-09-10,2.169598,0.004988134
2025-09-11,2.172559,0.0074309483
2025-09-12,2.1842482,0.0051996633
2025-09-15,2.1890643,0.0061479732
2025-09-16,2.1809146,0.0030900314
2025-09-17,2.1738472,0.0076415166
2025-09-18,2.2015789,0.011263445
2025-09-19,2.1980262,0.0024393797
2025-09-22,2.2340708,0.0028851554
2025-09-23,2.2362263,0.004510969
2025-09-24,2.2226589,0.008114368
2025-09-25,2.247148,0.0037355646
2025-09-26,2.2647052,0.002677478
2025-09-29,2.3105946,0.0074207857
2025-09-30,2.2588851,0.0055293813
2025-10-09,2.2733583,0.035461895
2025-10-10,2.2458756,0.013555236
2025-10-13,2.27359,0.014235556
2025-10-14,2.2712755,0.010208227
2025-10-15,2.2468526,0.007966556
2025-10-16,2.237171,0.0076821893
2025-10-17,2.2738392,0.013713427
2025-10-20,2.2501783,0.0074018463
2025-10-21,2.2452846,0.007166043
2025-10-22,2.2742898,0.0074514
2025-10-23,2.294382,0.004168734
2025-10-24,2.2703207,0.0071899667
2025-10-27,2.2896712,0.008632444
2025-10-28,2.271335,0.0071188956
2025-10-29,2.2515361,0.0047919154
2025-10-30,2.2460368,0.0049710125
2025-10-31,2.2278495,0.0053868815
2025-11-03,2.2254806,0.01924526
2025-11-04,2.2583456,0.008901693
2025-11-05,2.2510006,0.0046147406
2025-11-06,2.2661552,0.005400516
2025-11-07,2.2576885,0.003481768
2025-11-10,2.2524905,0.013330705
2025-11-11,2.2764585,0.0054166615
2025-11-12,2.2410767,0.0011271611
2025-11-13,2.223232,0.006984219
2025-11-14,2.2181046,0.008793138
2025-11-17,2.2197468,0.00695277
2025-11-18,2.2045825,0.003469482
2025-11-19,2.1609251,0.006054096
2025-11-20,2.1672564,0.0031603575
2025-11-21,2.1851308,0.010843918
2025-11-24,2.1930816,0.0024722144
2025-11-25,2.192523,0.008097246
2025-11-26,2.207049,0.006630257
2025-11-27,2.2241404,0.0063238963
2025-11-28,2.2074063,0.008295968
2025-12-01,2.1967454,0.010912105
2025-12-02,2.2033334,0.0027889013
2025-12-03,2.213257,0.006168768
2025-12-04,2.2259336,0.0056030303
2025-12-05,2.214902,0.0037196577
2025-12-08,2.2190473,0.0024364442
2025-12-09,2.2037523,0.005608231
2025-12-10,2.2251012,0.0035060123
2025-12-11,2.2156441,0.00463406
2025-12-12,2.1910582,0.0059002936
2025-12-15,2.221968,0.005724624
2025-12-16,2.2102041,0.009021059
2025-12-17,2.218984,0.0052306056
2025-12-18,2.2466567,0.0023037642
2025-12-19,2.2544665,0.0060965195
2025-12-22,2.2643878,0.007673055
2025-12-23,2.2645335,0.0025228485
2025-12-24,2.2650046,0.0031962171
2025-12-25,2.2566988,0.006655
2025-12-26,2.2562668,0.003450334
2025-12-29,2.2427435,0.0041689724
2025-12-30,2.2949502,0.008809745
2025-12-31,2.3244123,0.006432906
2026-01-05,2.3292038,0.049478263
2026-01-06,2.3281794,0.008817598
2026-01-07,2.346459,0.0036063418
2026-01-08,2.378687,0.0022109598
2026-01-09,2.3517895,0.005483426
2026-01-12,2.366412,0.008349054
2026-01-13,2.3650553,0.0066130757
2026-01-14,2.3728907,0.0030781776
2026-01-15,2.3710089,0.0041982457
2026-01-16,2.36618,0.00201907
2026-01-19,2.4057014,0.0066520423
2026-01-20,2.402676,0.002713509
2026-01-21,2.4211314,0.0035055652
2026-01-22,2.4196851,0.001968652
2026-01-23,2.4257517,0.003132321
2026-01-26,2.4467273,0.0044329315
2026-01-27,2.469535,0.0061537847
2026-01-28,2.4220803,0.0016283542
2026-01-29,2.3309727,0.01935333
2026-01-30,2.3770888,0.025475666
2026-02-02,2.396576,0.05740262
2026-02-03,2.3700092,0.0056169555
2026-02-04,2.3519216,0.008561142
2026-02-05,2.397052,0.0050067604
2026-02-06,2.395465,0.009290002
2026-02-09,2.3919463,0.009903148
2026-02-10,2.401347,0.00478749
2026-02-11,2.383484,0.0026845708
2026-02-12,2.402144,0.0040367693
2026-02-13,2.4137936,0.007536158
2026-02-24,2.416405,0.0077935457
2026-02-25,2.42039,0.0058005527
2026-02-26,2.428154,0.005423747
2026-02-27,2.3704293,0.0051950067
2026-03-02,2.347048,0.022703327
2026-03-03,2.3616707,0.0081618205
2026-03-04,2.370341,0.010998167
2026-03-05,2.3505054,0.0038692877
2026-03-06,2.3767042,0.008509114
2026-03-09,2.3732107,0.0052670836
2026-03-10,2.362415,0.0041616336
2026-03-11,2.3494377,0.004224956
2026-03-12,2.3533084,0.0020333678
2026-03-13,2.3278751,0.0040565208
2026-03-16,2.3382952,0.0069708526
2026-03-17,2.2874372,0.0030267015
2026-03-18,2.259003,0.0051264465
2026-03-19,2.1589208,0.0074528903
2026-03-20,2.195918,0.0054655075
2026-03-23,2.2342644,0.021719374
2026-03-24,2.2017446,0.004253179
2026-03-25,2.2176306,0.008726254
2026-03-26,2.2218513,0.004281014
2026-03-27,2.1933842,0.0064371526
2026-03-30,2.238769,0.008331612
2026-03-31,2.2047534,0.005337797
2026-04-01,2.1975281,0.041111767
2026-04-02,2.2056491,0.001987353
2026-04-03,2.283109,0.0022210032
2026-04-07,2.263353,0.0036991537
2026-04-08,2.2810657,0.014438532
2026-04-09,2.2845538,0.0075192824
2026-04-10,2.313513,0.007367462
2026-04-13,2.3128335,0.0064475685
2026-04-14,2.3296306,0.009610742
2026-04-15,2.324822,0.0044769347
2026-04-16,2.340443,0.004410729
2026-04-17,2.3300574,0.0038035884
2026-04-20,2.3474388,0.0038668215
2026-04-21,2.3310103,0.003967881
2026-04-22,2.335125,0.005571276
2026-04-23,2.36387,0.0051632226
2026-04-24,2.3451536,0.0070369393
2026-04-27,2.3549871,0.0061803088
2026-04-28,2.3913486,0.0038464814
2026-04-29,2.4427,0.010604754
2026-04-30,2.4612033,0.006417677
2026-05-06,2.4381492,0.015716009
2026-05-07,2.4808266,0.009239465
2026-05-08,2.4788802,0.0068790466
2026-05-11,2.5013268,0.004562907
2026-05-12,2.471384,0.0052887797
2026-05-13,2.4388113,0.004372768
2026-05-14,2.4387493,0.011316679
2026-05-15,2.4668362,0.016721822
2026-05-18,2.4869447,0.010678515
2026-05-19,2.452992,0.0023799315
2026-05-20,2.4700425,0.010169089
2026-05-21,2.5253756,0.0090222955
2026-05-22,2.5159342,0.0036333427
2026-05-25,2.4859567,0.015376762
2026-05-26,2.4766405,0.0017802343
2026-05-27,2.4590669,0.013727732
2026-05-28,2.4185221,0.014689185
2026-05-29,2.4312224,0.025422536
2026-06-01,2.4414885,0.03262098
2026-06-02,2.4401517,0.016906515
2026-06-03,2.401257,0.0038500205
2026-06-04,2.3360891,0.0019857213
2026-06-05,2.377928,0.0121405795
2026-06-08,2.3575485,0.01452408
2026-06-09,2.3463888,0.0046743304
2026-06-10,2.3646,0.00397864
2026-06-11,2.4256072,0.0027279556
2026-06-12,2.4267943,0.005757712
2026-06-15,2.464383,0.010460913
2026-06-16,2.4859023,0.0067378134
2026-06-17,2.5096734,0.019925177
2026-06-18,2.4651954,0.026221402
2026-06-22,2.4955862,0.024569757
2026-06-23,2.5203755,0.008607909
2026-06-24,2.4938793,0.018636376
2026-06-25,2.5526414,0.002507709
2026-06-26,2.5795095,0.0062180012
2026-06-29,2.56447,0.0060772076
2026-06-30,2.4980319,0.0012385547
2026-07-01,2.5074542,0.0018628612
2026-07-02,2.5132837,0.013912886
2026-07-03,2.4332159,0.045484193
2026-07-06,2.4257178,0.020299137
2026-07-07,2.4923742,0.050311014
2026-07-08,2.4551427,0.037330754
