日期,="华夏上证科创板50成份ETF相对起始点分红再投入收益率",="科创50相对起始点全收益率",="绝对收益率差值(基金相对值 / 指数相对值 - 1)"
2026-07-17,=0.2563,=0.3153,=-0.0448
2026-07-16,=0.3527,=0.4161,=-0.0448
2026-07-15,=0.4092,=0.4754,=-0.0449
2026-07-14,=0.4713,=0.5409,=-0.0452
2026-07-13,=0.4603,=0.5291,=-0.0450
2026-07-10,=0.5118,=0.5832,=-0.0451
2026-07-09,=0.6002,=0.6759,=-0.0452
2026-07-08,=0.4762,=0.5459,=-0.0451
2026-07-07,=0.4654,=0.5346,=-0.0451
2026-07-06,=0.4612,=0.5304,=-0.0452
2026-07-03,=0.4461,=0.5147,=-0.0453
2026-07-02,=0.4546,=0.5236,=-0.0453
2026-07-01,=0.5760,=0.6506,=-0.0452
2026-06-30,=0.6162,=0.6926,=-0.0451
2026-06-29,=0.5561,=0.6298,=-0.0453
2026-06-26,=0.4875,=0.5579,=-0.0452
2026-06-25,=0.5125,=0.5839,=-0.0451
2026-06-24,=0.4567,=0.5250,=-0.0448
2026-06-23,=0.4032,=0.4689,=-0.0447
2026-06-22,=0.4270,=0.4939,=-0.0448
2026-06-18,=0.3996,=0.4652,=-0.0448
2026-06-17,=0.3475,=0.4110,=-0.0450
2026-06-16,=0.2876,=0.3479,=-0.0447
2026-06-15,=0.2812,=0.3401,=-0.0439
2026-06-12,=0.2188,=0.2749,=-0.0439
2026-06-11,=0.2206,=0.2743,=-0.0421
2026-06-10,=0.2124,=0.2664,=-0.0426
2026-06-09,=0.2202,=0.2747,=-0.0428
2026-06-08,=0.1710,=0.2237,=-0.0431
2026-06-05,=0.2221,=0.2786,=-0.0442
2026-06-04,=0.2734,=0.3320,=-0.0440
2026-06-03,=0.2648,=0.3229,=-0.0439
2026-06-02,=0.2377,=0.2956,=-0.0446
2026-06-01,=0.2175,=0.2750,=-0.0451
2026-05-29,=0.2818,=0.3421,=-0.0449
2026-05-28,=0.3495,=0.4132,=-0.0451
2026-05-27,=0.3284,=0.3911,=-0.0450
2026-05-26,=0.3665,=0.4311,=-0.0452
2026-05-25,=0.3872,=0.4528,=-0.0451
2026-05-22,=0.3102,=0.3722,=-0.0451
2026-05-21,=0.2905,=0.3515,=-0.0451
2026-05-20,=0.3402,=0.4033,=-0.0450
2026-05-19,=0.2987,=0.3598,=-0.0449
2026-05-18,=0.2513,=0.3098,=-0.0447
2026-05-15,=0.2413,=0.2993,=-0.0447
2026-05-14,=0.2624,=0.3214,=-0.0447
2026-05-13,=0.2953,=0.3559,=-0.0447
2026-05-12,=0.2615,=0.3204,=-0.0446
2026-05-11,=0.2563,=0.3150,=-0.0446
2026-05-08,=0.2006,=0.2566,=-0.0445
2026-05-07,=0.2285,=0.2859,=-0.0446
2026-05-06,=0.2124,=0.2691,=-0.0447
2026-04-30,=0.1495,=0.2033,=-0.0447
2026-04-29,=0.0931,=0.1439,=-0.0444
2026-04-28,=0.0895,=0.1402,=-0.0444
2026-04-27,=0.1039,=0.1553,=-0.0445
2026-04-24,=0.0640,=0.1134,=-0.0444
2026-04-23,=0.0485,=0.0972,=-0.0444
2026-04-22,=0.0619,=0.1114,=-0.0445
2026-04-21,=0.0441,=0.0927,=-0.0445
2026-04-20,=0.0614,=0.1110,=-0.0446
2026-04-17,=0.0415,=0.0901,=-0.0446
2026-04-16,=0.0407,=0.0893,=-0.0446
2026-04-15,=0.0290,=0.0771,=-0.0447
2026-04-14,=0.0280,=0.0761,=-0.0448
2026-04-13,=0.0063,=0.0533,=-0.0447
2026-04-10,=-0.0016,=0.0451,=-0.0447
2026-04-09,=-0.0167,=0.0293,=-0.0447
2026-04-08,=-0.0103,=0.0360,=-0.0447
2026-04-07,=-0.0678,=-0.0242,=-0.0446
2026-04-03,=-0.0808,=-0.0379,=-0.0447
2026-04-02,=-0.0765,=-0.0333,=-0.0447
2026-04-01,=-0.0502,=-0.0057,=-0.0448
2026-03-31,=-0.0808,=-0.0378,=-0.0447
2026-03-30,=-0.0564,=-0.0122,=-0.0448
2026-03-27,=-0.0484,=-0.0037,=-0.0448
2026-03-26,=-0.0572,=-0.0129,=-0.0449
2026-03-25,=-0.0378,=0.0075,=-0.0450
2026-03-24,=-0.0558,=-0.0114,=-0.0449
2026-03-23,=-0.0772,=-0.0339,=-0.0449
2026-03-20,=-0.0358,=0.0097,=-0.0450
2026-03-19,=-0.0206,=0.0256,=-0.0450
2026-03-18,=0.0038,=0.0513,=-0.0451
2026-03-17,=-0.0096,=0.0371,=-0.0451
2026-03-16,=0.0128,=0.0608,=-0.0452
2026-03-13,=0.0042,=0.0521,=-0.0455
2026-03-12,=0.0119,=0.0597,=-0.0451
2026-03-11,=0.0244,=0.0731,=-0.0453
2026-03-10,=0.0391,=0.0880,=-0.0449
2026-03-09,=0.0174,=0.0650,=-0.0447
2026-03-06,=0.0349,=0.0833,=-0.0446
2026-03-05,=0.0289,=0.0764,=-0.0441
2026-03-04,=0.0110,=0.0581,=-0.0445
2026-03-03,=0.0159,=0.0634,=-0.0446
2026-03-02,=0.0716,=0.1219,=-0.0448
2026-02-27,=0.0884,=0.1397,=-0.0450
2026-02-26,=0.0867,=0.1380,=-0.0451
2026-02-25,=0.0775,=0.1284,=-0.0451
2026-02-24,=0.0717,=0.1223,=-0.0451
2026-02-13,=0.0752,=0.1261,=-0.0452
2026-02-12,=0.0830,=0.1343,=-0.0452
2026-02-11,=0.0642,=0.1145,=-0.0451
2026-02-10,=0.0760,=0.1270,=-0.0452
2026-02-09,=0.0663,=0.1168,=-0.0452
2026-02-06,=0.0402,=0.0894,=-0.0452
2026-02-05,=0.0475,=0.0972,=-0.0453
2026-02-04,=0.0628,=0.1132,=-0.0453
2026-02-03,=0.0756,=0.1267,=-0.0454
2026-02-02,=0.0609,=0.1112,=-0.0453
2026-01-30,=0.1036,=0.1561,=-0.0454
2026-01-29,=0.1024,=0.1547,=-0.0453
2026-01-28,=0.1367,=0.1908,=-0.0454
2026-01-27,=0.1375,=0.1917,=-0.0455
2026-01-26,=0.1206,=0.1739,=-0.0455
2026-01-23,=0.1358,=0.1900,=-0.0455
2026-01-22,=0.1270,=0.1807,=-0.0455
2026-01-21,=0.1224,=0.1759,=-0.0455
2026-01-20,=0.0842,=0.1358,=-0.0455
2026-01-19,=0.1016,=0.1541,=-0.0455
2026-01-16,=0.1068,=0.1596,=-0.0455
2026-01-15,=0.0923,=0.1442,=-0.0453
2026-01-14,=0.0974,=0.1495,=-0.0454
2026-01-13,=0.0746,=0.1255,=-0.0452
2026-01-12,=0.1054,=0.1579,=-0.0453
2026-01-09,=0.0793,=0.1304,=-0.0452
2026-01-08,=0.0641,=0.1145,=-0.0452
2026-01-07,=0.0556,=0.1055,=-0.0451
2026-01-06,=0.0454,=0.0947,=-0.0451
2026-01-05,=0.0264,=0.0748,=-0.0451
2025-12-31,=-0.0170,=0.0295,=-0.0452
2025-12-30,=-0.0056,=0.0415,=-0.0452
2025-12-29,=-0.0155,=0.0311,=-0.0452
2025-12-26,=-0.0158,=0.0307,=-0.0452
2025-12-25,=-0.0135,=0.0332,=-0.0452
2025-12-24,=-0.0113,=0.0356,=-0.0452
2025-12-23,=-0.0200,=0.0263,=-0.0451
2025-12-22,=-0.0236,=0.0226,=-0.0452
2025-12-19,=-0.0431,=0.0022,=-0.0452
2025-12-18,=-0.0451,=0.0002,=-0.0453
2025-12-17,=-0.0310,=0.0150,=-0.0453
2025-12-16,=-0.0546,=-0.0094,=-0.0456
2025-12-15,=-0.0359,=0.0101,=-0.0456
2025-12-12,=-0.0144,=0.0331,=-0.0459
2025-12-11,=-0.0322,=0.0154,=-0.0469
2025-12-10,=-0.0171,=0.0314,=-0.0470
2025-12-09,=-0.0169,=0.0317,=-0.0472
2025-12-08,=-0.0142,=0.0345,=-0.0472
2025-12-05,=-0.0324,=0.0156,=-0.0473
2025-12-04,=-0.0326,=0.0157,=-0.0475
2025-12-03,=-0.0454,=0.0021,=-0.0474
2025-12-02,=-0.0368,=0.0111,=-0.0473
2025-12-01,=-0.0247,=0.0238,=-0.0474
2025-11-28,=-0.0318,=0.0164,=-0.0474
2025-11-27,=-0.0438,=0.0038,=-0.0474
2025-11-26,=-0.0406,=0.0071,=-0.0474
2025-11-25,=-0.0501,=-0.0027,=-0.0475
2025-11-24,=-0.0542,=-0.0070,=-0.0476
2025-11-21,=-0.0620,=-0.0152,=-0.0475
2025-11-20,=-0.0312,=0.0172,=-0.0476
2025-11-19,=-0.0192,=0.0299,=-0.0477
2025-11-18,=-0.0097,=0.0400,=-0.0477
2025-11-17,=-0.0124,=0.0370,=-0.0477
2025-11-14,=-0.0072,=0.0425,=-0.0477
2025-11-13,=0.0204,=0.0717,=-0.0478
2025-11-12,=0.0060,=0.0565,=-0.0477
2025-11-11,=0.0119,=0.0627,=-0.0478
2025-11-10,=0.0264,=0.0780,=-0.0479
2025-11-07,=0.0324,=0.0842,=-0.0478
2025-11-06,=0.0477,=0.1004,=-0.0479
2025-11-05,=0.0140,=0.0649,=-0.0478
2025-11-04,=0.0117,=0.0624,=-0.0477
2025-11-03,=0.0218,=0.0729,=-0.0476
2025-10-31,=0.0325,=0.0841,=-0.0476
2025-10-30,=0.0656,=0.1190,=-0.0477
2025-10-29,=0.0858,=0.1403,=-0.0478
2025-10-28,=0.0733,=0.1270,=-0.0477
2025-10-27,=0.0822,=0.1365,=-0.0478
2025-10-24,=0.0663,=0.1197,=-0.0477
2025-10-23,=0.0220,=0.0730,=-0.0475
2025-10-22,=0.0251,=0.0762,=-0.0475
2025-10-21,=0.0256,=0.0768,=-0.0475
2025-10-20,=-0.0024,=0.0473,=-0.0474
2025-10-17,=-0.0059,=0.0436,=-0.0475
2025-10-16,=0.0329,=0.0845,=-0.0476
2025-10-15,=0.0426,=0.0948,=-0.0476
2025-10-14,=0.0283,=0.0797,=-0.0476
2025-10-13,=0.0739,=0.1277,=-0.0477
2025-10-10,=0.0592,=0.1121,=-0.0476
2025-10-09,=0.1219,=0.1783,=-0.0479
2025-09-30,=0.0901,=0.1448,=-0.0477
2025-09-29,=0.0721,=0.1257,=-0.0476
2025-09-26,=0.0578,=0.1107,=-0.0477
2025-09-25,=0.0749,=0.1288,=-0.0477
2025-09-24,=0.0618,=0.1150,=-0.0477
2025-09-23,=0.0261,=0.0774,=-0.0476
2025-09-22,=0.0272,=0.0784,=-0.0474
2025-09-19,=-0.0061,=0.0432,=-0.0472
2025-09-18,=0.0069,=0.0567,=-0.0472
2025-09-17,=-0.0001,=0.0491,=-0.0469
2025-09-16,=-0.0093,=0.0397,=-0.0471
2025-09-15,=-0.0219,=0.0261,=-0.0469
2025-09-12,=-0.0233,=0.0243,=-0.0465
2025-09-11,=-0.0314,=0.0151,=-0.0458
2025-09-10,=-0.0802,=-0.0363,=-0.0456
2025-09-09,=-0.0899,=-0.0467,=-0.0453
2025-09-08,=-0.0677,=-0.0235,=-0.0453
2025-09-05,=-0.0731,=-0.0291,=-0.0454
2025-09-04,=-0.1038,=-0.0609,=-0.0457
2025-09-03,=-0.0461,=-0.0001,=-0.0461
2025-09-02,=-0.0308,=0.0166,=-0.0466
2025-09-01,=-0.0094,=0.0387,=-0.0464
2025-08-29,=-0.0211,=0.0266,=-0.0465
2025-08-28,=-0.0044,=0.0444,=-0.0467
2025-08-27,=-0.0710,=-0.0260,=-0.0461
2025-08-26,=-0.0721,=-0.0273,=-0.0460
2025-08-25,=-0.0599,=-0.0144,=-0.0461
2025-08-22,=-0.0891,=-0.0449,=-0.0462
2025-08-21,=-0.1607,=-0.1205,=-0.0457
2025-08-20,=-0.1616,=-0.1212,=-0.0459
2025-08-19,=-0.1878,=-0.1489,=-0.0457
2025-08-18,=-0.1787,=-0.1393,=-0.0458
2025-08-15,=-0.1960,=-0.1573,=-0.0460
2025-08-14,=-0.2072,=-0.1692,=-0.0457
2025-08-13,=-0.2129,=-0.1753,=-0.0456
2025-08-12,=-0.2188,=-0.1814,=-0.0457
2025-08-11,=-0.2334,=-0.1967,=-0.0457
2025-08-08,=-0.2381,=-0.2015,=-0.0459
2025-08-07,=-0.2276,=-0.1904,=-0.0460
2025-08-06,=-0.2262,=-0.1892,=-0.0457
2025-08-05,=-0.2302,=-0.1939,=-0.0451
2025-08-04,=-0.2332,=-0.1971,=-0.0450
2025-08-01,=-0.2422,=-0.2068,=-0.0447
2025-07-31,=-0.2345,=-0.1984,=-0.0450
2025-07-30,=-0.2267,=-0.1902,=-0.0451
2025-07-29,=-0.2181,=-0.1811,=-0.0451
2025-07-28,=-0.2293,=-0.1928,=-0.0451
2025-07-25,=-0.2297,=-0.1935,=-0.0448
2025-07-24,=-0.2454,=-0.2101,=-0.0446
2025-07-23,=-0.2542,=-0.2193,=-0.0447
2025-07-22,=-0.2575,=-0.2228,=-0.0447
2025-07-21,=-0.2637,=-0.2292,=-0.0448
2025-07-18,=-0.2641,=-0.2295,=-0.0450
2025-07-17,=-0.2654,=-0.2309,=-0.0449
2025-07-16,=-0.2713,=-0.2370,=-0.0450
2025-07-15,=-0.2723,=-0.2381,=-0.0449
2025-07-14,=-0.2747,=-0.2411,=-0.0444
2025-07-11,=-0.2733,=-0.2395,=-0.0444
2025-07-10,=-0.2837,=-0.2506,=-0.0441
2025-07-09,=-0.2815,=-0.2483,=-0.0442
2025-07-08,=-0.2752,=-0.2416,=-0.0443
2025-07-07,=-0.2851,=-0.2521,=-0.0441
2025-07-04,=-0.2804,=-0.2471,=-0.0443
2025-07-03,=-0.2804,=-0.2470,=-0.0443
2025-07-02,=-0.2819,=-0.2488,=-0.0440
2025-07-01,=-0.2732,=-0.2396,=-0.0442
2025-06-30,=-0.2670,=-0.2330,=-0.0444
2025-06-27,=-0.2779,=-0.2446,=-0.0441
2025-06-26,=-0.2768,=-0.2433,=-0.0442
2025-06-25,=-0.2727,=-0.2390,=-0.0443
2025-06-24,=-0.2850,=-0.2519,=-0.0442
2025-06-23,=-0.2977,=-0.2651,=-0.0443
2025-06-20,=-0.3008,=-0.2679,=-0.0449
2025-06-19,=-0.2970,=-0.2640,=-0.0449
2025-06-18,=-0.2931,=-0.2601,=-0.0446
2025-06-17,=-0.2970,=-0.2640,=-0.0447
2025-06-16,=-0.2912,=-0.2581,=-0.0447
2025-06-13,=-0.2898,=-0.2566,=-0.0447
2025-06-12,=-0.2868,=-0.2531,=-0.0452
2025-06-11,=-0.2844,=-0.2508,=-0.0448
2025-06-10,=-0.2829,=-0.2493,=-0.0448
2025-06-09,=-0.2722,=-0.2381,=-0.0448
2025-06-06,=-0.2766,=-0.2427,=-0.0447
2025-06-05,=-0.2734,=-0.2391,=-0.0450
2025-06-04,=-0.2811,=-0.2473,=-0.0449
2025-06-03,=-0.2843,=-0.2507,=-0.0448
2025-05-30,=-0.2875,=-0.2543,=-0.0444
2025-05-29,=-0.2812,=-0.2477,=-0.0445
2025-05-28,=-0.2925,=-0.2597,=-0.0444
2025-05-27,=-0.2909,=-0.2579,=-0.0443
2025-05-26,=-0.2839,=-0.2508,=-0.0442
2025-05-23,=-0.2852,=-0.2521,=-0.0443
2025-05-22,=-0.2778,=-0.2444,=-0.0442
2025-05-21,=-0.2743,=-0.2407,=-0.0441
2025-05-20,=-0.2725,=-0.2391,=-0.0440
2025-05-19,=-0.2743,=-0.2409,=-0.0439
2025-05-16,=-0.2745,=-0.2409,=-0.0442
2025-05-15,=-0.2704,=-0.2367,=-0.0442
2025-05-14,=-0.2611,=-0.2269,=-0.0442
2025-05-13,=-0.2640,=-0.2300,=-0.0442
2025-05-12,=-0.2629,=-0.2288,=-0.0441
2025-05-09,=-0.2664,=-0.2326,=-0.0441
2025-05-08,=-0.2518,=-0.2173,=-0.0441
2025-05-07,=-0.2492,=-0.2144,=-0.0442
2025-05-06,=-0.2518,=-0.2172,=-0.0442
2025-04-30,=-0.2620,=-0.2280,=-0.0441
2025-04-29,=-0.2682,=-0.2345,=-0.0440
2025-04-28,=-0.2691,=-0.2353,=-0.0442
2025-04-25,=-0.2680,=-0.2340,=-0.0444
2025-04-24,=-0.2689,=-0.2349,=-0.0444
2025-04-23,=-0.2621,=-0.2278,=-0.0444
2025-04-22,=-0.2595,=-0.2251,=-0.0445
2025-04-21,=-0.2572,=-0.2226,=-0.0445
2025-04-18,=-0.2652,=-0.2309,=-0.0445
2025-04-17,=-0.2592,=-0.2246,=-0.0446
2025-04-16,=-0.2609,=-0.2264,=-0.0446
2025-04-15,=-0.2668,=-0.2326,=-0.0445
2025-04-14,=-0.2609,=-0.2266,=-0.0444
2025-04-11,=-0.2627,=-0.2285,=-0.0443
2025-04-10,=-0.2777,=-0.2441,=-0.0443
2025-04-09,=-0.2854,=-0.2523,=-0.0444
2025-04-08,=-0.3147,=-0.2831,=-0.0441
2025-04-07,=-0.3262,=-0.2953,=-0.0439
2025-04-03,=-0.2579,=-0.2237,=-0.0440
2025-04-02,=-0.2544,=-0.2201,=-0.0440
2025-04-01,=-0.2532,=-0.2189,=-0.0440
2025-03-31,=-0.2545,=-0.2201,=-0.0440
2025-03-28,=-0.2497,=-0.2150,=-0.0442
2025-03-27,=-0.2414,=-0.2065,=-0.0440
2025-03-26,=-0.2495,=-0.2153,=-0.0435
2025-03-25,=-0.2476,=-0.2133,=-0.0436
2025-03-24,=-0.2368,=-0.2024,=-0.0431
2025-03-21,=-0.2392,=-0.2047,=-0.0433
2025-03-20,=-0.2229,=-0.1880,=-0.0429
2025-03-19,=-0.2140,=-0.1788,=-0.0429
2025-03-18,=-0.2040,=-0.1690,=-0.0422
2025-03-17,=-0.2083,=-0.1740,=-0.0415
2025-03-14,=-0.2047,=-0.1703,=-0.0416
2025-03-13,=-0.2183,=-0.1843,=-0.0417
2025-03-12,=-0.2013,=-0.1668,=-0.0415
2025-03-11,=-0.1954,=-0.1606,=-0.0414
2025-03-10,=-0.1920,=-0.1573,=-0.0413
2025-03-07,=-0.1899,=-0.1554,=-0.0409
2025-03-06,=-0.1796,=-0.1447,=-0.0408
2025-03-05,=-0.2070,=-0.1735,=-0.0405
2025-03-04,=-0.2096,=-0.1759,=-0.0408
2025-03-03,=-0.2224,=-0.1899,=-0.0402
2025-02-28,=-0.2108,=-0.1774,=-0.0406
2025-02-27,=-0.1766,=-0.1412,=-0.0413
2025-02-26,=-0.1758,=-0.1407,=-0.0409
2025-02-25,=-0.1929,=-0.1590,=-0.0403
2025-02-24,=-0.1942,=-0.1612,=-0.0395
2025-02-21,=-0.1980,=-0.1652,=-0.0393
2025-02-20,=-0.2425,=-0.2122,=-0.0385
2025-02-19,=-0.2413,=-0.2111,=-0.0383
2025-02-18,=-0.2588,=-0.2289,=-0.0388
2025-02-17,=-0.2402,=-0.2090,=-0.0395
2025-02-14,=-0.2509,=-0.2203,=-0.0392
2025-02-13,=-0.2542,=-0.2244,=-0.0384
2025-02-12,=-0.2365,=-0.2061,=-0.0384
2025-02-11,=-0.2492,=-0.2188,=-0.0389
2025-02-10,=-0.2401,=-0.2094,=-0.0388
2025-02-07,=-0.2531,=-0.2231,=-0.0386
2025-02-06,=-0.2584,=-0.2289,=-0.0383
2025-02-05,=-0.2793,=-0.2505,=-0.0384
2025-01-27,=-0.2998,=-0.2717,=-0.0386
2025-01-24,=-0.2855,=-0.2566,=-0.0388
2025-01-23,=-0.2920,=-0.2633,=-0.0390
2025-01-22,=-0.2852,=-0.2563,=-0.0389
2025-01-21,=-0.2842,=-0.2555,=-0.0385
2025-01-20,=-0.2897,=-0.2617,=-0.0379
2025-01-17,=-0.2912,=-0.2635,=-0.0376
2025-01-16,=-0.2987,=-0.2707,=-0.0384
2025-01-15,=-0.2828,=-0.2545,=-0.0379
2025-01-14,=-0.2799,=-0.2514,=-0.0382
2025-01-13,=-0.3015,=-0.2739,=-0.0380
2025-01-10,=-0.3029,=-0.2752,=-0.0382
2025-01-09,=-0.2954,=-0.2669,=-0.0390
2025-01-08,=-0.2932,=-0.2641,=-0.0396
2025-01-07,=-0.2931,=-0.2638,=-0.0398
2025-01-06,=-0.3129,=-0.2842,=-0.0400
2025-01-03,=-0.3106,=-0.2818,=-0.0401
2025-01-02,=-0.3006,=-0.2715,=-0.0399
2024-12-31,=-0.2757,=-0.2459,=-0.0395
2024-12-30,=-0.2524,=-0.2217,=-0.0395
2024-12-27,=-0.2547,=-0.2233,=-0.0404
2024-12-26,=-0.2492,=-0.2169,=-0.0413
2024-12-25,=-0.2552,=-0.2242,=-0.0399
2024-12-24,=-0.2577,=-0.2268,=-0.0399
2024-12-23,=-0.2689,=-0.2385,=-0.0399
2024-12-20,=-0.2598,=-0.2289,=-0.0401
2024-12-19,=-0.2740,=-0.2428,=-0.0412
2024-12-18,=-0.2825,=-0.2516,=-0.0413
2024-12-17,=-0.2931,=-0.2624,=-0.0416
2024-12-16,=-0.2879,=-0.2563,=-0.0424
2024-12-13,=-0.2769,=-0.2453,=-0.0419
2024-12-12,=-0.2617,=-0.2292,=-0.0422
2024-12-11,=-0.2644,=-0.2320,=-0.0422
2024-12-10,=-0.2622,=-0.2292,=-0.0429
2024-12-09,=-0.2677,=-0.2349,=-0.0428
2024-12-06,=-0.2597,=-0.2265,=-0.0430
2024-12-05,=-0.2684,=-0.2361,=-0.0424
2024-12-04,=-0.2704,=-0.2380,=-0.0425
2024-12-03,=-0.2659,=-0.2335,=-0.0424
2024-12-02,=-0.2583,=-0.2254,=-0.0424
2024-11-29,=-0.2642,=-0.2318,=-0.0421
2024-11-28,=-0.2811,=-0.2499,=-0.0415
2024-11-27,=-0.2795,=-0.2482,=-0.0417
2024-11-26,=-0.3041,=-0.2744,=-0.0410
2024-11-25,=-0.2993,=-0.2696,=-0.0407
2024-11-22,=-0.2910,=-0.2608,=-0.0408
2024-11-21,=-0.2606,=-0.2287,=-0.0413
2024-11-20,=-0.2674,=-0.2359,=-0.0412
2024-11-19,=-0.2707,=-0.2394,=-0.0412
2024-11-18,=-0.2920,=-0.2617,=-0.0410
2024-11-15,=-0.2785,=-0.2479,=-0.0407
2024-11-14,=-0.2499,=-0.2170,=-0.0420
2024-11-13,=-0.2253,=-0.1911,=-0.0423
2024-11-12,=-0.2330,=-0.1993,=-0.0420
2024-11-11,=-0.2155,=-0.1816,=-0.0415
2024-11-08,=-0.2490,=-0.2183,=-0.0393
2024-11-07,=-0.2467,=-0.2162,=-0.0389
2024-11-06,=-0.2691,=-0.2393,=-0.0392
2024-11-05,=-0.2711,=-0.2408,=-0.0400
2024-11-04,=-0.3023,=-0.2724,=-0.0411
2024-11-01,=-0.3129,=-0.2838,=-0.0407
2024-10-31,=-0.2918,=-0.2611,=-0.0414
2024-10-30,=-0.2998,=-0.2692,=-0.0418
2024-10-29,=-0.2870,=-0.2566,=-0.0409
2024-10-28,=-0.2790,=-0.2481,=-0.0411
2024-10-25,=-0.2757,=-0.2445,=-0.0413
2024-10-24,=-0.2853,=-0.2549,=-0.0408
2024-10-23,=-0.2838,=-0.2537,=-0.0403
2024-10-22,=-0.2795,=-0.2486,=-0.0410
2024-10-21,=-0.2690,=-0.2376,=-0.0413
2024-10-18,=-0.2850,=-0.2541,=-0.0414
2024-10-17,=-0.3567,=-0.3300,=-0.0398
2024-10-16,=-0.3595,=-0.3326,=-0.0402
2024-10-15,=-0.3432,=-0.3150,=-0.0412
2024-10-14,=-0.3238,=-0.2943,=-0.0417
2024-10-11,=-0.3436,=-0.3150,=-0.0418
2024-10-10,=-0.3040,=-0.2728,=-0.0428
2024-10-09,=-0.2731,=-0.2396,=-0.0441
2024-10-08,=-0.2554,=-0.2197,=-0.0457
2024-09-30,=-0.3648,=-0.3352,=-0.0445
2024-09-27,=-0.4608,=-0.4361,=-0.0439
2024-09-26,=-0.4951,=-0.4718,=-0.0442
2024-09-25,=-0.5140,=-0.4915,=-0.0443
2024-09-24,=-0.5146,=-0.4917,=-0.0452
2024-09-23,=-0.5323,=-0.5100,=-0.0455
2024-09-20,=-0.5285,=-0.5059,=-0.0457
2024-09-19,=-0.5264,=-0.5035,=-0.0460
2024-09-18,=-0.5295,=-0.5066,=-0.0463
2024-09-13,=-0.5238,=-0.5008,=-0.0460
2024-09-12,=-0.5206,=-0.4979,=-0.0452
2024-09-11,=-0.5166,=-0.4937,=-0.0452
2024-09-10,=-0.5192,=-0.4970,=-0.0441
2024-09-09,=-0.5228,=-0.5009,=-0.0439
2024-09-06,=-0.5175,=-0.4953,=-0.0440
2024-09-05,=-0.5111,=-0.4885,=-0.0442
2024-09-04,=-0.5103,=-0.4877,=-0.0442
2024-09-03,=-0.5085,=-0.4856,=-0.0445
2024-09-02,=-0.5116,=-0.4894,=-0.0435
2024-08-30,=-0.4942,=-0.4710,=-0.0439
2024-08-29,=-0.5048,=-0.4821,=-0.0439
2024-08-28,=-0.5107,=-0.4885,=-0.0435
2024-08-27,=-0.5086,=-0.4861,=-0.0439
2024-08-26,=-0.5027,=-0.4799,=-0.0438
2024-08-23,=-0.5002,=-0.4774,=-0.0437
2024-08-22,=-0.5005,=-0.4776,=-0.0438
2024-08-21,=-0.4959,=-0.4729,=-0.0435
2024-08-20,=-0.4945,=-0.4715,=-0.0435
2024-08-19,=-0.4873,=-0.4640,=-0.0435
2024-08-16,=-0.4859,=-0.4626,=-0.0435
2024-08-15,=-0.4843,=-0.4608,=-0.0435
2024-08-14,=-0.4891,=-0.4658,=-0.0436
2024-08-13,=-0.4822,=-0.4584,=-0.0440
2024-08-12,=-0.4845,=-0.4610,=-0.0437
2024-08-09,=-0.4857,=-0.4623,=-0.0435
2024-08-08,=-0.4834,=-0.4598,=-0.0438
2024-08-07,=-0.4848,=-0.4612,=-0.0437
2024-08-06,=-0.4803,=-0.4564,=-0.0440
2024-08-05,=-0.4873,=-0.4637,=-0.0439
2024-08-02,=-0.4720,=-0.4474,=-0.0444
2024-08-01,=-0.4625,=-0.4374,=-0.0446
2024-07-31,=-0.4593,=-0.4339,=-0.0447
2024-07-30,=-0.4834,=-0.4594,=-0.0444
2024-07-29,=-0.4854,=-0.4614,=-0.0445
2024-07-26,=-0.4762,=-0.4521,=-0.0441
2024-07-25,=-0.4808,=-0.4569,=-0.0441
2024-07-24,=-0.4814,=-0.4573,=-0.0443
2024-07-23,=-0.4756,=-0.4514,=-0.0440
2024-07-22,=-0.4535,=-0.4279,=-0.0447
2024-07-19,=-0.4551,=-0.4299,=-0.0443
2024-07-18,=-0.4659,=-0.4406,=-0.0453
2024-07-17,=-0.4707,=-0.4455,=-0.0454
2024-07-16,=-0.4685,=-0.4432,=-0.0455
2024-07-15,=-0.4803,=-0.4555,=-0.0456
2024-07-12,=-0.4785,=-0.4536,=-0.0456
2024-07-11,=-0.4785,=-0.4538,=-0.0452
2024-07-10,=-0.4841,=-0.4597,=-0.0453
2024-07-09,=-0.4843,=-0.4600,=-0.0449
2024-07-08,=-0.4969,=-0.4733,=-0.0449
2024-07-05,=-0.4920,=-0.4684,=-0.0444
2024-07-04,=-0.4982,=-0.4749,=-0.0443
2024-07-03,=-0.4897,=-0.4662,=-0.0440
2024-07-02,=-0.4916,=-0.4682,=-0.0439
2024-07-01,=-0.4841,=-0.4603,=-0.0442
2024-06-30,=-0.4821,,
2024-06-28,=-0.4820,=-0.4584,=-0.0437
2024-06-27,=-0.4796,=-0.4560,=-0.0434
2024-06-26,=-0.4691,=-0.4452,=-0.0431
2024-06-25,=-0.4777,=-0.4542,=-0.0431
2024-06-24,=-0.4624,=-0.4379,=-0.0435
2024-06-21,=-0.4479,=-0.4233,=-0.0427
2024-06-20,=-0.4502,=-0.4258,=-0.0425
2024-06-19,=-0.4532,=-0.4289,=-0.0425
2024-06-18,=-0.4489,=-0.4250,=-0.0415
2024-06-17,=-0.4488,=-0.4250,=-0.0414
2024-06-14,=-0.4508,=-0.4272,=-0.0412
2024-06-13,=-0.4468,=-0.4236,=-0.0401
2024-06-12,=-0.4495,=-0.4267,=-0.0398
2024-06-11,=-0.4488,=-0.4261,=-0.0395
2024-06-07,=-0.4620,=-0.4397,=-0.0398
2024-06-06,=-0.4591,=-0.4365,=-0.0401
2024-06-05,=-0.4532,=-0.4302,=-0.0404
2024-06-04,=-0.4523,=-0.4289,=-0.0408
2024-06-03,=-0.4547,=-0.4314,=-0.0410
2024-05-31,=-0.4598,=-0.4368,=-0.0407
2024-05-30,=-0.4602,=-0.4373,=-0.0406
2024-05-29,=-0.4666,=-0.4439,=-0.0409
2024-05-28,=-0.4662,=-0.4435,=-0.0408
2024-05-27,=-0.4634,=-0.4406,=-0.0408
2024-05-24,=-0.4717,=-0.4493,=-0.0407
2024-05-23,=-0.4607,=-0.4378,=-0.0408
2024-05-22,=-0.4514,=-0.4283,=-0.0405
2024-05-21,=-0.4561,=-0.4334,=-0.0401
2024-05-20,=-0.4521,=-0.4294,=-0.0399
2024-05-17,=-0.4516,=-0.4287,=-0.0400
2024-05-16,=-0.4574,=-0.4348,=-0.0400
2024-05-15,=-0.4552,=-0.4325,=-0.0400
2024-05-14,=-0.4473,=-0.4243,=-0.0400
2024-05-13,=-0.4450,=-0.4218,=-0.0401
2024-05-10,=-0.4423,=-0.4191,=-0.0399
2024-05-09,=-0.4337,=-0.4103,=-0.0398
2024-05-08,=-0.4463,=-0.4233,=-0.0399
2024-05-07,=-0.4404,=-0.4171,=-0.0399
2024-05-06,=-0.4348,=-0.4112,=-0.0402
2024-04-30,=-0.4423,=-0.4189,=-0.0403
2024-04-29,=-0.4360,=-0.4123,=-0.0403
2024-04-26,=-0.4532,=-0.4304,=-0.0399
2024-04-25,=-0.4668,=-0.4447,=-0.0397
2024-04-24,=-0.4628,=-0.4407,=-0.0395
2024-04-23,=-0.4707,=-0.4489,=-0.0395
2024-04-22,=-0.4678,=-0.4459,=-0.0395
2024-04-19,=-0.4686,=-0.4468,=-0.0394
2024-04-18,=-0.4577,=-0.4354,=-0.0396
2024-04-17,=-0.4543,=-0.4315,=-0.0402
2024-04-16,=-0.4673,=-0.4449,=-0.0404
2024-04-15,=-0.4544,=-0.4314,=-0.0404
2024-04-12,=-0.4630,=-0.4409,=-0.0396
2024-04-11,=-0.4625,=-0.4407,=-0.0389
2024-04-10,=-0.4641,=-0.4429,=-0.0379
2024-04-09,=-0.4540,=-0.4324,=-0.0380
2024-04-08,=-0.4607,=-0.4392,=-0.0383
2024-04-03,=-0.4487,=-0.4270,=-0.0379
2024-04-02,=-0.4400,=-0.4179,=-0.0379
2024-04-01,=-0.4351,=-0.4128,=-0.0380
2024-03-29,=-0.4445,=-0.4225,=-0.0381
2024-03-28,=-0.4443,=-0.4221,=-0.0384
2024-03-27,=-0.4519,=-0.4300,=-0.0384
2024-03-26,=-0.4378,=-0.4154,=-0.0383
2024-03-25,=-0.4310,=-0.4082,=-0.0386
2024-03-22,=-0.4216,=-0.3987,=-0.0382
2024-03-21,=-0.4125,=-0.3896,=-0.0375
2024-03-20,=-0.4065,=-0.3836,=-0.0371
2024-03-19,=-0.4085,=-0.3854,=-0.0377
2024-03-18,=-0.3991,=-0.3750,=-0.0384
2024-03-15,=-0.4116,=-0.3877,=-0.0391
2024-03-14,=-0.4145,=-0.3906,=-0.0392
2024-03-13,=-0.4070,=-0.3830,=-0.0390
2024-03-12,=-0.4052,=-0.3808,=-0.0394
2024-03-11,=-0.4043,=-0.3803,=-0.0388
2024-03-08,=-0.4155,=-0.3918,=-0.0389
2024-03-07,=-0.4218,=-0.3986,=-0.0386
2024-03-06,=-0.4091,=-0.3853,=-0.0387
2024-03-05,=-0.4052,=-0.3808,=-0.0393
2024-03-04,=-0.4045,=-0.3803,=-0.0391
2024-03-01,=-0.4063,=-0.3825,=-0.0384
2024-02-29,=-0.4120,=-0.3884,=-0.0385
2024-02-28,=-0.4382,=-0.4158,=-0.0384
2024-02-27,=-0.4195,=-0.3966,=-0.0379
2024-02-26,=-0.4402,=-0.4181,=-0.0379
2024-02-23,=-0.4431,=-0.4212,=-0.0379
2024-02-22,=-0.4446,=-0.4227,=-0.0379
2024-02-21,=-0.4500,=-0.4282,=-0.0381
2024-02-20,=-0.4507,=-0.4286,=-0.0388
2024-02-19,=-0.4447,=-0.4220,=-0.0392
2024-02-08,=-0.4529,=-0.4310,=-0.0385
2024-02-07,=-0.4595,=-0.4371,=-0.0397
2024-02-06,=-0.4750,=-0.4542,=-0.0380
2024-02-05,=-0.5075,=-0.4876,=-0.0389
2024-02-02,=-0.5088,=-0.4901,=-0.0366
2024-02-01,=-0.4964,=-0.4775,=-0.0361
2024-01-31,=-0.4997,=-0.4815,=-0.0352
2024-01-30,=-0.4902,=-0.4716,=-0.0352
2024-01-29,=-0.4701,=-0.4508,=-0.0351
2024-01-26,=-0.4550,=-0.4351,=-0.0353
2024-01-25,=-0.4411,=-0.4202,=-0.0362
2024-01-24,=-0.4531,=-0.4319,=-0.0373
2024-01-23,=-0.4541,=-0.4323,=-0.0384
2024-01-22,=-0.4600,=-0.4380,=-0.0391
2024-01-19,=-0.4424,=-0.4204,=-0.0379
2024-01-18,=-0.4398,=-0.4183,=-0.0370
2024-01-17,=-0.4479,=-0.4268,=-0.0368
2024-01-16,=-0.4328,=-0.4114,=-0.0364
2024-01-15,=-0.4357,=-0.4144,=-0.0363
2024-01-12,=-0.4321,=-0.4107,=-0.0364
2024-01-11,=-0.4235,=-0.4019,=-0.0361
2024-01-10,=-0.4326,=-0.4116,=-0.0357
2024-01-09,=-0.4285,=-0.4072,=-0.0359
2024-01-08,=-0.4268,=-0.4061,=-0.0349
2024-01-05,=-0.4100,=-0.3884,=-0.0353
2024-01-04,=-0.3982,=-0.3762,=-0.0353
2024-01-03,=-0.3936,=-0.3717,=-0.0349
2024-01-02,=-0.3861,=-0.3641,=-0.0345
2023-12-31,=-0.3770,,
2023-12-29,=-0.3769,=-0.3549,=-0.0341
2023-12-28,=-0.3786,=-0.3561,=-0.0349
2023-12-27,=-0.3937,=-0.3715,=-0.0353
2023-12-26,=-0.3970,=-0.3751,=-0.0349
2023-12-25,=-0.3877,=-0.3661,=-0.0342
2023-12-22,=-0.3831,=-0.3615,=-0.0339
2023-12-21,=-0.3800,=-0.3581,=-0.0342
2023-12-20,=-0.3882,=-0.3672,=-0.0332
2023-12-19,=-0.3808,=-0.3595,=-0.0332
2023-12-18,=-0.3846,=-0.3635,=-0.0332
2023-12-15,=-0.3791,=-0.3583,=-0.0324
2023-12-14,=-0.3736,=-0.3519,=-0.0334
2023-12-13,=-0.3702,=-0.3479,=-0.0343
2023-12-12,=-0.3637,=-0.3413,=-0.0340
2023-12-11,=-0.3585,=-0.3348,=-0.0356
2023-12-08,=-0.3659,=-0.3426,=-0.0354
2023-12-07,=-0.3807,=-0.3583,=-0.0349
2023-12-06,=-0.3795,=-0.3573,=-0.0346
2023-12-05,=-0.3824,=-0.3596,=-0.0356
2023-12-04,=-0.3713,=-0.3474,=-0.0366
2023-12-01,=-0.3678,=-0.3431,=-0.0376
2023-11-30,=-0.3695,=-0.3445,=-0.0380
2023-11-29,=-0.3716,=-0.3473,=-0.0373
2023-11-28,=-0.3655,=-0.3405,=-0.0379
2023-11-27,=-0.3683,=-0.3435,=-0.0378
2023-11-24,=-0.3710,=-0.3461,=-0.0381
2023-11-23,=-0.3620,=-0.3362,=-0.0388
2023-11-22,=-0.3672,=-0.3415,=-0.0390
2023-11-21,=-0.3566,=-0.3308,=-0.0385
2023-11-20,=-0.3510,=-0.3250,=-0.0385
2023-11-17,=-0.3529,=-0.3260,=-0.0399
2023-11-16,=-0.3556,=-0.3292,=-0.0394
2023-11-15,=-0.3447,=-0.3178,=-0.0395
2023-11-14,=-0.3434,=-0.3162,=-0.0397
2023-11-13,=-0.3487,=-0.3221,=-0.0393
2023-11-10,=-0.3532,=-0.3272,=-0.0386
2023-11-09,=-0.3495,=-0.3242,=-0.0375
2023-11-08,=-0.3450,=-0.3198,=-0.0371
2023-11-07,=-0.3503,=-0.3259,=-0.0362
2023-11-06,=-0.3507,=-0.3269,=-0.0354
2023-11-03,=-0.3621,=-0.3381,=-0.0363
2023-11-02,=-0.3736,=-0.3498,=-0.0366
2023-11-01,=-0.3664,=-0.3422,=-0.0368
2023-10-31,=-0.3634,=-0.3388,=-0.0371
2023-10-30,=-0.3603,=-0.3361,=-0.0365
2023-10-27,=-0.3716,=-0.3484,=-0.0357
2023-10-26,=-0.3811,=-0.3579,=-0.0361
2023-10-25,=-0.3820,=-0.3584,=-0.0369
2023-10-24,=-0.3807,=-0.3569,=-0.0371
2023-10-23,=-0.3870,=-0.3648,=-0.0350
2023-10-20,=-0.3720,=-0.3484,=-0.0363
2023-10-19,=-0.3670,=-0.3421,=-0.0377
2023-10-18,=-0.3674,=-0.3424,=-0.0380
2023-10-17,=-0.3587,=-0.3330,=-0.0385
2023-10-16,=-0.3638,=-0.3392,=-0.0372
2023-10-13,=-0.3508,=-0.3258,=-0.0371
2023-10-12,=-0.3452,=-0.3196,=-0.0377
2023-10-11,=-0.3489,=-0.3245,=-0.0361
2023-10-10,=-0.3579,=-0.3331,=-0.0371
2023-10-09,=-0.3541,=-0.3292,=-0.0370
2023-09-28,=-0.3531,=-0.3288,=-0.0362
2023-09-27,=-0.3579,=-0.3345,=-0.0352
2023-09-26,=-0.3615,=-0.3377,=-0.0360
2023-09-25,=-0.3622,=-0.3389,=-0.0354
2023-09-22,=-0.3566,=-0.3326,=-0.0361
2023-09-21,=-0.3729,=-0.3496,=-0.0358
2023-09-20,=-0.3693,=-0.3453,=-0.0366
2023-09-19,=-0.3639,=-0.3396,=-0.0369
2023-09-18,=-0.3593,=-0.3351,=-0.0365
2023-09-15,=-0.3537,=-0.3294,=-0.0362
2023-09-14,=-0.3581,=-0.3341,=-0.0360
2023-09-13,=-0.3520,=-0.3278,=-0.0360
2023-09-12,=-0.3432,=-0.3184,=-0.0364
2023-09-11,=-0.3395,=-0.3139,=-0.0372
2023-09-08,=-0.3440,=-0.3185,=-0.0374
2023-09-07,=-0.3447,=-0.3198,=-0.0367
2023-09-06,=-0.3200,=-0.2935,=-0.0375
2023-09-05,=-0.3227,=-0.2965,=-0.0373
2023-09-04,=-0.3146,=-0.2875,=-0.0380
2023-09-01,=-0.3205,=-0.2933,=-0.0385
2023-08-31,=-0.3150,=-0.2874,=-0.0387
2023-08-30,=-0.3168,=-0.2896,=-0.0383
2023-08-29,=-0.3336,=-0.3072,=-0.0381
2023-08-28,=-0.3597,=-0.3346,=-0.0377
2023-08-25,=-0.3666,=-0.3420,=-0.0373
2023-08-24,=-0.3561,=-0.3306,=-0.0381
2023-08-23,=-0.3603,=-0.3351,=-0.0378
2023-08-22,=-0.3449,=-0.3188,=-0.0383
2023-08-21,=-0.3511,=-0.3256,=-0.0379
2023-08-18,=-0.3422,=-0.3164,=-0.0377
2023-08-17,=-0.3378,=-0.3118,=-0.0378
2023-08-16,=-0.3439,=-0.3183,=-0.0376
2023-08-15,=-0.3328,=-0.3064,=-0.0380
2023-08-14,=-0.3235,=-0.2966,=-0.0383
2023-08-11,=-0.3177,=-0.2903,=-0.0385
2023-08-10,=-0.3034,=-0.2751,=-0.0390
2023-08-09,=-0.3045,=-0.2764,=-0.0388
2023-08-08,=-0.2987,=-0.2703,=-0.0390
2023-08-07,=-0.2965,=-0.2678,=-0.0391
2023-08-04,=-0.2914,=-0.2626,=-0.0390
2023-08-03,=-0.2953,=-0.2667,=-0.0390
2023-08-02,=-0.2967,=-0.2682,=-0.0390
2023-08-01,=-0.2959,=-0.2672,=-0.0391
2023-07-31,=-0.2963,=-0.2678,=-0.0389
2023-07-28,=-0.3010,=-0.2726,=-0.0391
2023-07-27,=-0.3084,=-0.2804,=-0.0389
2023-07-26,=-0.3017,=-0.2733,=-0.0390
2023-07-25,=-0.2997,=-0.2712,=-0.0390
2023-07-24,=-0.3096,=-0.2817,=-0.0389
2023-07-21,=-0.3059,=-0.2779,=-0.0387
2023-07-20,=-0.3018,=-0.2737,=-0.0387
2023-07-19,=-0.2922,=-0.2635,=-0.0389
2023-07-18,=-0.2886,=-0.2598,=-0.0389
2023-07-17,=-0.2852,=-0.2562,=-0.0389
2023-07-14,=-0.2802,=-0.2511,=-0.0388
2023-07-13,=-0.2772,=-0.2479,=-0.0390
2023-07-12,=-0.2852,=-0.2562,=-0.0389
2023-07-11,=-0.2733,=-0.2440,=-0.0388
2023-07-10,=-0.2788,=-0.2498,=-0.0386
2023-07-07,=-0.2802,=-0.2513,=-0.0386
2023-07-06,=-0.2728,=-0.2436,=-0.0387
2023-07-05,=-0.2702,=-0.2408,=-0.0386
2023-07-04,=-0.2631,=-0.2336,=-0.0385
2023-07-03,=-0.2681,=-0.2388,=-0.0384
2023-06-30,=-0.2703,=-0.2413,=-0.0382
2023-06-29,=-0.2729,=-0.2441,=-0.0382
2023-06-28,=-0.2679,=-0.2390,=-0.0380
2023-06-27,=-0.2656,=-0.2367,=-0.0380
2023-06-26,=-0.2668,=-0.2378,=-0.0380
2023-06-21,=-0.2599,=-0.2308,=-0.0378
2023-06-20,=-0.2345,=-0.2044,=-0.0378
2023-06-19,=-0.2345,=-0.2043,=-0.0379
2023-06-16,=-0.2366,=-0.2063,=-0.0382
2023-06-15,=-0.2510,=-0.2206,=-0.0390
2023-06-14,=-0.2502,=-0.2197,=-0.0391
2023-06-13,=-0.2473,=-0.2166,=-0.0392
2023-06-12,=-0.2570,=-0.2263,=-0.0396
2023-06-09,=-0.2517,=-0.2219,=-0.0383
2023-06-08,=-0.2700,=-0.2412,=-0.0380
2023-06-07,=-0.2618,=-0.2322,=-0.0386
2023-06-06,=-0.2592,=-0.2293,=-0.0388
2023-06-05,=-0.2387,=-0.2077,=-0.0391
2023-06-02,=-0.2374,=-0.2065,=-0.0390
2023-06-01,=-0.2373,=-0.2063,=-0.0390
2023-05-31,=-0.2370,=-0.2061,=-0.0390
2023-05-30,=-0.2444,=-0.2137,=-0.0391
2023-05-29,=-0.2559,=-0.2258,=-0.0389
2023-05-26,=-0.2485,=-0.2180,=-0.0389
2023-05-25,=-0.2605,=-0.2308,=-0.0386
2023-05-24,=-0.2677,=-0.2383,=-0.0386
2023-05-23,=-0.2646,=-0.2350,=-0.0387
2023-05-22,=-0.2532,=-0.2230,=-0.0389
2023-05-19,=-0.2474,=-0.2169,=-0.0390
2023-05-18,=-0.2515,=-0.2210,=-0.0391
2023-05-17,=-0.2552,=-0.2250,=-0.0389
2023-05-16,=-0.2579,=-0.2278,=-0.0390
2023-05-15,=-0.2580,=-0.2279,=-0.0390
2023-05-12,=-0.2666,=-0.2367,=-0.0392
2023-05-11,=-0.2580,=-0.2277,=-0.0392
2023-05-10,=-0.2582,=-0.2279,=-0.0392
2023-05-09,=-0.2520,=-0.2215,=-0.0392
2023-05-08,=-0.2355,=-0.2042,=-0.0393
2023-05-05,=-0.2413,=-0.2103,=-0.0393
2023-05-04,=-0.2304,=-0.1990,=-0.0393
2023-04-28,=-0.2134,=-0.1812,=-0.0394
2023-04-27,=-0.2277,=-0.1961,=-0.0392
2023-04-26,=-0.2270,=-0.1954,=-0.0393
2023-04-25,=-0.2222,=-0.1903,=-0.0394
2023-04-24,=-0.2082,=-0.1756,=-0.0395
2023-04-21,=-0.1936,=-0.1604,=-0.0396
2023-04-20,=-0.1590,=-0.1242,=-0.0398
2023-04-19,=-0.1813,=-0.1471,=-0.0401
2023-04-18,=-0.1847,=-0.1506,=-0.0401
2023-04-17,=-0.1773,=-0.1428,=-0.0402
2023-04-14,=-0.1801,=-0.1458,=-0.0402
2023-04-13,=-0.2061,=-0.1729,=-0.0401
2023-04-12,=-0.1848,=-0.1509,=-0.0399
2023-04-11,=-0.1904,=-0.1567,=-0.0401
2023-04-10,=-0.1851,=-0.1511,=-0.0401
2023-04-07,=-0.1620,=-0.1271,=-0.0399
2023-04-06,=-0.1721,=-0.1377,=-0.0399
2023-04-04,=-0.1850,=-0.1511,=-0.0399
2023-04-03,=-0.1870,=-0.1531,=-0.0401
2023-03-31,=-0.2193,=-0.1869,=-0.0398
2023-03-30,=-0.2306,=-0.1988,=-0.0397
2023-03-29,=-0.2331,=-0.2015,=-0.0397
2023-03-28,=-0.2499,=-0.2191,=-0.0394
2023-03-27,=-0.2365,=-0.2050,=-0.0396
2023-03-24,=-0.2340,=-0.2023,=-0.0398
2023-03-23,=-0.2354,=-0.2038,=-0.0397
2023-03-22,=-0.2531,=-0.2226,=-0.0392
2023-03-21,=-0.2559,=-0.2255,=-0.0393
2023-03-20,=-0.2595,=-0.2291,=-0.0394
2023-03-17,=-0.2662,=-0.2363,=-0.0391
2023-03-16,=-0.2827,=-0.2539,=-0.0386
2023-03-15,=-0.2718,=-0.2427,=-0.0385
2023-03-14,=-0.2682,=-0.2381,=-0.0395
2023-03-13,=-0.2781,=-0.2490,=-0.0388
2023-03-10,=-0.2813,=-0.2530,=-0.0379
2023-03-09,=-0.2768,=-0.2495,=-0.0364
2023-03-08,=-0.2785,=-0.2520,=-0.0354
2023-03-07,=-0.2818,=-0.2553,=-0.0357
2023-03-06,=-0.2694,=-0.2424,=-0.0356
2023-03-03,=-0.2760,=-0.2490,=-0.0359
2023-03-02,=-0.2834,=-0.2565,=-0.0362
2023-03-01,=-0.2792,=-0.2522,=-0.0361
2023-02-28,=-0.2822,=-0.2553,=-0.0361
2023-02-27,=-0.2852,=-0.2585,=-0.0360
2023-02-24,=-0.2822,=-0.2552,=-0.0362
2023-02-23,=-0.2809,=-0.2538,=-0.0363
2023-02-22,=-0.2831,=-0.2560,=-0.0364
2023-02-21,=-0.2788,=-0.2514,=-0.0366
2023-02-20,=-0.2765,=-0.2491,=-0.0366
2023-02-17,=-0.2856,=-0.2585,=-0.0367
2023-02-16,=-0.2720,=-0.2443,=-0.0367
2023-02-15,=-0.2584,=-0.2300,=-0.0368
2023-02-14,=-0.2593,=-0.2311,=-0.0367
2023-02-13,=-0.2584,=-0.2301,=-0.0367
2023-02-10,=-0.2580,=-0.2297,=-0.0367
2023-02-09,=-0.2491,=-0.2205,=-0.0367
2023-02-08,=-0.2680,=-0.2401,=-0.0367
2023-02-07,=-0.2612,=-0.2330,=-0.0367
2023-02-06,=-0.2581,=-0.2298,=-0.0367
2023-02-03,=-0.2513,=-0.2227,=-0.0368
2023-02-02,=-0.2529,=-0.2244,=-0.0367
2023-02-01,=-0.2568,=-0.2283,=-0.0368
2023-01-31,=-0.2655,=-0.2374,=-0.0369
2023-01-30,=-0.2531,=-0.2244,=-0.0369
2023-01-20,=-0.2549,=-0.2263,=-0.0370
2023-01-19,=-0.2588,=-0.2304,=-0.0369
2023-01-18,=-0.2710,=-0.2431,=-0.0368
2023-01-17,=-0.2732,=-0.2454,=-0.0368
2023-01-16,=-0.2813,=-0.2537,=-0.0369
2023-01-13,=-0.2945,=-0.2675,=-0.0368
2023-01-12,=-0.2946,=-0.2676,=-0.0369
2023-01-11,=-0.2947,=-0.2678,=-0.0369
2023-01-10,=-0.2830,=-0.2555,=-0.0370
2023-01-09,=-0.2842,=-0.2567,=-0.0370
2023-01-06,=-0.2824,=-0.2549,=-0.0369
2023-01-05,=-0.2879,=-0.2606,=-0.0369
2023-01-04,=-0.2959,=-0.2689,=-0.0369
2023-01-03,=-0.2904,=-0.2633,=-0.0369
2022-12-31,=-0.3050,,
2022-12-30,=-0.3050,=-0.2783,=-0.0369
2022-12-29,=-0.3032,=-0.2766,=-0.0368
2022-12-28,=-0.3068,=-0.2803,=-0.0368
2022-12-27,=-0.3025,=-0.2759,=-0.0368
2022-12-26,=-0.3113,=-0.2849,=-0.0368
2022-12-23,=-0.3336,=-0.3081,=-0.0369
2022-12-22,=-0.3260,=-0.3002,=-0.0369
2022-12-21,=-0.3188,=-0.2927,=-0.0369
2022-12-20,=-0.3101,=-0.2837,=-0.0368
2022-12-19,=-0.3075,=-0.2811,=-0.0366
2022-12-16,=-0.2913,=-0.2645,=-0.0365
2022-12-15,=-0.2834,=-0.2563,=-0.0364
2022-12-14,=-0.2872,=-0.2600,=-0.0367
2022-12-13,=-0.2837,=-0.2562,=-0.0369
2022-12-12,=-0.2724,=-0.2447,=-0.0366
2022-12-09,=-0.2740,=-0.2469,=-0.0359
2022-12-08,=-0.2754,=-0.2502,=-0.0336
2022-12-07,=-0.2732,=-0.2478,=-0.0337
2022-12-06,=-0.2710,=-0.2458,=-0.0334
2022-12-05,=-0.2712,=-0.2455,=-0.0341
2022-12-02,=-0.2684,=-0.2421,=-0.0347
2022-12-01,=-0.2679,=-0.2412,=-0.0353
2022-11-30,=-0.2745,=-0.2480,=-0.0352
2022-11-29,=-0.2727,=-0.2463,=-0.0350
2022-11-28,=-0.2792,=-0.2536,=-0.0343
2022-11-25,=-0.2740,=-0.2482,=-0.0344
2022-11-24,=-0.2631,=-0.2366,=-0.0346
2022-11-23,=-0.2620,=-0.2354,=-0.0348
2022-11-22,=-0.2616,=-0.2348,=-0.0351
2022-11-21,=-0.2511,=-0.2238,=-0.0352
2022-11-18,=-0.2516,=-0.2241,=-0.0354
2022-11-17,=-0.2447,=-0.2168,=-0.0355
2022-11-16,=-0.2485,=-0.2208,=-0.0356
2022-11-15,=-0.2373,=-0.2091,=-0.0357
2022-11-14,=-0.2582,=-0.2310,=-0.0354
2022-11-11,=-0.2578,=-0.2307,=-0.0352
2022-11-10,=-0.2580,=-0.2308,=-0.0353
2022-11-09,=-0.2475,=-0.2200,=-0.0353
2022-11-08,=-0.2373,=-0.2093,=-0.0354
2022-11-07,=-0.2304,=-0.2021,=-0.0356
2022-11-04,=-0.2221,=-0.1934,=-0.0356
2022-11-03,=-0.2399,=-0.2120,=-0.0354
2022-11-02,=-0.2479,=-0.2202,=-0.0355
2022-11-01,=-0.2571,=-0.2297,=-0.0355
2022-10-31,=-0.2674,=-0.2404,=-0.0355
2022-10-28,=-0.2793,=-0.2529,=-0.0354
2022-10-27,=-0.2713,=-0.2445,=-0.0354
2022-10-26,=-0.2724,=-0.2457,=-0.0354
2022-10-25,=-0.2955,=-0.2697,=-0.0353
2022-10-24,=-0.2968,=-0.2711,=-0.0352
2022-10-21,=-0.2979,=-0.2723,=-0.0352
2022-10-20,=-0.3007,=-0.2753,=-0.0351
2022-10-19,=-0.3111,=-0.2861,=-0.0350
2022-10-18,=-0.3035,=-0.2783,=-0.0350
2022-10-17,=-0.3012,=-0.2758,=-0.0350
2022-10-14,=-0.3072,=-0.2821,=-0.0350
2022-10-13,=-0.3277,=-0.3034,=-0.0348
2022-10-12,=-0.3288,=-0.3046,=-0.0348
2022-10-11,=-0.3520,=-0.3288,=-0.0345
2022-10-10,=-0.3486,=-0.3254,=-0.0345
2022-09-30,=-0.3183,=-0.2938,=-0.0347
2022-09-29,=-0.3023,=-0.2771,=-0.0348
2022-09-28,=-0.3061,=-0.2811,=-0.0348
2022-09-27,=-0.2914,=-0.2659,=-0.0348
2022-09-26,=-0.3019,=-0.2769,=-0.0346
2022-09-23,=-0.3025,=-0.2776,=-0.0346
2022-09-22,=-0.2915,=-0.2663,=-0.0344
2022-09-21,=-0.2953,=-0.2704,=-0.0341
2022-09-20,=-0.2847,=-0.2593,=-0.0343
2022-09-19,=-0.2913,=-0.2666,=-0.0338
2022-09-16,=-0.2745,=-0.2493,=-0.0336
2022-09-15,=-0.2731,=-0.2481,=-0.0332
2022-09-14,=-0.2506,=-0.2246,=-0.0335
2022-09-13,=-0.2506,=-0.2247,=-0.0334
2022-09-09,=-0.2486,=-0.2228,=-0.0332
2022-09-08,=-0.2420,=-0.2175,=-0.0312
2022-09-07,=-0.2358,=-0.2109,=-0.0316
2022-09-06,=-0.2455,=-0.2213,=-0.0311
2022-09-05,=-0.2547,=-0.2298,=-0.0322
2022-09-02,=-0.2513,=-0.2255,=-0.0333
2022-09-01,=-0.2543,=-0.2289,=-0.0329
2022-08-31,=-0.2515,=-0.2259,=-0.0331
2022-08-30,=-0.2365,=-0.2104,=-0.0331
2022-08-29,=-0.2333,=-0.2074,=-0.0328
2022-08-26,=-0.2397,=-0.2136,=-0.0331
2022-08-25,=-0.2325,=-0.2062,=-0.0332
2022-08-24,=-0.2230,=-0.1963,=-0.0332
2022-08-23,=-0.1952,=-0.1675,=-0.0333
2022-08-22,=-0.1952,=-0.1676,=-0.0332
2022-08-19,=-0.1945,=-0.1667,=-0.0333
2022-08-18,=-0.1668,=-0.1380,=-0.0334
2022-08-17,=-0.1772,=-0.1488,=-0.0333
2022-08-16,=-0.1736,=-0.1451,=-0.0334
2022-08-15,=-0.1690,=-0.1402,=-0.0335
2022-08-12,=-0.1672,=-0.1384,=-0.0335
2022-08-11,=-0.1478,=-0.1181,=-0.0337
2022-08-10,=-0.1602,=-0.1309,=-0.0337
2022-08-09,=-0.1557,=-0.1262,=-0.0337
2022-08-08,=-0.1627,=-0.1336,=-0.0336
2022-08-05,=-0.1592,=-0.1300,=-0.0336
2022-08-04,=-0.1929,=-0.1650,=-0.0334
2022-08-03,=-0.2006,=-0.1730,=-0.0334
2022-08-02,=-0.2044,=-0.1770,=-0.0332
2022-08-01,=-0.2006,=-0.1731,=-0.0332
2022-07-29,=-0.2088,=-0.1815,=-0.0333
2022-07-28,=-0.1944,=-0.1666,=-0.0333
2022-07-27,=-0.2041,=-0.1767,=-0.0333
2022-07-26,=-0.2121,=-0.1850,=-0.0333
2022-07-25,=-0.2200,=-0.1932,=-0.0333
2022-07-22,=-0.2117,=-0.1848,=-0.0330
2022-07-21,=-0.2076,=-0.1800,=-0.0336
2022-07-20,=-0.2162,=-0.1889,=-0.0336
2022-07-19,=-0.2290,=-0.2022,=-0.0336
2022-07-18,=-0.2240,=-0.1970,=-0.0336
2022-07-15,=-0.2219,=-0.1948,=-0.0336
2022-07-14,=-0.2186,=-0.1914,=-0.0336
2022-07-13,=-0.2359,=-0.2095,=-0.0335
2022-07-12,=-0.2384,=-0.2121,=-0.0334
2022-07-11,=-0.2154,=-0.1882,=-0.0336
2022-07-08,=-0.1988,=-0.1710,=-0.0336
2022-07-07,=-0.1933,=-0.1653,=-0.0336
2022-07-06,=-0.2006,=-0.1728,=-0.0336
2022-07-05,=-0.2084,=-0.1809,=-0.0336
2022-07-04,=-0.2053,=-0.1778,=-0.0335
2022-07-01,=-0.2095,=-0.1823,=-0.0333
2022-06-30,=-0.1975,=-0.1698,=-0.0334
2022-06-29,=-0.2083,=-0.1811,=-0.0332
2022-06-28,=-0.1891,=-0.1611,=-0.0334
2022-06-27,=-0.1992,=-0.1716,=-0.0334
2022-06-24,=-0.2006,=-0.1730,=-0.0334
2022-06-23,=-0.2149,=-0.1878,=-0.0334
2022-06-22,=-0.2282,=-0.2018,=-0.0331
2022-06-21,=-0.2141,=-0.1873,=-0.0330
2022-06-20,=-0.2053,=-0.1781,=-0.0331
2022-06-17,=-0.2077,=-0.1806,=-0.0331
2022-06-16,=-0.2174,=-0.1905,=-0.0332
2022-06-15,=-0.2295,=-0.2027,=-0.0336
2022-06-14,=-0.2245,=-0.1968,=-0.0344
2022-06-13,=-0.2114,=-0.1835,=-0.0342
2022-06-10,=-0.2008,=-0.1727,=-0.0339
2022-06-09,=-0.2154,=-0.1891,=-0.0324
2022-06-08,=-0.1947,=-0.1664,=-0.0340
2022-06-07,=-0.1949,=-0.1667,=-0.0339
2022-06-06,=-0.1883,=-0.1591,=-0.0348
2022-06-02,=-0.2183,=-0.1903,=-0.0346
2022-06-01,=-0.2531,=-0.2265,=-0.0343
2022-05-31,=-0.2505,=-0.2238,=-0.0344
2022-05-30,=-0.2747,=-0.2491,=-0.0341
2022-05-27,=-0.2801,=-0.2550,=-0.0337
2022-05-26,=-0.2726,=-0.2471,=-0.0338
2022-05-25,=-0.2713,=-0.2457,=-0.0339
2022-05-24,=-0.2784,=-0.2531,=-0.0338
2022-05-23,=-0.2429,=-0.2162,=-0.0340
2022-05-20,=-0.2434,=-0.2168,=-0.0340
2022-05-19,=-0.2499,=-0.2236,=-0.0339
2022-05-18,=-0.2660,=-0.2403,=-0.0338
2022-05-17,=-0.2686,=-0.2431,=-0.0338
2022-05-16,=-0.2786,=-0.2534,=-0.0338
2022-05-13,=-0.2683,=-0.2428,=-0.0337
2022-05-12,=-0.2667,=-0.2411,=-0.0337
2022-05-11,=-0.2744,=-0.2491,=-0.0337
2022-05-10,=-0.2963,=-0.2718,=-0.0337
2022-05-09,=-0.3147,=-0.2908,=-0.0338
2022-05-06,=-0.3179,=-0.2942,=-0.0336
2022-05-05,=-0.3079,=-0.2839,=-0.0336
2022-04-29,=-0.3144,=-0.2906,=-0.0335
2022-04-28,=-0.3461,=-0.3237,=-0.0332
2022-04-27,=-0.3437,=-0.3211,=-0.0332
2022-04-26,=-0.3714,=-0.3499,=-0.0331
2022-04-25,=-0.3597,=-0.3377,=-0.0333
2022-04-22,=-0.3181,=-0.2944,=-0.0336
2022-04-21,=-0.3068,=-0.2827,=-0.0336
2022-04-20,=-0.2955,=-0.2709,=-0.0338
2022-04-19,=-0.2837,=-0.2586,=-0.0339
2022-04-18,=-0.2730,=-0.2476,=-0.0338
2022-04-15,=-0.2954,=-0.2710,=-0.0335
2022-04-14,=-0.2940,=-0.2694,=-0.0337
2022-04-13,=-0.3018,=-0.2774,=-0.0338
2022-04-12,=-0.2803,=-0.2552,=-0.0337
2022-04-11,=-0.2844,=-0.2595,=-0.0336
2022-04-08,=-0.2565,=-0.2307,=-0.0337
2022-04-07,=-0.2502,=-0.2240,=-0.0337
2022-04-06,=-0.2341,=-0.2072,=-0.0339
2022-04-01,=-0.2118,=-0.1843,=-0.0337
2022-03-31,=-0.2104,=-0.1829,=-0.0337
2022-03-30,=-0.1948,=-0.1668,=-0.0336
2022-03-29,=-0.2183,=-0.1912,=-0.0336
2022-03-28,=-0.2106,=-0.1831,=-0.0336
2022-03-25,=-0.1988,=-0.1710,=-0.0335
2022-03-24,=-0.1788,=-0.1503,=-0.0335
2022-03-23,=-0.1720,=-0.1431,=-0.0336
2022-03-22,=-0.1790,=-0.1505,=-0.0336
2022-03-21,=-0.1659,=-0.1370,=-0.0335
2022-03-18,=-0.1717,=-0.1430,=-0.0336
2022-03-17,=-0.1729,=-0.1442,=-0.0336
2022-03-16,=-0.1854,=-0.1571,=-0.0336
2022-03-15,=-0.2086,=-0.1811,=-0.0335
2022-03-14,=-0.1853,=-0.1565,=-0.0342
2022-03-11,=-0.1600,=-0.1303,=-0.0341
2022-03-10,=-0.1651,=-0.1362,=-0.0334
2022-03-09,=-0.1829,=-0.1540,=-0.0342
2022-03-08,=-0.1775,=-0.1484,=-0.0342
2022-03-07,=-0.1541,=-0.1238,=-0.0346
2022-03-04,=-0.1304,=-0.0990,=-0.0349
2022-03-03,=-0.1255,=-0.0939,=-0.0349
2022-03-02,=-0.1107,=-0.0786,=-0.0348
2022-03-01,=-0.1044,=-0.0720,=-0.0348
2022-02-28,=-0.0972,=-0.0641,=-0.0353
2022-02-25,=-0.1035,=-0.0707,=-0.0354
2022-02-24,=-0.1222,=-0.0900,=-0.0354
2022-02-23,=-0.1108,=-0.0780,=-0.0356
2022-02-22,=-0.1450,=-0.1133,=-0.0358
2022-02-21,=-0.1381,=-0.1061,=-0.0358
2022-02-18,=-0.1300,=-0.0980,=-0.0355
2022-02-17,=-0.1274,=-0.0954,=-0.0354
2022-02-16,=-0.1349,=-0.1031,=-0.0354
2022-02-15,=-0.1307,=-0.0989,=-0.0353
2022-02-14,=-0.1549,=-0.1242,=-0.0351
2022-02-11,=-0.1549,=-0.1240,=-0.0352
2022-02-10,=-0.1416,=-0.1101,=-0.0354
2022-02-09,=-0.1257,=-0.0936,=-0.0355
2022-02-08,=-0.1302,=-0.0982,=-0.0355
2022-02-07,=-0.1088,=-0.0761,=-0.0354
2022-01-28,=-0.1121,=-0.0794,=-0.0355
2022-01-27,=-0.1040,=-0.0709,=-0.0356
2022-01-26,=-0.0783,=-0.0441,=-0.0358
2022-01-25,=-0.0779,=-0.0436,=-0.0358
2022-01-24,=-0.0557,=-0.0206,=-0.0359
2022-01-21,=-0.0683,=-0.0336,=-0.0360
2022-01-20,=-0.0572,=-0.0219,=-0.0361
2022-01-19,=-0.0440,=-0.0083,=-0.0360
2022-01-18,=-0.0309,=0.0053,=-0.0361
2022-01-17,=-0.0338,=0.0023,=-0.0361
2022-01-14,=-0.0526,=-0.0172,=-0.0361
2022-01-13,=-0.0654,=-0.0304,=-0.0361
2022-01-12,=-0.0497,=-0.0141,=-0.0361
2022-01-11,=-0.0655,=-0.0306,=-0.0360
2022-01-10,=-0.0483,=-0.0127,=-0.0360
2022-01-07,=-0.0574,=-0.0223,=-0.0360
2022-01-06,=-0.0465,=-0.0107,=-0.0362
2022-01-05,=-0.0377,=-0.0014,=-0.0364
2022-01-04,=-0.0149,=0.0223,=-0.0364
2021-12-31,=0.0093,=0.0472,=-0.0362
2021-12-30,=-0.0069,=0.0302,=-0.0361
2021-12-29,=-0.0208,=0.0157,=-0.0360
2021-12-28,=-0.0112,=0.0258,=-0.0360
2021-12-27,=-0.0212,=0.0153,=-0.0359
2021-12-24,=-0.0192,=0.0176,=-0.0361
2021-12-23,=-0.0065,=0.0305,=-0.0359
2021-12-22,=-0.0074,=0.0298,=-0.0361
2021-12-21,=-0.0080,=0.0295,=-0.0364
2021-12-20,=-0.0160,=0.0215,=-0.0368
2021-12-17,=0.0077,=0.0478,=-0.0383
2021-12-16,=0.0269,=0.0679,=-0.0384
2021-12-15,=0.0259,=0.0672,=-0.0387
2021-12-14,=0.0367,=0.0781,=-0.0383
2021-12-13,=0.0401,=0.0827,=-0.0394
2021-12-10,=0.0382,=0.0753,=-0.0345
2021-12-09,=0.0353,=0.0744,=-0.0364
2021-12-08,=0.0216,=0.0600,=-0.0363
2021-12-07,=0.0030,=0.0406,=-0.0362
2021-12-06,=0.0141,=0.0528,=-0.0368
2021-12-03,=0.0418,=0.0821,=-0.0372
2021-12-02,=0.0308,=0.0706,=-0.0372
2021-12-01,=0.0502,=0.0908,=-0.0372
2021-11-30,=0.0644,=0.1052,=-0.0369
2021-11-29,=0.0613,=0.1018,=-0.0368
2021-11-26,=0.0533,=0.0934,=-0.0367
2021-11-25,=0.0590,=0.0995,=-0.0368
2021-11-24,=0.0620,=0.1026,=-0.0368
2021-11-23,=0.0650,=0.1056,=-0.0367
2021-11-22,=0.0678,=0.1084,=-0.0366
2021-11-19,=0.0424,=0.0820,=-0.0366
2021-11-18,=0.0274,=0.0664,=-0.0366
2021-11-17,=0.0360,=0.0756,=-0.0367
2021-11-16,=0.0253,=0.0644,=-0.0367
2021-11-15,=0.0335,=0.0729,=-0.0367
2021-11-12,=0.0389,=0.0785,=-0.0368
2021-11-11,=0.0366,=0.0763,=-0.0369
2021-11-10,=0.0247,=0.0638,=-0.0368
2021-11-09,=0.0247,=0.0638,=-0.0368
2021-11-08,=0.0106,=0.0491,=-0.0367
2021-11-05,=0.0076,=0.0460,=-0.0368
2021-11-04,=0.0176,=0.0565,=-0.0368
2021-11-03,=0.0096,=0.0481,=-0.0368
2021-11-02,=0.0140,=0.0527,=-0.0368
2021-11-01,=0.0130,=0.0516,=-0.0367
2021-10-29,=0.0072,=0.0456,=-0.0367
2021-10-28,=-0.0213,=0.0158,=-0.0365
2021-10-27,=-0.0174,=0.0199,=-0.0366
2021-10-26,=-0.0072,=0.0306,=-0.0367
2021-10-25,=-0.0042,=0.0337,=-0.0367
2021-10-22,=-0.0131,=0.0246,=-0.0368
2021-10-21,=-0.0172,=0.0203,=-0.0367
2021-10-20,=-0.0090,=0.0287,=-0.0367
2021-10-19,=-0.0140,=0.0236,=-0.0367
2021-10-18,=-0.0242,=0.0130,=-0.0367
2021-10-15,=-0.0167,=0.0209,=-0.0369
2021-10-14,=-0.0282,=0.0090,=-0.0368
2021-10-13,=-0.0300,=0.0071,=-0.0369
2021-10-12,=-0.0483,=-0.0119,=-0.0368
2021-10-11,=-0.0265,=0.0109,=-0.0369
2021-10-08,=-0.0159,=0.0219,=-0.0370
2021-09-30,=-0.0128,=0.0250,=-0.0369
2021-09-29,=-0.0293,=0.0079,=-0.0369
2021-09-28,=-0.0233,=0.0141,=-0.0368
2021-09-27,=-0.0128,=0.0250,=-0.0369
2021-09-24,=-0.0081,=0.0298,=-0.0368
2021-09-23,=-0.0160,=0.0214,=-0.0366
2021-09-22,=-0.0222,=0.0150,=-0.0366
2021-09-17,=-0.0261,=0.0108,=-0.0365
2021-09-16,=-0.0251,=0.0121,=-0.0367
2021-09-15,=-0.0014,=0.0369,=-0.0369
2021-09-14,=0.0074,=0.0460,=-0.0369
2021-09-13,=-0.0015,=0.0368,=-0.0369
2021-09-10,=0.0285,=0.0686,=-0.0374
2021-09-09,=0.0099,=0.0501,=-0.0383
2021-09-08,=0.0176,=0.0580,=-0.0382
2021-09-07,=0.0367,=0.0774,=-0.0377
2021-09-06,=0.0368,=0.0777,=-0.0379
2021-09-03,=0.0102,=0.0491,=-0.0371
2021-09-02,=0.0087,=0.0481,=-0.0376
2021-09-01,=0.0266,=0.0670,=-0.0378
2021-08-31,=0.0386,=0.0793,=-0.0377
2021-08-30,=0.0606,=0.1020,=-0.0375
2021-08-27,=0.0671,=0.1086,=-0.0375
2021-08-26,=0.0792,=0.1214,=-0.0376
2021-08-25,=0.1117,=0.1554,=-0.0378
2021-08-24,=0.1370,=0.1818,=-0.0379
2021-08-23,=0.1272,=0.1713,=-0.0377
2021-08-20,=0.1020,=0.1451,=-0.0377
2021-08-19,=0.1140,=0.1579,=-0.0379
2021-08-18,=0.0867,=0.1293,=-0.0378
2021-08-17,=0.0876,=0.1303,=-0.0378
2021-08-16,=0.1154,=0.1592,=-0.0378
2021-08-13,=0.1190,=0.1629,=-0.0377
2021-08-12,=0.1433,=0.1881,=-0.0377
2021-08-11,=0.1377,=0.1823,=-0.0377
2021-08-10,=0.1444,=0.1894,=-0.0378
2021-08-09,=0.1345,=0.1791,=-0.0378
2021-08-06,=0.1434,=0.1882,=-0.0377
2021-08-05,=0.1564,=0.2018,=-0.0378
2021-08-04,=0.1572,=0.2026,=-0.0378
2021-08-03,=0.1272,=0.1714,=-0.0378
2021-08-02,=0.1528,=0.1978,=-0.0376
2021-07-30,=0.1469,=0.1916,=-0.0376
2021-07-29,=0.1448,=0.1896,=-0.0376
2021-07-28,=0.0945,=0.1373,=-0.0376
2021-07-27,=0.1137,=0.1572,=-0.0376
2021-07-26,=0.1222,=0.1659,=-0.0375
2021-07-23,=0.1267,=0.1708,=-0.0376
2021-07-22,=0.1401,=0.1848,=-0.0377
2021-07-21,=0.1281,=0.1724,=-0.0378
2021-07-20,=0.0971,=0.1402,=-0.0378
2021-07-19,=0.0910,=0.1339,=-0.0378
2021-07-16,=0.0990,=0.1421,=-0.0377
2021-07-15,=0.1245,=0.1687,=-0.0378
2021-07-14,=0.1210,=0.1649,=-0.0377
2021-07-13,=0.1455,=0.1905,=-0.0378
2021-07-12,=0.1531,=0.1984,=-0.0378
2021-07-09,=0.1404,=0.1850,=-0.0377
2021-07-08,=0.1597,=0.2053,=-0.0378
2021-07-07,=0.1301,=0.1748,=-0.0380
2021-07-06,=0.1035,=0.1469,=-0.0379
2021-07-05,=0.1342,=0.1792,=-0.0381
2021-07-02,=0.1072,=0.1509,=-0.0380
2021-07-01,=0.1372,=0.1821,=-0.0380
2021-06-30,=0.1433,=0.1884,=-0.0380
2021-06-29,=0.1245,=0.1688,=-0.0379
2021-06-28,=0.1249,=0.1694,=-0.0380
2021-06-25,=0.1047,=0.1483,=-0.0380
2021-06-24,=0.0830,=0.1256,=-0.0379
2021-06-23,=0.1041,=0.1477,=-0.0380
2021-06-22,=0.0962,=0.1395,=-0.0380
2021-06-21,=0.0994,=0.1429,=-0.0381
2021-06-18,=0.0752,=0.1179,=-0.0382
2021-06-17,=0.0600,=0.1020,=-0.0381
2021-06-16,=0.0102,=0.0517,=-0.0395
2021-06-15,=0.0406,=0.0829,=-0.0391
2021-06-11,=0.0312,=0.0740,=-0.0399
2021-06-10,=0.0392,=0.0842,=-0.0415
2021-06-09,=0.0235,=0.0669,=-0.0406
2021-06-08,=0.0174,=0.0607,=-0.0409
2021-06-07,=0.0264,=0.0715,=-0.0421
2021-06-04,=0.0238,=0.0700,=-0.0432
2021-06-03,=0.0119,=0.0572,=-0.0429
2021-06-02,=0.0206,=0.0664,=-0.0430
2021-06-01,=0.0446,=0.0916,=-0.0431
2021-05-31,=0.0317,=0.0782,=-0.0431
2021-05-28,=-0.0087,=0.0358,=-0.0430
2021-05-27,=-0.0003,=0.0446,=-0.0429
2021-05-26,=-0.0244,=0.0193,=-0.0429
2021-05-25,=-0.0201,=0.0238,=-0.0429
2021-05-24,=-0.0481,=-0.0055,=-0.0429
2021-05-21,=-0.0593,=-0.0172,=-0.0428
2021-05-20,=-0.0488,=-0.0063,=-0.0427
2021-05-19,=-0.0517,=-0.0093,=-0.0428
2021-05-18,=-0.0549,=-0.0126,=-0.0428
2021-05-17,=-0.0496,=-0.0072,=-0.0427
2021-05-14,=-0.0700,=-0.0284,=-0.0428
2021-05-13,=-0.0879,=-0.0471,=-0.0427
2021-05-12,=-0.0910,=-0.0505,=-0.0427
2021-05-11,=-0.1003,=-0.0601,=-0.0428
2021-05-10,=-0.1029,=-0.0628,=-0.0427
2021-05-07,=-0.0960,=-0.0558,=-0.0426
2021-05-06,=-0.0628,=-0.0212,=-0.0424
2021-04-30,=-0.0540,=-0.0123,=-0.0423
2021-04-29,=-0.0528,=-0.0110,=-0.0423
2021-04-28,=-0.0527,=-0.0108,=-0.0423
2021-04-27,=-0.0615,=-0.0200,=-0.0423
2021-04-26,=-0.0594,=-0.0178,=-0.0424
2021-04-23,=-0.0617,=-0.0201,=-0.0425
2021-04-22,=-0.0665,=-0.0251,=-0.0425
2021-04-21,=-0.0797,=-0.0388,=-0.0425
2021-04-20,=-0.0770,=-0.0361,=-0.0425
2021-04-19,=-0.0710,=-0.0297,=-0.0425
2021-04-16,=-0.0884,=-0.0479,=-0.0425
2021-04-15,=-0.0960,=-0.0558,=-0.0426
2021-04-14,=-0.1028,=-0.0628,=-0.0426
2021-04-13,=-0.1122,=-0.0728,=-0.0426
2021-04-12,=-0.1107,=-0.0712,=-0.0425
2021-04-09,=-0.0909,=-0.0503,=-0.0427
2021-04-08,=-0.0763,=-0.0351,=-0.0427
2021-04-07,=-0.0713,=-0.0299,=-0.0427
2021-04-06,=-0.0729,=-0.0315,=-0.0427
2021-04-02,=-0.0706,=-0.0291,=-0.0428
2021-04-01,=-0.0943,=-0.0539,=-0.0428
2021-03-31,=-0.1074,=-0.0676,=-0.0427
2021-03-30,=-0.1074,=-0.0676,=-0.0427
2021-03-29,=-0.1057,=-0.0658,=-0.0427
2021-03-26,=-0.1016,=-0.0614,=-0.0428
2021-03-25,=-0.1280,=-0.0890,=-0.0428
2021-03-24,=-0.1268,=-0.0877,=-0.0429
2021-03-23,=-0.1162,=-0.0765,=-0.0430
2021-03-22,=-0.1117,=-0.0718,=-0.0430
2021-03-19,=-0.1199,=-0.0804,=-0.0430
2021-03-18,=-0.1128,=-0.0729,=-0.0430
2021-03-17,=-0.1162,=-0.0764,=-0.0430
2021-03-16,=-0.1277,=-0.0885,=-0.0430
2021-03-15,=-0.1256,=-0.0863,=-0.0430
2021-03-12,=-0.0985,=-0.0579,=-0.0431
2021-03-11,=-0.0926,=-0.0535,=-0.0413
2021-03-10,=-0.1170,=-0.0793,=-0.0410
2021-03-09,=-0.1192,=-0.0812,=-0.0414
2021-03-08,=-0.0874,=-0.0474,=-0.0420
2021-03-05,=-0.0486,=-0.0068,=-0.0421
2021-03-04,=-0.0522,=-0.0110,=-0.0417
2021-03-03,=-0.0273,=0.0153,=-0.0420
2021-03-02,=-0.0326,=0.0098,=-0.0420
2021-03-01,=-0.0282,=0.0144,=-0.0420
2021-02-26,=-0.0516,=-0.0099,=-0.0421
2021-02-25,=-0.0342,=0.0081,=-0.0420
2021-02-24,=-0.0228,=0.0200,=-0.0420
2021-02-23,=-0.0051,=0.0386,=-0.0420
2021-02-22,=-0.0055,=0.0381,=-0.0420
2021-02-19,=0.0216,=0.0665,=-0.0421
2021-02-18,=0.0229,=0.0678,=-0.0421
2021-02-10,=0.0282,=0.0733,=-0.0420
2021-02-09,=0.0215,=0.0663,=-0.0421
2021-02-08,=-0.0110,=0.0326,=-0.0422
2021-02-05,=-0.0208,=0.0223,=-0.0422
2021-02-04,=-0.0026,=0.0412,=-0.0421
2021-02-03,=0.0088,=0.0532,=-0.0422
2021-02-02,=0.0288,=0.0741,=-0.0422
2021-02-01,=0.0171,=0.0617,=-0.0420
2021-01-29,=0.0174,=0.0620,=-0.0420
2021-01-28,=0.0172,=0.0618,=-0.0419
2021-01-27,=0.0435,=0.0892,=-0.0420
2021-01-26,=0.0578,=0.1042,=-0.0421
2021-01-25,=0.0721,=0.1193,=-0.0422
2021-01-22,=0.0633,=0.1101,=-0.0421
2021-01-21,=0.0606,=0.1071,=-0.0420
2021-01-20,=0.0601,=0.1065,=-0.0419
2021-01-19,=0.0335,=0.0784,=-0.0417
2021-01-18,=0.0601,=0.1063,=-0.0417
2021-01-15,=0.0362,=0.0812,=-0.0416
2021-01-14,=0.0360,=0.0809,=-0.0415
2021-01-13,=0.0076,=0.0512,=-0.0414
2021-01-12,=0.0060,=0.0495,=-0.0414
2021-01-11,=-0.0043,=0.0387,=-0.0414
2021-01-08,=-0.0128,=0.0298,=-0.0413
2021-01-07,=-0.0106,=0.0322,=-0.0414
2021-01-06,=0.0131,=0.0569,=-0.0414
2021-01-05,=0.0202,=0.0644,=-0.0415
2021-01-04,=0.0180,=0.0622,=-0.0416
2020-12-31,=-0.0028,=0.0404,=-0.0415
2020-12-30,=-0.0242,=0.0179,=-0.0414
2020-12-29,=-0.0424,=-0.0011,=-0.0413
2020-12-28,=-0.0413,=0.0001,=-0.0414
2020-12-25,=-0.0336,=0.0081,=-0.0414
2020-12-24,=-0.0349,=0.0068,=-0.0414
2020-12-23,=-0.0144,=0.0282,=-0.0414
2020-12-22,=-0.0273,=0.0147,=-0.0414
2020-12-21,=-0.0058,=0.0372,=-0.0415
2020-12-18,=-0.0254,=0.0166,=-0.0413
2020-12-17,=-0.0238,=0.0183,=-0.0413
2020-12-16,=-0.0367,=0.0047,=-0.0412
2020-12-15,=-0.0243,=0.0181,=-0.0417
2020-12-14,=-0.0187,=0.0270,=-0.0445
2020-12-11,=-0.0288,=0.0180,=-0.0459
2020-12-10,=-0.0389,=0.0159,=-0.0539
2020-12-09,=-0.0436,=0.0195,=-0.0619
2020-12-08,=-0.0226,=0.0447,=-0.0644
2020-12-07,=-0.0190,=0.0503,=-0.0659
2020-12-04,=-0.0210,=0.0493,=-0.0669
2020-12-03,=-0.0173,=0.0537,=-0.0674
2020-12-02,=-0.0185,=0.0520,=-0.0670
2020-12-01,=-0.0223,=0.0488,=-0.0678
2020-11-30,=-0.0356,=0.0348,=-0.0681
2020-11-27,=-0.0340,=0.0365,=-0.0680
2020-11-26,=-0.0357,=0.0347,=-0.0680
2020-11-25,=-0.0336,=0.0369,=-0.0680
2020-11-24,=-0.0168,=0.0552,=-0.0682
2020-11-23,=-0.0131,=0.0592,=-0.0682
2020-11-20,=-0.0044,=0.0686,=-0.0683
2020-11-19,=-0.0008,=0.0725,=-0.0684
2020-11-18,=-0.0124,=0.0600,=-0.0683
2020-11-17,=-0.0044,=0.0686,=-0.0683
2020-11-16,=0.0067,=0.0807,=-0.0685
2020-11-13,=-0.0004,=0.0732,=-0.0686
2020-11-12,,=0.0556,
2020-11-11,,=0.0423,
2020-11-10,,=0.0770,
2020-11-09,=0.0315,=0.1092,=-0.0700
2020-11-06,=0.0033,=0.0766,=-0.0681
2020-11-05,,=0.1019,
2020-11-04,,=0.0896,
2020-11-03,,=0.0822,
2020-11-02,,=0.0463,
2020-10-30,=-0.0202,=0.0411,=-0.0589
2020-10-29,,=0.0546,
2020-10-28,,=0.0501,
2020-10-27,,=0.0350,
2020-10-26,,=0.0128,
2020-10-23,=-0.0444,=-0.0018,=-0.0426
2020-10-22,,=0.0281,
2020-10-21,,=0.0433,
2020-10-20,,=0.0652,
2020-10-19,,=0.0547,
2020-10-16,=-0.0048,=0.0744,=-0.0737
2020-10-15,,=0.0858,
2020-10-14,,=0.1118,
2020-10-13,,=0.1185,
2020-10-12,,=0.1132,
2020-10-09,=0.0081,=0.0949,=-0.0792
2020-09-30,=0.0027,=0.0596,=-0.0537
2020-09-29,,=0.0381,
2020-09-28,=0,=0,=0
2020-09-25,,=0.0187,
2020-09-24,,=0.0418,
2020-09-23,,=0.0635,
2020-09-22,,=0.0382,
2020-09-21,,=0.0439,
2020-09-18,,=0.0485,
2020-09-17,,=0.0333,
2020-09-16,,=0.0080,
2020-09-15,,=0.0192,
2020-09-14,,=0.0068,
2020-09-11,,=-0.0197,
2020-09-10,,=-0.0439,
2020-09-09,,=-0.0305,
2020-09-08,,=0.0042,
2020-09-07,,=0.0133,
2020-09-04,,=0.0383,
2020-09-03,,=0.0472,
2020-09-02,,=0.0627,
2020-09-01,,=0.0655,
2020-08-31,,=0.0630,
2020-08-28,,=0.0558,
2020-08-27,,=0.0587,
2020-08-26,,=0.0331,
2020-08-25,,=0.0663,
2020-08-24,,=0.0834,
2020-08-21,,=0.0812,
2020-08-20,,=0.0774,
2020-08-19,,=0.0994,
2020-08-18,,=0.1296,
2020-08-17,,=0.1176,
2020-08-14,,=0.1084,
2020-08-13,,=0.0966,
2020-08-12,,=0.0894,
2020-08-11,,=0.1142,
2020-08-10,,=0.1469,
2020-08-07,,=0.1403,
2020-08-06,,=0.1755,
2020-08-05,,=0.1865,
2020-08-04,,=0.1696,
2020-08-03,,=0.2120,
2020-07-31,,=0.1300,
2020-07-30,,=0.1000,
2020-07-29,,=0.1030,
2020-07-28,,=0.0460,
2020-07-27,,=0.0266,
2020-07-24,,=0.0376,
2020-07-23,,=0.1159,

数据来源于：理杏仁网站(lixinger.com)