date,net_value,turnover
2015-01-05,1.0011183,1.9752419
2015-01-06,0.99802965,0.055299707
2015-01-07,0.9991988,0.036920823
2015-01-08,1.002147,0.061471857
2015-01-09,1.0047339,0.09839268
2015-01-12,1.0035822,0.0
2015-01-13,1.0034484,0.0
2015-01-14,1.0144516,0.0
2015-01-15,1.0215329,0.0
2015-01-16,1.0231196,0.0
2015-01-19,1.0318958,0.9051393
2015-01-20,1.0328097,0.1672974
2015-01-21,1.0324036,0.025692001
2015-01-22,1.0354418,0.086045116
2015-01-23,1.03482,0.085162625
2015-01-26,1.0337918,0.04739642
2015-01-27,1.0326164,0.049666494
2015-01-28,1.030391,0.034783322
2015-01-29,1.0298693,0.019419057
2015-01-30,1.0315409,0.06801286
2015-02-02,1.0273882,0.94726264
2015-02-03,1.0228293,0.017360054
2015-02-04,1.0137886,0.15427843
2015-02-05,1.0129131,0.033294354
2015-02-06,1.0210294,0.15590939
2015-02-09,1.0249273,0.2841137
2015-02-10,1.0286809,0.27089456
2015-02-11,1.0353312,0.13265288
2015-02-12,1.0450841,0.14493217
2015-02-13,1.047709,0.046362214
2015-02-16,1.0459331,0.023161326
2015-02-17,1.0528216,0.008984951
2015-02-25,1.0580006,0.0704778
2015-02-26,1.0687132,0.06462295
2015-02-27,1.0634744,0.1062313
2015-03-02,1.0817304,0.80501866
2015-03-03,1.0813274,0.21116582
2015-03-04,1.069908,0.12092851
2015-03-05,1.0886662,0.14677835
2015-03-06,1.0934639,0.13615733
2015-03-09,1.0924879,0.067154825
2015-03-10,1.0920818,0.22016957
2015-03-11,1.1037884,0.024280468
2015-03-12,1.13358,0.025242541
2015-03-13,1.1456113,0.18407366
2015-03-16,1.1638144,0.16600883
2015-03-17,1.1652119,0.023835246
2015-03-18,1.1727232,0.089750186
2015-03-19,1.2065175,0.0141314175
2015-03-20,1.2010587,0.076064646
2015-03-23,1.2121931,0.0064819176
2015-03-24,1.2151604,0.10905656
2015-03-25,1.2250457,0.01173369
2015-03-26,1.2370669,0.14051773
2015-03-27,1.2286999,0.074966855
2015-03-30,1.2505053,0.11945767
2015-03-31,1.2656093,0.18379977
2015-04-01,1.2803415,0.20729344
2015-04-02,1.3089626,0.13760091
2015-04-03,1.3057024,0.0877336
2015-04-07,1.2947388,0.028118726
2015-04-08,1.3287987,0.119237505
2015-04-09,1.3478754,0.036993757
2015-04-10,1.3461976,0.05284346
2015-04-13,1.3744165,1.0886226
2015-04-14,1.40589,0.03395427
2015-04-15,1.4179406,0.25218946
2015-04-16,1.4011639,0.08343407
2015-04-17,1.4243114,0.5284974
2015-04-20,1.4557056,0.32222643
2015-04-21,1.4559331,1.5628755
2015-04-22,1.4565308,0.12641904
2015-04-23,1.458207,0.045589056
2015-04-24,1.4545413,0.09678583
2015-04-27,1.4591899,0.06049472
2015-04-28,1.4610006,0.159746
2015-04-29,1.4611052,0.04186378
2015-04-30,1.4504931,0.03346169
2015-05-04,1.4488307,0.28366396
2015-05-05,1.4431328,0.07903599
2015-05-06,1.4491398,0.15416725
2015-05-07,1.4552351,0.028545463
2015-05-08,1.4567252,0.044526663
2015-05-11,1.4596549,0.2139067
2015-05-12,1.4611853,0.26443887
2015-05-13,1.4570291,0.30981356
2015-05-14,1.4619498,0.99381614
2015-05-15,1.4623336,0.36672968
2015-05-18,1.4597453,0.12119752
2015-05-19,1.4733324,0.115353316
2015-05-20,1.4820156,0.05197131
2015-05-21,1.4930948,0.23721905
2015-05-22,1.5030935,0.4471427
2015-05-25,1.5057552,0.21496749
2015-05-26,1.4816793,0.11661363
2015-05-27,1.4793721,0.09362507
2015-05-28,1.5035151,0.34149522
2015-05-29,1.5161245,0.10184149
2015-06-01,1.5094925,0.45267308
2015-06-02,1.507291,0.1512138
2015-06-03,1.5122067,0.08363668
2015-06-04,1.5148346,0.09555781
2015-06-05,1.5136259,0.051317044
2015-06-08,1.5196416,0.097140044
2015-06-09,1.5229604,0.14656638
2015-06-10,1.5313187,0.032744855
2015-06-11,1.5254033,0.07415464
2015-06-12,1.5130061,0.17186868
2015-06-15,1.5148926,0.11135575
2015-06-16,1.5083169,0.076523855
2015-06-17,1.4978423,0.013530643
2015-06-18,1.5026538,0.30190682
2015-06-19,1.5126429,0.30094722
2015-06-23,1.502328,0.1680184
2015-06-24,1.4645383,0.35980973
2015-06-25,1.4409882,0.097281806
2015-06-26,1.4766488,0.058553673
2015-06-29,1.4429893,0.02687772
2015-06-30,1.4214238,0.24248537
2015-07-01,1.3747298,0.21869764
2015-07-02,1.3794993,0.052789573
2015-07-03,1.3314432,0.031015001
2015-07-06,1.2827604,0.18723747
2015-07-07,1.326703,0.04973822
2015-07-08,1.3691536,0.07800078
2015-07-09,1.4109492,0.045972683
2015-07-10,1.3973897,0.062419653
2015-07-13,1.3547368,0.13101768
2015-07-14,1.3801075,0.05490771
2015-07-15,1.4207038,0.21634674
2015-07-16,1.4229779,0.06213601
2015-07-17,1.4329386,0.050340757
2015-07-20,1.4404591,0.04728788
2015-07-21,1.4644712,0.053672582
2015-07-22,1.448248,0.042071335
2015-07-23,1.3897257,0.1285104
2015-07-24,1.3888204,0.2616784
2015-07-27,1.4302812,0.06733431
2015-07-28,1.4072287,0.19830766
2015-07-29,1.4009988,0.11832735
2015-07-30,1.3818055,0.14009157
2015-07-31,1.4234589,0.070746206
2015-08-03,1.4126973,0.15036656
2015-08-04,1.4081798,0.23233053
2015-08-05,1.4297521,0.010240277
2015-08-06,1.467503,0.009429524
2015-08-07,1.4651505,0.03657433
2015-08-10,1.4546431,0.07183301
2015-08-11,1.470659,0.006881818
2015-08-12,1.4765801,0.023082988
2015-08-13,1.4956965,0.06439172
2015-08-14,1.4321736,0.027016032
2015-08-17,1.4549891,0.038641807
2015-08-18,1.4294744,0.0895069
2015-08-19,1.3956417,0.04943223
2015-08-20,1.3242973,0.062440045
2015-08-21,1.259753,0.015881646
2015-08-24,1.2626865,0.053957976
2015-08-25,1.2864988,0.110594876
2015-08-26,1.3144253,0.09470302
2015-08-27,1.2954109,0.06149944
2015-08-28,1.2630115,0.01616297
2015-08-31,1.2519075,0.056821726
2015-09-01,1.2612886,0.061076373
2015-09-02,1.2874471,0.016965125
2015-09-07,1.3041862,0.1368584
2015-09-08,1.2878059,0.058631137
2015-09-09,1.2921635,0.012168776
2015-09-10,1.238521,0.096722126
2015-09-11,1.2083266,0.07943176
2015-09-14,1.2600492,0.07650029
2015-09-15,1.2469475,0.17785807
2015-09-16,1.254355,0.16875319
2015-09-17,1.2804682,0.000336132
2015-09-18,1.2790413,0.028880592
2015-09-21,1.2701888,0.18774252
2015-09-22,1.2787546,0.14305006
2015-09-23,1.2616695,0.27785838
2015-09-24,1.2755905,0.20696235
2015-09-25,1.2684438,0.076823525
2015-09-28,1.2701387,0.16145179
2015-09-29,1.2858522,0.45621073
2015-09-30,1.2916206,0.23238337
2015-10-08,1.310551,0.1847918
2015-10-09,1.3105445,0.47402838
2015-10-12,1.3096282,0.0553753
2015-10-13,1.3179225,0.16009003
2015-10-14,1.3198069,0.1932014
2015-10-15,1.3187606,0.31919754
2015-10-16,1.3202314,0.25288886
2015-10-19,1.3086926,0.12638153
2015-10-20,1.3186665,0.34944826
2015-10-21,1.33301,0.12193059
2015-10-22,1.3335307,0.08213495
2015-10-23,1.3319213,0.07632299
2015-10-26,1.328125,0.33087802
2015-10-27,1.3297657,0.24550746
2015-10-28,1.335608,0.14628366
2015-10-29,1.3304662,0.101673655
2015-10-30,1.3268007,0.18496332
2015-11-02,1.3328801,0.4193747
2015-11-03,1.3331084,0.063805565
2015-11-04,1.3345286,0.19042733
2015-11-05,1.334765,0.080725834
2015-11-06,1.3341283,0.05883412
2015-11-09,1.3342615,0.28267533
2015-11-10,1.3328329,0.08896235
2015-11-11,1.3288743,0.27241307
2015-11-12,1.3344953,0.16428582
2015-11-13,1.3262664,0.22707295
2015-11-16,1.3234365,0.3847497
2015-11-17,1.3266579,0.1658527
2015-11-18,1.3274845,0.32948637
2015-11-19,1.3254746,0.052934617
2015-11-20,1.3259352,0.1065301
2015-11-23,1.3274692,0.06563665
2015-11-24,1.3265754,0.08903678
2015-11-25,1.3212764,0.20886952
2015-11-26,1.3206471,0.22285143
2015-11-27,1.3223126,0.09655681
2015-11-30,1.3287654,0.09220279
2015-12-01,1.3290614,0.12282296
2015-12-02,1.328027,0.019110069
2015-12-03,1.3293039,0.007410405
2015-12-04,1.3271703,0.040511265
2015-12-07,1.3268534,0.0075223874
2015-12-08,1.3269453,0.06628856
2015-12-09,1.3260204,0.04625363
2015-12-10,1.3288593,0.026404345
2015-12-11,1.3278763,0.054236732
2015-12-14,1.3280256,0.05767151
2015-12-15,1.3297476,0.07342352
2015-12-16,1.3291042,0.065185905
2015-12-17,1.3331804,0.13045111
2015-12-18,1.3343986,0.104414545
2015-12-21,1.333236,0.048406348
2015-12-22,1.3331457,0.16246787
2015-12-23,1.3336648,0.16492553
2015-12-24,1.3308463,0.31116366
2015-12-25,1.332141,0.3045888
2015-12-28,1.3321409,0.58138144
2015-12-29,1.3289685,0.28606623
2015-12-30,1.3276877,0.16774154
2015-12-31,1.3276662,0.3367829
2016-01-04,1.3296908,0.09911986
2016-01-05,1.3264006,0.042623654
2016-01-06,1.3235719,0.083467275
2016-01-07,1.3176903,0.028182603
2016-01-08,1.3183782,0.15773787
2016-01-11,1.3153543,0.08340589
2016-01-12,1.3207861,0.14387318
2016-01-13,1.3145112,0.17448935
2016-01-14,1.3152677,0.0863977
2016-01-15,1.3213732,0.12037691
2016-01-18,1.3169107,0.04540123
2016-01-19,1.3133153,0.1793557
2016-01-20,1.3143691,0.047067348
2016-01-21,1.3155836,0.09342453
2016-01-22,1.3038422,0.05399394
2016-01-25,1.2998753,0.036730014
2016-01-26,1.2939252,0.06139924
2016-01-27,1.2984731,0.04872684
2016-01-28,1.2967557,0.06275055
2016-01-29,1.3024676,0.04327542
2016-02-01,1.302679,0.058125068
2016-02-02,1.3062508,0.03906189
2016-02-03,1.3044044,0.10006282
2016-02-04,1.3047787,0.10625973
2016-02-05,1.3144197,0.10356178
2016-02-15,1.318291,0.240733
2016-02-16,1.3176146,0.07409362
2016-02-17,1.317895,0.078509144
2016-02-18,1.3218582,0.12449731
2016-02-19,1.3198315,0.18788092
2016-02-22,1.3208244,0.11143537
2016-02-23,1.3016003,0.07131811
2016-02-24,1.301465,0.12984347
2016-02-25,1.2937182,0.25268653
2016-02-26,1.3001357,0.086844735
2016-02-29,1.3073746,0.18839708
2016-03-01,1.3071076,0.25985932
2016-03-02,1.3015971,0.17464939
2016-03-03,1.3096718,0.09530777
2016-03-04,1.3097816,0.1305651
2016-03-07,1.3012773,0.06031121
2016-03-08,1.2932675,0.2301129
2016-03-09,1.2928618,0.21659559
2016-03-10,1.3037355,0.19507888
2016-03-11,1.3006332,0.06624065
2016-03-14,1.2979046,0.12183187
2016-03-15,1.3080081,0.1493515
2016-03-16,1.3221759,0.086963356
2016-03-17,1.3311017,0.11012715
2016-03-18,1.3288145,0.09926602
2016-03-21,1.3347527,0.25793123
2016-03-22,1.3216491,0.034445867
2016-03-23,1.3303807,0.035590872
2016-03-24,1.3284094,0.20542511
2016-03-25,1.3167987,0.14527315
2016-03-28,1.3403791,0.22380367
2016-03-29,1.3358288,0.16532293
2016-03-30,1.3334284,0.30136028
2016-03-31,1.3482966,0.13421987
2016-04-01,1.3524019,0.19634458
2016-04-05,1.3424077,0.26824272
2016-04-06,1.336103,0.14236033
2016-04-07,1.3475082,0.1350078
2016-04-08,1.3440454,0.2627494
2016-04-11,1.3558427,0.36050025
2016-04-12,1.3557903,0.63685393
2016-04-13,1.3495814,0.6959804
2016-04-14,1.3407799,0.7936788
2016-04-15,1.3403286,0.5746894
2016-04-18,1.3191351,0.280209
2016-04-19,1.3206826,0.17206094
2016-04-20,1.3227191,0.5336824
2016-04-21,1.3253391,0.64108527
2016-04-22,1.3211509,0.6184498
2016-04-25,1.3272761,0.37115455
2016-04-26,1.3246182,0.2683168
2016-04-27,1.3300776,0.19876042
2016-04-28,1.3469177,0.22615662
2016-04-29,1.3451183,0.26556215
2016-05-03,1.3466926,0.2276898
2016-05-04,1.3387195,0.1443806
2016-05-05,1.3372477,0.053455066
2016-05-06,1.336093,0.47374925
2016-05-09,1.3400033,0.23312612
2016-05-10,1.3397421,0.18678027
2016-05-11,1.3398323,0.101686135
2016-05-12,1.3404664,0.032071687
2016-05-13,1.3401613,0.0033298936
2016-05-16,1.3368566,0.27048892
2016-05-17,1.335633,0.08727533
2016-05-18,1.3370857,0.086903915
2016-05-19,1.3371557,0.075999096
2016-05-20,1.3353392,0.10362072
2016-05-23,1.3310187,0.3096068
2016-05-24,1.3299894,0.03248873
2016-05-25,1.3293732,0.40193164
2016-05-26,1.3261924,0.36668384
2016-05-27,1.3333886,0.33688396
2016-05-30,1.3344619,0.31050578
2016-05-31,1.3375185,0.3559388
2016-06-01,1.3479155,0.20497619
2016-06-02,1.3545406,0.09372735
2016-06-03,1.350185,0.21712756
2016-06-06,1.353483,0.1716014
2016-06-07,1.3359791,0.22265825
2016-06-08,1.3456056,0.15974629
2016-06-13,1.3567759,0.5810831
2016-06-14,1.3566288,0.18910107
2016-06-15,1.359396,0.6248004
2016-06-16,1.3592818,0.24889624
2016-06-17,1.357902,0.098762326
2016-06-20,1.3568332,0.23292977
2016-06-21,1.3563298,0.1850695
2016-06-22,1.355764,0.5959939
2016-06-23,1.3621114,0.17682073
2016-06-24,1.3628702,0.32151246
2016-06-27,1.3650875,0.46455693
2016-06-28,1.3645389,0.42513317
2016-06-29,1.3705208,0.16397287
2016-06-30,1.378898,0.112400785
2016-07-01,1.3827058,0.16993442
2016-07-04,1.4045196,0.26221198
2016-07-05,1.4093494,0.303341
2016-07-06,1.4047312,0.41294664
2016-07-07,1.4169338,0.49974918
2016-07-08,1.4271535,0.5827458
2016-07-11,1.4250945,0.56362784
2016-07-12,1.4221117,0.08804852
2016-07-13,1.4212295,0.42658013
2016-07-14,1.4160968,0.16559997
2016-07-15,1.408363,0.12775871
2016-07-18,1.4125079,0.38333374
2016-07-19,1.4094892,0.503133
2016-07-20,1.4022784,0.16684589
2016-07-21,1.4135243,0.11690836
2016-07-22,1.4197603,0.17376533
2016-07-25,1.4102128,0.40777254
2016-07-26,1.4110478,0.48414046
2016-07-27,1.4141408,1.158519
2016-07-28,1.4112293,0.08237941
2016-07-29,1.4088298,0.28399903
2016-08-01,1.4099916,0.10087553
2016-08-02,1.4107615,0.4198834
2016-08-03,1.4123856,0.14848916
2016-08-04,1.4126395,0.15633859
2016-08-05,1.4152447,0.19510932
2016-08-08,1.416122,0.6772509
2016-08-09,1.4139956,0.59570825
2016-08-10,1.4147842,0.13061585
2016-08-11,1.4229645,0.6357864
2016-08-12,1.4254448,0.44737023
2016-08-15,1.4249237,0.1122148
2016-08-16,1.4142169,0.30097863
2016-08-17,1.4048374,0.15340234
2016-08-18,1.4116914,0.36622947
2016-08-19,1.4124252,0.62625855
2016-08-22,1.4106169,0.1261141
2016-08-23,1.4073522,0.18862979
2016-08-24,1.4075968,0.12182
2016-08-25,1.403279,0.5202564
2016-08-26,1.4051892,0.6948033
2016-08-29,1.4081382,0.10413624
2016-08-30,1.4063249,0.6137217
2016-08-31,1.4072273,0.15661705
2016-09-01,1.4077501,0.1296685
2016-09-02,1.4090446,0.12762211
2016-09-05,1.4093691,0.14064412
2016-09-06,1.4080545,0.15738794
2016-09-07,1.4039458,0.18321119
2016-09-08,1.3886406,0.15479285
2016-09-09,1.3849199,0.08181399
2016-09-12,1.3832029,0.5024141
2016-09-13,1.3854787,0.2927128
2016-09-14,1.3842667,0.55807126
2016-09-19,1.3854357,0.5348695
2016-09-20,1.3915688,0.23681587
2016-09-21,1.3893532,0.15872721
2016-09-22,1.3804904,0.14707305
2016-09-23,1.3787907,0.12318708
2016-09-26,1.3802085,0.36561993
2016-09-27,1.3818996,0.1692302
2016-09-28,1.3867894,0.27183166
2016-09-29,1.3953228,0.08367546
2016-09-30,1.396094,0.18704249
2016-10-10,1.3961552,0.6717989
2016-10-11,1.3949012,0.19719303
2016-10-12,1.395611,0.056871302
2016-10-13,1.396961,0.133007
2016-10-14,1.3979486,0.13793185
2016-10-17,1.3975562,0.2889152
2016-10-18,1.394891,0.103819415
2016-10-19,1.3941754,0.2954545
2016-10-20,1.3999994,0.23509462
2016-10-21,1.4055344,0.060664803
2016-10-24,1.4129069,0.085846335
2016-10-25,1.4202306,0.049795773
2016-10-26,1.4166459,0.19182265
2016-10-27,1.4202585,0.13510264
2016-10-28,1.4254681,0.34107187
2016-10-31,1.4211293,0.1641482
2016-11-01,1.4229912,0.29767433
2016-11-02,1.4215137,0.028618298
2016-11-03,1.4206378,0.28665465
2016-11-04,1.4258624,0.25475445
2016-11-07,1.4176921,0.06899952
2016-11-08,1.4177814,0.031048637
2016-11-09,1.4207379,0.053468272
2016-11-10,1.4207822,0.085578315
2016-11-11,1.4183462,0.052403934
2016-11-14,1.4204801,0.12520452
2016-11-15,1.4177921,0.029394407
2016-11-16,1.420356,0.13041046
2016-11-17,1.4199791,0.18733555
2016-11-18,1.4207639,0.097911224
2016-11-21,1.4203316,0.20987587
2016-11-22,1.4222862,0.095155746
2016-11-23,1.4344536,0.047274135
2016-11-24,1.4388471,0.019266749
2016-11-25,1.4576583,0.026014889
2016-11-28,1.4472197,0.051777206
2016-11-29,1.4540416,0.03409174
2016-11-30,1.4420192,0.33535126
2016-12-01,1.4208347,0.40896508
2016-12-02,1.4308645,0.013613742
2016-12-05,1.4329726,0.2108829
2016-12-06,1.4422626,0.16553886
2016-12-07,1.44481,0.19442832
2016-12-08,1.4344566,0.037701745
2016-12-09,1.425966,0.11683802
2016-12-12,1.4213293,0.34787506
2016-12-13,1.4233601,0.21492626
2016-12-14,1.4265388,0.1633788
2016-12-15,1.4254833,0.16389155
2016-12-16,1.4128191,0.10340644
2016-12-19,1.4143107,0.064533174
2016-12-20,1.4210181,0.09253868
2016-12-21,1.4110503,0.0889802
2016-12-22,1.4122047,0.09372036
2016-12-23,1.4073745,0.1456565
2016-12-26,1.4060966,0.08671281
2016-12-27,1.4009999,0.13216878
2016-12-28,1.4154466,0.14080244
2016-12-29,1.4169945,0.109011486
2016-12-30,1.4311295,0.29886857
2017-01-03,1.4299635,0.18521792
2017-01-04,1.4381754,0.3036305
2017-01-05,1.4387847,0.07684514
2017-01-06,1.4426091,0.21344337
2017-01-09,1.4417723,0.09252542
2017-01-10,1.4404972,0.42286205
2017-01-11,1.432239,0.31676078
2017-01-12,1.4180615,0.108564675
2017-01-13,1.4233084,0.1675426
2017-01-16,1.4303724,0.16074134
2017-01-17,1.4282748,0.032102328
2017-01-18,1.4328959,0.0666907
2017-01-19,1.43861,0.19481686
2017-01-20,1.4337183,0.18893674
2017-01-23,1.4384093,0.116980284
2017-01-24,1.4436347,0.12650189
2017-01-25,1.4431837,0.16510826
2017-01-26,1.4464277,0.055573605
2017-02-03,1.4374192,0.26951665
2017-02-06,1.4394665,0.080950744
2017-02-07,1.4476609,0.20206024
2017-02-08,1.4497595,0.10168533
2017-02-09,1.4631166,0.016690342
2017-02-10,1.4548988,0.1419278
2017-02-13,1.4506533,0.18393013
2017-02-14,1.4476645,0.13746108
2017-02-15,1.4571714,0.25590003
2017-02-16,1.4725693,0.3081936
2017-02-17,1.4879142,0.29336232
2017-02-20,1.4981245,0.09379913
2017-02-21,1.5065674,0.066799104
2017-02-22,1.4968961,0.052770644
2017-02-23,1.4908549,0.21133205
2017-02-24,1.4910268,0.29826725
2017-02-27,1.4930531,0.1486598
2017-02-28,1.4871868,0.09346811
2017-03-01,1.4876543,0.31796896
2017-03-02,1.4917444,0.12262909
2017-03-03,1.4936444,0.4710577
2017-03-06,1.4897949,0.26315048
2017-03-07,1.4869815,0.08902682
2017-03-08,1.4889656,0.12618577
2017-03-09,1.4912852,0.59407926
2017-03-10,1.4904103,0.15240957
2017-03-13,1.4908051,0.09732521
2017-03-14,1.4929103,0.17711909
2017-03-15,1.4925367,0.37269258
2017-03-16,1.4930333,0.47767827
2017-03-17,1.5005348,0.6986573
2017-03-20,1.5036517,1.158844
2017-03-21,1.5086483,0.68388474
2017-03-22,1.5122842,0.17286457
2017-03-23,1.5159746,0.05061605
2017-03-24,1.5164461,0.19038862
2017-03-27,1.5084531,0.07066428
2017-03-28,1.5090394,0.06232144
2017-03-29,1.5147873,0.13305874
2017-03-30,1.5187715,0.70643765
2017-03-31,1.5151525,0.9135817
2017-04-05,1.5082601,0.513104
2017-04-06,1.5051427,0.11245549
2017-04-07,1.5093635,0.31113243
2017-04-10,1.5071672,0.15250877
2017-04-11,1.5129848,0.24332634
2017-04-12,1.5072147,0.24874674
2017-04-13,1.4933125,0.0788469
2017-04-14,1.4978565,0.14894515
2017-04-17,1.492563,0.20444983
2017-04-18,1.4997454,0.36540967
2017-04-19,1.4990402,0.18397412
2017-04-20,1.4930447,0.3711272
2017-04-21,1.4955833,0.117190175
2017-04-24,1.4962801,0.10045706
2017-04-25,1.4963217,0.09578639
2017-04-26,1.4949561,0.06294422
2017-04-27,1.4943298,0.013248406
2017-04-28,1.4928819,0.055142313
2017-05-02,1.4915994,0.17870417
2017-05-03,1.4868667,0.14117888
2017-05-04,1.4831725,0.24327257
2017-05-05,1.4805425,0.05957607
2017-05-08,1.4801166,0.07474421
2017-05-09,1.4779725,0.10837807
2017-05-10,1.4866475,0.11036202
2017-05-11,1.4874686,0.080323495
2017-05-12,1.4991626,0.1579785
2017-05-15,1.4961785,0.08603182
2017-05-16,1.4938262,0.23324817
2017-05-17,1.5000077,0.09994255
2017-05-18,1.499951,0.055203505
2017-05-19,1.5064259,0.07230027
2017-05-22,1.5049384,0.083776556
2017-05-23,1.5119292,0.16618456
2017-05-24,1.513718,0.088724464
2017-05-25,1.510673,0.050224878
2017-05-26,1.5106865,0.086378776
2017-05-31,1.510485,0.024361845
2017-06-01,1.5069124,0.23446575
2017-06-02,1.5112383,0.07638561
2017-06-05,1.530179,0.15805069
2017-06-06,1.5465307,0.10565631
2017-06-07,1.5572767,0.061545055
2017-06-08,1.571527,0.11371161
2017-06-09,1.5768615,0.10533272
2017-06-12,1.5768274,0.42698616
2017-06-13,1.5665671,0.12776959
2017-06-14,1.5589352,0.011338774
2017-06-15,1.5661635,0.173875
2017-06-16,1.5749643,0.25014234
2017-06-19,1.585752,0.061720148
2017-06-20,1.583743,0.11020621
2017-06-21,1.5826384,0.060594566
2017-06-22,1.6011235,0.028769255
2017-06-23,1.6122547,0.12303469
2017-06-26,1.6088716,0.08389752
2017-06-27,1.6124833,0.08618057
2017-06-28,1.6088203,0.07568014
2017-06-29,1.6141043,0.011782777
2017-06-30,1.5929816,0.07826731
2017-07-03,1.6051009,0.044408508
2017-07-04,1.6104091,0.13795906
2017-07-05,1.599917,0.024992768
2017-07-06,1.5890945,0.064175546
2017-07-07,1.5853667,0.102398634
2017-07-10,1.5791372,0.049871907
2017-07-11,1.5737615,0.035930168
2017-07-12,1.5624173,0.011548327
2017-07-13,1.542807,0.009802565
2017-07-14,1.5463196,0.025271477
2017-07-17,1.5638334,0.018186452
2017-07-18,1.5726868,0.035516895
2017-07-19,1.5763072,0.012700787
2017-07-20,1.6086382,0.0067651793
2017-07-21,1.6027739,0.02429141
2017-07-24,1.5790356,0.023281656
2017-07-25,1.5760441,0.029629523
2017-07-26,1.6005144,0.02311218
2017-07-27,1.6051836,0.04732661
2017-07-28,1.6103305,0.064255
2017-07-31,1.613064,0.04617735
2017-08-01,1.602226,0.043565407
2017-08-02,1.5933839,0.021646231
2017-08-03,1.6144527,0.02000746
2017-08-04,1.6252278,0.06749426
2017-08-07,1.6598647,0.105241805
2017-08-08,1.6673454,0.00038884766
2017-08-09,1.6245015,0.10710646
2017-08-10,1.6595529,0.18605141
2017-08-11,1.672333,0.10872972
2017-08-14,1.6901442,0.06088324
2017-08-15,1.6763854,0.042355288
2017-08-16,1.6666827,0.13459712
2017-08-17,1.6815876,0.15353885
2017-08-18,1.6703825,0.07620478
2017-08-21,1.6661705,0.036303382
2017-08-22,1.6787267,0.041738857
2017-08-23,1.6869178,0.11089493
2017-08-24,1.6920705,1.4169225
2017-08-25,1.6969477,0.089630246
2017-08-28,1.6922228,0.09270918
2017-08-29,1.692102,0.23610318
2017-08-30,1.6958628,0.25074384
2017-08-31,1.7014213,0.08890583
2017-09-01,1.7036041,0.16314286
2017-09-04,1.7025825,0.16437554
2017-09-05,1.6977288,0.08217316
2017-09-06,1.6990505,0.11495597
2017-09-07,1.6993382,0.08592434
2017-09-08,1.6981204,0.32026866
2017-09-11,1.7057326,0.61583126
2017-09-12,1.7042645,0.50489324
2017-09-13,1.7159395,0.12708014
2017-09-14,1.74348,0.24841926
2017-09-15,1.7349175,0.24709713
2017-09-18,1.7423961,0.046892677
2017-09-19,1.741603,0.0030698925
2017-09-20,1.7780724,0.044148892
2017-09-21,1.7960279,0.008865928
2017-09-22,1.7912331,0.008865928
2017-09-25,1.7912298,0.049054913
2017-09-26,1.7880771,0.015606279
2017-09-27,1.8060207,0.0096379835
2017-09-28,1.8136486,0.011789303
2017-09-29,1.8340037,0.04267795
2017-10-09,1.8964751,0.074731275
2017-10-10,1.9028814,0.004562147
2017-10-11,1.9001728,0.010667553
2017-10-12,1.8828539,0.012306958
2017-10-13,1.860032,0.022874285
2017-10-16,1.8700645,0.0
2017-10-17,1.9097517,0.0
2017-10-18,1.8962237,0.0
2017-10-19,1.9039803,0.038795568
2017-10-20,1.9089502,0.037987933
2017-10-23,1.9052955,0.0024783704
2017-10-24,1.9451616,0.067620546
2017-10-25,2.0018063,0.06969909
2017-10-26,1.9610053,0.004680274
2017-10-27,1.9472077,0.055362657
2017-10-30,1.9430398,0.014305877
2017-10-31,1.9322823,0.02936713
2017-11-01,1.9534698,0.009138001
2017-11-02,1.9935821,0.011839407
2017-11-03,2.036171,0.070542015
2017-11-06,2.0813413,0.07656679
2017-11-07,2.0149958,0.046505384
2017-11-08,2.0207088,0.036496945
2017-11-09,2.0232773,0.07961312
2017-11-10,1.9980849,0.058510378
2017-11-13,2.007307,0.11194304
2017-11-14,2.0509512,0.012191771
2017-11-15,2.028611,0.025510378
2017-11-16,2.0293212,0.00487056
2017-11-17,2.044096,0.15466091
2017-11-20,2.0304189,0.12304759
2017-11-21,1.9812053,0.2217546
2017-11-22,1.9559534,0.023776276
2017-11-23,1.9305016,0.09787743
2017-11-24,1.9424692,0.16183524
2017-11-27,1.919553,0.07401239
2017-11-28,1.9004819,0.17500335
2017-11-29,1.9027901,0.16159458
2017-11-30,1.9254452,0.23292191
2017-12-01,1.9177222,0.27410698
2017-12-04,1.9168854,0.06932442
2017-12-05,1.8839461,0.094569996
2017-12-06,1.9199551,0.0387664
2017-12-07,1.9829413,0.18436506
2017-12-08,1.9743986,0.13174881
2017-12-11,2.009918,0.09740974
2017-12-12,2.0148416,0.17094126
2017-12-13,2.0167093,0.028722797
2017-12-14,2.001348,0.29858616
2017-12-15,2.007054,0.50920284
2017-12-18,2.0276778,0.09568727
2017-12-19,2.0348563,0.19984446
2017-12-20,2.0351446,0.18583262
2017-12-21,2.044349,0.23064882
2017-12-22,2.0535316,0.11995779
2017-12-25,2.0135686,0.25405046
2017-12-26,2.0271502,0.1411049
2017-12-27,2.0213053,0.23299283
2017-12-28,2.0394945,0.059674665
2017-12-29,2.0540748,0.33929294
2018-01-02,2.0715666,0.16767716
2018-01-03,2.0774252,0.1632885
2018-01-04,2.0909932,0.13973908
2018-01-05,2.1166444,0.026605062
2018-01-08,2.1289625,0.17165416
2018-01-09,2.1224735,0.07250096
2018-01-10,2.1388385,0.19369541
2018-01-11,2.1325269,0.026726674
2018-01-12,2.153112,0.3792611
2018-01-15,2.1460564,0.22175749
2018-01-16,2.152234,0.08718933
2018-01-17,2.145957,0.102155
2018-01-18,2.1762824,0.1467357
2018-01-19,2.179928,0.3715169
2018-01-22,2.1701255,0.19145776
2018-01-23,2.1559236,0.19155747
2018-01-24,2.1621306,0.24065852
2018-01-25,2.123777,0.30673623
2018-01-26,2.104731,0.29322177
2018-01-29,2.1277022,0.3879007
2018-01-30,2.1122313,0.4548393
2018-01-31,2.1131136,0.5953674
2018-02-01,2.1033978,0.2081883
2018-02-02,2.0895565,0.124865904
2018-02-05,2.08005,0.21489161
2018-02-06,2.0827208,0.2734321
2018-02-07,2.0744655,0.120760895
2018-02-08,2.086927,0.2804883
2018-02-09,2.0896673,0.4729759
2018-02-12,2.1022425,0.13695998
2018-02-13,2.1012123,0.018408963
2018-02-14,2.1018398,0.037563488
2018-02-22,2.1174886,0.024063326
2018-02-23,2.117677,0.011171367
2018-02-26,2.11407,0.09583637
2018-02-27,2.1141257,0.19666752
2018-02-28,2.110702,0.19720256
2018-03-01,2.0967019,0.70451826
2018-03-02,2.1015925,0.13669904
2018-03-05,2.091643,0.12916338
2018-03-06,2.1134934,0.4072102
2018-03-07,2.1279156,0.33801937
2018-03-08,2.1310713,0.124436416
2018-03-09,2.1191065,0.12818831
2018-03-12,2.118429,0.2637766
2018-03-13,2.1325712,0.11493509
2018-03-14,2.115281,0.19960654
2018-03-15,2.1230216,0.052796993
2018-03-16,2.1090593,0.48669618
2018-03-19,2.0958402,0.036479376
2018-03-20,2.0721142,0.13928096
2018-03-21,2.0363636,0.07252842
2018-03-22,2.0348246,0.2403909
2018-03-23,2.042761,0.6991675
2018-03-26,2.0095298,0.37263948
2018-03-27,2.0402174,0.22319052
2018-03-28,2.0423493,0.3193785
2018-03-29,2.0345137,0.36366317
2018-03-30,2.0383193,0.5921221
2018-04-02,2.0609171,0.17881933
2018-04-03,2.0572722,0.23262
2018-04-04,2.0646915,0.5408702
2018-04-09,2.068592,0.1276376
2018-04-10,2.0617526,0.09401598
2018-04-11,2.0526917,0.35768974
2018-04-12,2.042824,0.24330518
2018-04-13,2.025953,0.26645812
2018-04-16,2.0282934,0.35562134
2018-04-17,2.048264,0.1812572
2018-04-18,2.0374448,0.5582948
2018-04-19,2.0311465,0.58507586
2018-04-20,2.0513492,0.23011681
2018-04-23,2.0501013,0.2282062
2018-04-24,2.0372915,0.03879518
2018-04-25,2.03315,0.0631064
2018-04-26,2.027451,0.1457952
2018-04-27,2.038447,0.22303165
2018-05-02,2.0359747,0.25564513
2018-05-03,2.0732555,0.10571167
2018-05-04,2.0812452,0.052342743
2018-05-07,2.0753298,0.34651583
2018-05-08,2.0835977,0.14779039
2018-05-09,2.0755422,0.046597574
2018-05-10,2.0810485,0.038512684
2018-05-11,2.0908384,0.12838724
2018-05-14,2.090321,0.07627551
2018-05-15,2.0867398,0.3576781
2018-05-16,2.088953,0.18789089
2018-05-17,2.0931628,0.18308833
2018-05-18,2.1010482,0.12581271
2018-05-21,2.078714,0.106080055
2018-05-22,2.0647938,0.13665944
2018-05-23,2.07231,0.4408059
2018-05-24,2.1194997,0.22071734
2018-05-25,2.103619,0.2619648
2018-05-28,2.1153908,0.18402629
2018-05-29,2.190926,0.12606451
2018-05-30,2.1765525,0.532732
2018-05-31,2.1848516,0.14607757
2018-06-01,2.1848187,0.2512564
2018-06-04,2.183659,0.13611177
2018-06-05,2.1753848,0.06475722
2018-06-06,2.1590655,0.33999264
2018-06-07,2.1548443,0.022465333
2018-06-08,2.1750393,0.2682382
2018-06-11,2.1622272,0.18503095
2018-06-12,2.157438,0.085152626
2018-06-13,2.1538904,0.18870223
2018-06-14,2.1252244,0.20149939
2018-06-15,2.131791,0.31893152
2018-06-19,2.1340907,0.027558181
2018-06-20,2.138714,0.111468345
2018-06-21,2.1416104,0.010445701
2018-06-22,2.1394324,0.028909491
2018-06-25,2.1303875,0.004648648
2018-06-26,2.1329467,0.06484437
2018-06-27,2.1525357,0.21945164
2018-06-28,2.145287,0.07837124
2018-06-29,2.152359,0.11316062
2018-07-02,2.1409216,0.11379921
2018-07-03,2.12061,0.36292723
2018-07-04,2.1228542,0.1710189
2018-07-05,2.1426013,0.16806434
2018-07-06,2.1478393,0.07942923
2018-07-09,2.1298811,0.08338828
2018-07-10,2.157986,0.07760078
2018-07-11,2.160723,0.035834707
2018-07-12,2.1655862,0.0038720686
2018-07-13,2.1643157,0.14597279
2018-07-16,2.1583836,0.07850805
2018-07-17,2.157135,0.11292824
2018-07-18,2.1621728,0.35239896
2018-07-19,2.1596627,0.077512786
2018-07-20,2.1661458,0.13484329
2018-07-23,2.1645331,0.3820163
2018-07-24,2.159589,0.03825265
2018-07-25,2.1548011,0.12623641
2018-07-26,2.137099,0.0695654
2018-07-27,2.140383,0.05790095
2018-07-30,2.1199868,0.1747523
2018-07-31,2.092201,0.005280153
2018-08-01,2.0834177,0.33965287
2018-08-02,2.0701509,0.1467996
2018-08-03,2.0859027,0.04531853
2018-08-06,2.0716472,0.07891949
2018-08-07,2.0917747,0.023091372
2018-08-08,2.095389,0.28883612
2018-08-09,2.0923753,0.05308339
2018-08-10,2.0810592,1.2640617
2018-08-13,2.0649807,0.21164353
2018-08-14,2.0441153,0.20611301
2018-08-15,2.032471,0.14152217
2018-08-16,2.0416443,0.3368899
2018-08-17,2.0705364,0.5663181
2018-08-20,2.058851,0.37061068
2018-08-21,2.0679352,0.45730165
2018-08-22,2.0647037,0.4931195
2018-08-23,2.0740857,0.22638473
2018-08-24,2.0771332,0.05226685
2018-08-27,2.0744646,0.18651366
2018-08-28,2.0759714,0.19394043
2018-08-29,2.0776377,0.3804541
2018-08-30,2.0718062,0.0
2018-08-31,2.0694766,0.16983119
2018-09-03,2.066798,0.16983119
2018-09-04,2.0687866,0.12464021
2018-09-05,2.072377,0.04821784
2018-09-06,2.0667655,0.0552661
2018-09-07,2.0676308,0.046337165
2018-09-10,2.0639908,0.012181409
2018-09-11,2.0691414,0.05095126
2018-09-12,2.0752366,0.18093865
2018-09-13,2.0699873,0.1803903
2018-09-14,2.0853705,0.9777605
2018-09-17,2.0962913,0.06407195
2018-09-18,2.093001,0.21365365
2018-09-19,2.1104937,0.27539855
2018-09-20,2.1076393,0.061994597
2018-09-21,2.1127007,0.20189145
2018-09-25,2.1068263,0.16608678
2018-09-26,2.1175284,0.20391224
2018-09-27,2.1048284,0.29684663
2018-09-28,2.1042967,0.0826298
2018-10-08,2.1024127,0.15452789
2018-10-09,2.0741978,0.07846682
2018-10-10,2.0785074,0.035281032
2018-10-11,2.0716853,0.055233307
2018-10-12,2.0635302,0.078613564
2018-10-15,2.0677884,0.44368798
2018-10-16,2.044984,0.08310069
2018-10-17,2.0666704,0.10055948
2018-10-18,2.1213932,0.04235576
2018-10-19,2.0926206,0.10118543
2018-10-22,2.0903106,0.03725954
2018-10-23,2.0918937,0.04957488
2018-10-24,2.0838218,0.08608011
2018-10-25,2.0577283,0.25397283
2018-10-26,2.0727315,0.07296187
2018-10-29,2.0937757,0.06105291
2018-10-30,2.104325,0.1318534
2018-10-31,2.144879,0.24761021
2018-11-01,2.1377978,0.21299165
2018-11-02,2.1402898,0.12455789
2018-11-05,2.1363857,0.10955584
2018-11-06,2.1371958,0.05166077
2018-11-07,2.135759,0.007236205
2018-11-08,2.1451738,0.17229299
2018-11-09,2.1511502,0.088408396
2018-11-12,2.1539884,0.06404803
2018-11-13,2.1631095,0.07239339
2018-11-14,2.1671672,0.15610617
2018-11-15,2.1703968,0.22625884
2018-11-16,2.1592755,0.0545816
2018-11-19,2.16029,0.14528754
2018-11-20,2.159233,0.18046935
2018-11-21,2.1379006,0.06086767
2018-11-22,2.1361942,0.17127152
2018-11-23,2.1375666,0.33079287
2018-11-26,2.14373,0.026055466
2018-11-27,2.1402478,0.02210839
2018-11-28,2.1402683,0.074648835
2018-11-29,2.154302,0.037967525
2018-11-30,2.1586568,0.16057317
2018-12-03,2.1629586,0.13305944
2018-12-04,2.1634483,0.054025218
2018-12-05,2.1639948,0.041314915
2018-12-06,2.1673083,0.08315919
2018-12-07,2.1705716,0.025978684
2018-12-10,2.1708438,0.11327978
2018-12-11,2.1684742,0.047946084
2018-12-12,2.1599588,0.10959454
2018-12-13,2.1581473,0.094606034
2018-12-14,2.1550696,0.14191097
2018-12-17,2.1562312,0.009404721
2018-12-18,2.1614807,0.052438196
2018-12-19,2.1640873,0.15864709
2018-12-20,2.162177,0.003930507
2018-12-21,2.1629148,0.06530019
2018-12-24,2.1650643,0.18234614
2018-12-25,2.164139,0.031107333
2018-12-26,2.172966,0.062123597
2018-12-27,2.1691957,0.064649485
2018-12-28,2.1714997,0.047194146
2019-01-02,2.185471,0.3511624
2019-01-03,2.1995265,0.31107655
2019-01-04,2.1985962,0.15855171
2019-01-07,2.1999314,0.18141487
2019-01-08,2.2004972,0.23019017
2019-01-09,2.204519,0.37809432
2019-01-10,2.2014842,0.39615732
2019-01-11,2.205402,0.075824626
2019-01-14,2.2082918,0.2896814
2019-01-15,2.2107024,0.20241204
2019-01-16,2.2116733,0.014353801
2019-01-17,2.2097633,0.010432338
2019-01-18,2.2016132,0.3941781
2019-01-21,2.1996427,0.35625398
2019-01-22,2.2007194,0.2508069
2019-01-23,2.1978834,0.16479275
2019-01-24,2.1999803,0.07731204
2019-01-25,2.1988494,0.13348132
2019-01-28,2.1954663,0.24414304
2019-01-29,2.1949525,0.11558234
2019-01-30,2.2158926,0.22613038
2019-01-31,2.2442126,0.4594096
2019-02-01,2.253672,0.5713773
2019-02-11,2.2861626,0.022365473
2019-02-12,2.2950308,0.12151649
2019-02-13,2.279639,0.10355336
2019-02-14,2.358482,0.058250267
2019-02-15,2.3482685,0.06232217
2019-02-18,2.3456573,0.12156325
2019-02-19,2.3461368,0.051807918
2019-02-20,2.4090917,0.04824301
2019-02-21,2.5520952,0.043916263
2019-02-22,2.5181813,0.013653863
2019-02-25,2.504958,0.06992109
2019-02-26,2.5056396,0.038195577
2019-02-27,2.5369596,0.008834604
2019-02-28,2.5650637,0.11028738
2019-03-01,2.61585,0.23337308
2019-03-04,2.6344504,0.392151
2019-03-05,2.6226563,0.10209594
2019-03-06,2.5796878,0.33378723
2019-03-07,2.6306965,0.47446755
2019-03-08,2.643345,0.2477516
2019-03-11,2.6124973,0.15404168
2019-03-12,2.598513,0.47955835
2019-03-13,2.6311023,0.33483022
2019-03-14,2.7563293,0.2538354
2019-03-15,2.7500222,0.66405416
2019-03-18,2.752448,0.107571475
2019-03-19,2.7610025,0.34349838
2019-03-20,2.7738376,0.024375582
2019-03-21,2.7431653,0.14751402
2019-03-22,2.7132263,0.06328464
2019-03-25,2.7202811,0.84234977
2019-03-26,2.7172308,0.7315097
2019-03-27,2.743427,0.46333966
2019-03-28,2.7541769,0.29488564
2019-03-29,2.7459745,0.8153589
2019-04-01,2.7390819,0.9048888
2019-04-02,2.7415578,0.3576237
2019-04-03,2.7421,0.22898033
2019-04-04,2.7399278,0.27074885
2019-04-08,2.740575,0.19442043
2019-04-09,2.7290578,0.35614556
2019-04-10,2.722902,0.07385343
2019-04-11,2.708736,0.006374307
2019-04-12,2.7119126,0.13819727
2019-04-15,2.7167916,0.33990228
2019-04-16,2.7117083,0.49305612
2019-04-17,2.7170024,0.50319594
2019-04-18,2.716851,0.297759
2019-04-19,2.7100692,0.017579406
2019-04-22,2.7089224,0.04853622
2019-04-23,2.7119427,0.15985149
2019-04-24,2.7144313,0.11109439
2019-04-25,2.7122486,0.49942347
2019-04-26,2.7215753,0.12712762
2019-04-29,2.690601,0.20085639
2019-04-30,2.6981373,0.22572383
2019-05-06,2.6943548,0.055169452
2019-05-07,2.688499,0.029558156
2019-05-08,2.7088766,0.009682547
2019-05-09,2.7154436,0.047350835
2019-05-10,2.7103899,0.018854842
2019-05-13,2.7263637,0.056300983
2019-05-14,2.7337644,0.03674958
2019-05-15,2.727084,0.05830852
2019-05-16,2.7235157,0.109930664
2019-05-17,2.7207208,0.02143768
2019-05-20,2.7170033,0.0049148574
2019-05-21,2.713824,0.018746957
2019-05-22,2.7125685,0.0
2019-05-23,2.7081892,0.0
2019-05-24,2.71386,0.0
2019-05-27,2.718256,0.0
2019-05-28,2.719937,0.05663333
2019-05-29,2.721618,0.05663333
2019-05-30,2.7265382,0.0
2019-05-31,2.7295702,0.0
2019-06-03,2.7328072,0.0
2019-06-04,2.7303114,0.0176368
2019-06-05,2.7365143,0.32081372
2019-06-06,2.7512672,0.08463818
2019-06-10,2.7370563,0.71262157
2019-06-11,2.7395992,0.11818226
2019-06-12,2.7306223,0.26109636
2019-06-13,2.7295477,0.0121090375
2019-06-14,2.7291567,0.2015735
2019-06-17,2.74117,0.15214962
2019-06-18,2.7736614,0.1074013
2019-06-19,2.7851253,0.2829615
2019-06-20,2.7864068,0.58044773
2019-06-21,2.7619503,0.19572224
2019-06-24,2.760392,0.23901719
2019-06-25,2.7829175,0.05326335
2019-06-26,2.7734659,0.096808344
2019-06-27,2.83854,0.22819865
2019-06-28,2.8370285,0.15114054
2019-07-01,2.8308322,0.7380698
2019-07-02,2.8312497,0.5276048
2019-07-03,2.8338716,0.19601381
2019-07-04,2.8074484,0.27286747
2019-07-05,2.8074534,0.17859292
2019-07-08,2.8055093,0.46962148
2019-07-09,2.8198287,0.17901367
2019-07-10,2.8165345,0.101981364
2019-07-11,2.8193092,0.39342755
2019-07-12,2.817714,0.032682717
2019-07-15,2.8138442,0.37983465
2019-07-16,2.8163304,0.26496893
2019-07-17,2.8249202,0.15694758
2019-07-18,2.8208804,0.074956656
2019-07-19,2.8199482,0.27660882
2019-07-22,2.820715,0.29844347
2019-07-23,2.8201683,0.07547289
2019-07-24,2.8200161,0.09126656
2019-07-25,2.8202276,0.04667868
2019-07-26,2.8228846,0.3863276
2019-07-29,2.8270173,0.103236705
2019-07-30,2.8216512,0.29290622
2019-07-31,2.8389344,0.28699696
2019-08-01,2.8862448,0.4872228
2019-08-02,2.890955,0.0
2019-08-05,2.90171,0.44594917
2019-08-06,2.913819,0.20503324
2019-08-07,2.9045959,0.63310003
2019-08-08,2.943944,0.7444232
2019-08-09,2.9246075,0.12174146
2019-08-12,2.9342859,0.05750522
2019-08-13,2.9446805,0.061711393
2019-08-14,2.9558036,0.0845709
2019-08-15,3.0039084,0.4297591
2019-08-16,2.9960265,0.31614375
2019-08-19,2.9953368,0.6680939
2019-08-20,2.9976125,0.9536672
2019-08-21,3.0024116,0.07027004
2019-08-22,3.0058029,0.35617596
2019-08-23,3.0081983,0.21096358
2019-08-26,3.0088754,0.10444764
2019-08-27,3.0073166,1.390262
2019-08-28,3.0042176,0.92379713
2019-08-29,3.0242245,0.15797758
2019-08-30,3.0287175,0.15151131
2019-09-02,3.0517383,0.28536838
2019-09-03,3.0600688,0.5515028
2019-09-04,3.0675564,0.73123264
2019-09-05,3.100695,0.44179988
2019-09-06,3.0939348,0.5530681
2019-09-09,3.0910492,1.0156115
2019-09-10,3.0907443,0.5876087
2019-09-11,3.0916595,0.24188447
2019-09-12,3.0810986,0.26095694
2019-09-16,3.0926635,0.28515762
2019-09-17,3.0890524,0.10110113
2019-09-18,3.0950098,0.3819934
2019-09-19,3.1118739,0.22044058
2019-09-20,3.1155818,1.4391643
2019-09-23,3.121206,1.2296824
2019-09-24,3.0806682,0.9848026
2019-09-25,3.0792272,0.49156994
2019-09-26,3.069828,0.13358915
2019-09-27,3.0743716,0.5820786
2019-09-30,3.0946643,0.09723284
2019-10-08,3.0891042,0.07970578
2019-10-09,3.080609,0.16182372
2019-10-10,3.0587373,0.05522118
2019-10-11,3.0610301,0.2983994
2019-10-14,3.0510664,0.57247186
2019-10-15,3.0637474,0.11174746
2019-10-16,3.0588295,0.2422271
2019-10-17,3.0583537,0.2119778
2019-10-18,3.0509467,0.1264459
2019-10-21,3.0539546,0.39102012
2019-10-22,3.0484598,0.33581132
2019-10-23,3.0735238,0.06442766
2019-10-24,3.0768523,0.24844955
2019-10-25,3.0663755,0.39235544
2019-10-28,3.0585392,0.33900344
2019-10-29,3.0639532,0.33435225
2019-10-30,3.0773005,0.07079911
2019-10-31,3.0803788,0.5435834
2019-11-01,3.0947087,0.77974784
2019-11-04,3.0726504,0.16331695
2019-11-05,3.0845728,0.09908413
2019-11-06,3.052674,0.8798188
2019-11-07,3.0345848,0.24741568
2019-11-08,3.0201244,0.3922186
2019-11-11,3.0435593,0.26325822
2019-11-12,3.050905,0.29569125
2019-11-13,3.0432806,0.020701852
2019-11-14,3.0458043,0.10396075
2019-11-15,3.0653784,0.12684155
2019-11-18,3.0709722,0.067024976
2019-11-19,3.0607626,0.5810557
2019-11-20,3.0297053,0.015799852
2019-11-21,3.0124202,0.1895156
2019-11-22,3.0291934,0.19087842
2019-11-25,3.0276823,0.41921765
2019-11-26,3.0204744,0.7725161
2019-11-27,2.971182,0.78799593
2019-11-28,2.9865835,0.1388933
2019-11-29,2.989007,0.1668524
2019-12-02,3.0011592,0.12689827
2019-12-03,3.0070913,0.32529333
2019-12-04,3.0366323,0.43878442
2019-12-05,3.0261474,0.10352596
2019-12-06,3.0223603,0.0993159
2019-12-09,2.9948618,0.22031887
2019-12-10,2.983914,0.37345237
2019-12-11,3.0183797,0.013695459
2019-12-12,3.0352256,0.19441056
2019-12-13,3.0800748,0.023467
2019-12-16,3.072354,0.0018290542
2019-12-17,3.0682824,0.16036779
2019-12-18,3.0531914,0.15243705
2019-12-19,3.0054545,0.005627378
2019-12-20,3.0320249,0.0084040575
2019-12-23,3.0309145,0.006193598
2019-12-24,3.0415773,0.10456398
2019-12-25,3.0383093,0.2264563
2019-12-26,3.0843194,0.036622576
2019-12-27,3.0977926,0.09200163
2019-12-30,3.1412077,0.1613829
2019-12-31,3.1390693,0.3162702
2020-01-02,3.1637182,0.30094588
2020-01-03,3.2038016,0.1254463
2020-01-06,3.171713,0.20553565
2020-01-07,3.2055192,0.054798845
2020-01-08,3.1973145,0.22620805
2020-01-09,3.235662,0.16115403
2020-01-10,3.2216368,0.036443003
2020-01-13,3.213436,0.23865809
2020-01-14,3.2153406,0.1355066
2020-01-15,3.2018175,0.2860233
2020-01-16,3.2262223,0.25091916
2020-01-17,3.19154,0.42305002
2020-01-20,3.1947598,0.16092955
2020-01-21,3.189099,1.5371932
2020-01-22,3.0638933,0.78988504
2020-01-23,3.0628784,0.81551003
2020-02-03,3.0576031,1.0123218
2020-02-04,3.0534523,0.17533723
2020-02-05,3.0632882,0.122650415
2020-02-06,3.0791984,0.122650415
2020-02-07,3.0762131,0.22952932
2020-02-10,3.0753052,0.007935489
2020-02-11,3.0861893,0.083236486
2020-02-12,3.0889254,0.12697004
2020-02-13,3.0948126,0.22170623
2020-02-14,3.1006486,0.038862087
2020-02-17,3.1178677,0.00475906
2020-02-18,3.1242003,0.003142856
2020-02-19,3.1580532,0.003142856
2020-02-20,3.1952782,0.0
2020-02-21,3.1656454,0.0
2020-02-24,3.1700187,0.0
2020-02-25,3.1721716,0.0
2020-02-26,3.151326,0.0
2020-02-27,3.1224818,0.0
2020-02-28,3.120481,0.011468779
2020-03-02,3.139024,1.6678247
2020-03-03,3.173836,0.9364219
2020-03-04,3.1712506,0.16362175
2020-03-05,3.1185994,0.39680874
2020-03-06,3.1259003,0.72172284
2020-03-09,3.1457193,0.9414086
2020-03-10,3.1085606,1.4461668
2020-03-11,3.039418,1.1283231
2020-03-12,2.971084,0.10901665
2020-03-13,2.8592975,0.21010606
2020-03-16,2.8957863,0.40520322
2020-03-17,2.8861222,0.34474814
2020-03-18,2.911358,0.028997678
2020-03-19,2.8953907,0.08024684
2020-03-20,3.0052,0.40778956
2020-03-23,3.0517287,0.43604022
2020-03-24,3.0433156,0.7482842
2020-03-25,3.0554569,0.8452488
2020-03-26,3.0341785,0.25640535
2020-03-27,3.0393567,0.49790218
2020-03-30,3.0401647,0.26466963
2020-03-31,3.079041,0.04206887
2020-04-01,3.061505,0.19091399
2020-04-02,3.1262767,0.10835378
2020-04-03,3.114857,0.51358426
2020-04-07,3.1199148,0.5719085
2020-04-08,3.1103814,0.49062932
2020-04-09,3.097713,0.41647312
2020-04-10,3.135888,0.20663364
2020-04-13,3.1240077,0.16198272
2020-04-14,3.1297805,0.67475826
2020-04-15,3.1505156,0.15367271
2020-04-16,3.1669548,0.17293087
2020-04-17,3.1310909,0.29140154
2020-04-20,3.1363235,1.2821034
2020-04-21,3.1762407,0.5497422
2020-04-22,3.1852007,0.28739458
2020-04-23,3.1683064,0.37562674
2020-04-24,3.1785817,0.9308384
2020-04-27,3.1786377,0.27111158
2020-04-28,3.2040908,0.94506365
2020-04-29,3.2212307,0.5640242
2020-04-30,3.2154536,0.4965986
2020-05-06,3.2424242,0.5949992
2020-05-07,3.2272046,1.2027429
2020-05-08,3.2534382,1.1889985
2020-05-11,3.2744246,0.63328695
2020-05-12,3.264798,0.5459706
2020-05-13,3.2758188,0.2885049
2020-05-14,3.3307598,0.094767004
2020-05-15,3.3535075,0.7089724
2020-05-18,3.3268454,0.59479415
2020-05-19,3.2848053,0.23130432
2020-05-20,3.2231362,0.21379039
2020-05-21,3.2228725,0.13545401
2020-05-22,3.2363687,1.328928
2020-05-25,3.21884,0.85956514
2020-05-26,3.2146504,0.5485059
2020-05-27,3.2259636,0.83945006
2020-05-28,3.2799711,0.07132018
2020-05-29,3.2757654,0.49252215
2020-06-01,3.2701766,0.6889388
2020-06-02,3.2785776,0.5883197
2020-06-03,3.287402,0.2954585
2020-06-04,3.2884166,0.58988076
2020-06-05,3.3001592,0.42412567
2020-06-08,3.3243492,0.49988866
2020-06-09,3.3157723,0.32951188
2020-06-10,3.3151572,0.06642896
2020-06-11,3.301696,0.3449643
2020-06-12,3.3200736,0.08109988
2020-06-15,3.3246448,0.10183159
2020-06-16,3.3564007,0.78459996
2020-06-17,3.4050717,0.32100844
2020-06-18,3.4211082,0.3002252
2020-06-19,3.4472687,0.6270165
2020-06-22,3.4797788,0.5155372
2020-06-23,3.4620948,0.44597834
2020-06-24,3.5149,0.2133749
2020-06-29,3.6020901,0.25436303
2020-06-30,3.6687784,0.18324116
2020-07-01,3.6921806,0.1520999
2020-07-02,3.9115093,0.37523836
2020-07-03,3.9362388,0.042667672
2020-07-06,4.0048413,0.26365945
2020-07-07,4.106644,0.11291161
2020-07-08,4.1022377,0.3770314
2020-07-09,4.2493334,0.27569377
2020-07-10,4.213638,0.60007536
2020-07-13,4.1458926,0.6582247
2020-07-14,3.979752,1.2439725
2020-07-15,4.0150237,0.86095524
2020-07-16,4.058923,0.40995404
2020-07-17,4.081559,0.31192204
2020-07-20,4.1441593,0.31827864
2020-07-21,4.13483,0.37655604
2020-07-22,3.949655,0.55703753
2020-07-23,3.973015,0.288456
2020-07-24,4.04749,0.25950384
2020-07-27,4.156097,0.5486685
2020-07-28,4.1286945,0.68571335
2020-07-29,4.1610303,0.054353766
2020-07-30,4.2260036,0.036814757
2020-07-31,4.2239623,0.029655619
2020-08-03,4.233378,0.030231735
2020-08-04,4.2193494,0.029934794
2020-08-05,4.177154,0.0028456468
2020-08-06,4.1895065,0.012819398
2020-08-07,4.1478467,0.03777508
2020-08-10,4.1147375,0.022143302
2020-08-11,4.10587,0.020938491
2020-08-12,4.1632466,0.5620681
2020-08-13,4.223892,0.10233539
2020-08-14,4.221521,0.5543386
2020-08-17,4.1579027,0.028723257
2020-08-18,4.113917,0.07322502
2020-08-19,4.1301074,0.8760517
2020-08-20,4.1248717,0.268103
2020-08-21,4.1324687,0.3036568
2020-08-24,4.1043496,0.06523068
2020-08-25,4.1461473,0.26721668
2020-08-26,4.1724315,0.33952287
2020-08-27,4.172273,0.16225074
2020-08-28,4.193621,1.1770532
2020-08-31,4.1642823,1.163834
2020-09-01,4.1444993,1.2019533
2020-09-02,4.1213307,0.9537445
2020-09-03,4.052353,0.27602437
2020-09-04,4.044711,0.68841237
2020-09-07,4.0063896,0.15068623
2020-09-08,4.0215397,1.1778369
2020-09-09,4.062037,0.578999
2020-09-10,4.069255,0.44281763
2020-09-11,4.086485,0.095036134
2020-09-14,4.047432,0.3870923
2020-09-15,3.9977024,0.3748847
2020-09-16,4.0698433,0.43453878
2020-09-17,4.021905,0.47166535
2020-09-18,3.978075,0.42135218
2020-09-21,3.9658177,0.83929265
2020-09-22,3.9100273,0.2216065
2020-09-23,3.9354448,0.43875715
2020-09-24,3.9255135,0.7733069
2020-09-25,3.970144,0.3278985
2020-09-28,3.9711204,0.098225005
2020-09-29,4.0144367,0.5417959
2020-09-30,4.122994,0.40862492
2020-10-09,4.1345286,0.8066373
2020-10-12,4.1122665,0.05303502
2020-10-13,4.099973,0.0061026253
2020-10-14,4.0868735,0.054470222
2020-10-15,4.0570374,0.14831564
2020-10-16,4.0966725,0.15906101
2020-10-19,4.093348,0.18968111
2020-10-20,4.083903,0.20744221
2020-10-21,4.0100923,0.80445915
2020-10-22,3.9745038,0.29343212
2020-10-23,4.0019546,0.32525358
2020-10-26,4.0701885,0.17934692
2020-10-27,4.1368723,0.14619403
2020-10-28,4.0223184,0.11097792
2020-10-29,4.0371413,0.1409503
2020-10-30,4.0744033,0.6388333
2020-11-02,4.084878,0.6329884
2020-11-03,4.13897,0.12705691
2020-11-04,4.1104403,0.012383416
2020-11-05,4.203271,0.4812513
2020-11-06,4.2024536,0.30222708
2020-11-09,4.1541677,0.49670568
2020-11-10,4.1542416,0.7031181
2020-11-11,4.106923,0.17033285
2020-11-12,4.179248,0.10054868
2020-11-13,4.1462083,0.26696363
2020-11-16,4.120846,1.1995015
2020-11-17,4.13226,0.3194901
2020-11-18,4.1334815,0.24014533
2020-11-19,4.1477365,0.014337219
2020-11-20,4.123003,0.13759315
2020-11-23,4.084462,0.5436079
2020-11-24,4.0674887,0.7500688
2020-11-25,4.0744762,0.25186566
2020-11-26,4.031878,0.23404689
2020-11-27,4.0803266,0.17932776
2020-11-30,4.141107,0.052735083
2020-12-01,4.1391096,0.9860196
2020-12-02,4.1634088,1.0277541
2020-12-03,4.1711745,0.92661846
2020-12-04,4.186551,0.27016664
2020-12-07,4.1230755,0.3619447
2020-12-08,4.1252446,0.6530626
2020-12-09,4.105148,0.20960173
2020-12-10,4.187407,0.13240048
2020-12-11,4.167139,0.1990165
2020-12-14,4.2050343,0.13147424
2020-12-15,4.244637,0.0922761
2020-12-16,4.2129765,0.062985994
2020-12-17,4.2702937,0.38789392
2020-12-18,4.229099,0.26611003
2020-12-21,4.2626977,0.58338195
2020-12-22,4.2263727,0.53911984
2020-12-23,4.239885,0.3097511
2020-12-24,4.2907877,0.0781587
2020-12-25,4.2721705,0.20710675
2020-12-28,4.3262243,0.6141375
2020-12-29,4.397463,0.21415107
2020-12-30,4.546628,0.14689204
2020-12-31,4.73105,0.094725415
2021-01-04,4.7386622,0.36137062
2021-01-05,4.788506,0.23200215
2021-01-06,4.7391334,0.22335862
2021-01-07,4.6948314,0.50134325
2021-01-08,4.803999,0.24449366
2021-01-11,4.7822113,0.7777968
2021-01-12,4.7094483,0.47347072
2021-01-13,4.654357,0.54777616
2021-01-14,4.7421293,0.38562772
2021-01-15,4.6714168,0.22863123
2021-01-18,4.7064686,0.15331852
2021-01-19,4.7725964,0.28319335
2021-01-20,4.7555227,0.4184894
2021-01-21,4.8072853,0.3575983
2021-01-22,4.7292867,0.46246222
2021-01-25,4.708041,0.1450779
2021-01-26,4.609293,0.57543886
2021-01-27,4.598743,0.24168466
2021-01-28,4.623122,0.8581511
2021-01-29,4.7272725,0.96610314
2021-02-01,4.7137423,0.22865297
2021-02-02,4.712447,0.26208937
2021-02-03,4.694166,0.22379933
2021-02-04,4.792885,0.06198016
2021-02-05,4.882996,0.2696561
2021-02-08,4.980208,0.0910277
2021-02-09,4.9067264,0.1702199
2021-02-10,4.9355516,0.10497229
2021-02-18,4.802118,0.15459445
2021-02-19,4.7556458,0.50759315
2021-02-22,4.6667237,0.3779658
2021-02-23,4.6576877,0.4515235
2021-02-24,4.5518317,0.29771066
2021-02-25,4.617839,0.2286339
2021-02-26,4.5419207,1.0374815
2021-03-01,4.6071973,1.2906661
2021-03-02,4.5416603,1.6046206
2021-03-03,4.5238132,1.6234626
2021-03-04,4.520425,1.5583732
2021-03-05,4.4491196,0.52475864
2021-03-08,4.494864,0.4002905
2021-03-09,4.5988145,1.1186842
2021-03-10,4.5896196,0.41985676
2021-03-11,4.461664,0.23333949
2021-03-12,4.5050197,0.13643791
2021-03-15,4.5400968,0.66315585
2021-03-16,4.5775065,0.05721146
2021-03-17,4.473728,0.14956564
2021-03-18,4.517328,0.20623004
2021-03-19,4.485286,0.25071216
2021-03-22,4.422463,0.25169533
2021-03-23,4.423635,0.4733942
2021-03-24,4.5131145,0.27851966
2021-03-25,4.523928,0.1169844
2021-03-26,4.558798,0.20862262
2021-03-29,4.5268073,0.44979817
2021-03-30,4.6131153,0.2516416
2021-03-31,4.6946754,1.3273101
2021-04-01,4.66834,0.3584705
2021-04-02,4.6500072,0.6445761
2021-04-06,4.654555,0.18829575
2021-04-07,4.5950346,0.58560914
2021-04-08,4.520648,0.14325179
2021-04-09,4.52041,0.13396882
2021-04-12,4.5462046,0.20738403
2021-04-13,4.518433,0.40057284
2021-04-14,4.525137,0.23010129
2021-04-15,4.622317,0.52260494
2021-04-16,4.6047187,0.3742189
2021-04-19,4.6169763,0.31604102
2021-04-20,4.6331916,0.25618404
2021-04-21,4.6713705,0.08873087
2021-04-22,4.6366186,0.11616397
2021-04-23,4.625385,0.3018202
2021-04-26,4.6843085,0.06601889
2021-04-27,4.7219687,0.05251154
2021-04-28,4.7125177,0.15585771
2021-04-29,4.641876,0.27004322
2021-04-30,4.5118637,0.48520878
2021-05-06,4.4574947,0.53583115
2021-05-07,4.4756217,0.18134618
2021-05-10,4.528093,0.3309469
2021-05-11,4.5127063,0.664901
2021-05-12,4.605278,0.6409153
2021-05-13,4.6731186,0.9707061
2021-05-14,4.6578417,1.2487048
2021-05-17,4.667049,0.4621318
2021-05-18,4.6676283,0.32333735
2021-05-19,4.630411,0.059943855
2021-05-20,4.660202,0.34654567
2021-05-21,4.7874064,0.15076387
2021-05-24,4.77925,0.25072503
2021-05-25,4.8578725,0.29477632
2021-05-26,4.837267,0.05698444
2021-05-27,4.87947,0.096970394
2021-05-28,4.9038596,0.24480025
2021-05-31,4.856675,0.16610314
2021-06-01,4.819953,0.088895634
2021-06-02,4.862778,0.3718124
2021-06-03,4.9024167,0.21351925
2021-06-04,4.8752995,0.41038343
2021-06-07,4.8790555,1.092361
2021-06-08,4.8968997,0.67520636
2021-06-09,4.8587055,0.51222736
2021-06-10,4.852757,0.36623335
2021-06-11,4.8078284,0.95911276
2021-06-15,4.7809124,0.19233255
2021-06-16,4.7599206,0.10971671
2021-06-17,4.759691,0.11472892
2021-06-18,4.7779784,0.36750177
2021-06-21,4.793655,0.03206595
2021-06-22,4.7844815,0.17768963
2021-06-23,4.8309975,0.99882424
2021-06-24,4.841152,0.4435637
2021-06-25,4.7952366,0.45800844
2021-06-28,4.793208,0.8750378
2021-06-29,4.8175817,0.017118972
2021-06-30,4.7525887,0.003013434
2021-07-01,4.7696347,0.25147396
2021-07-02,4.7882686,0.5079759
2021-07-05,4.8366337,1.1399585
2021-07-06,4.8122325,0.07888247
2021-07-07,4.796931,0.11726236
2021-07-08,4.8528504,0.2532228
2021-07-09,4.8650284,0.14460665
2021-07-12,4.8153925,0.102574214
2021-07-13,4.864648,0.0489606
2021-07-14,4.822366,0.80041844
2021-07-15,4.8275414,0.8349411
2021-07-16,4.8235116,0.30480844
2021-07-19,4.8737,0.2283935
2021-07-20,4.888523,0.042743675
2021-07-21,4.8509445,0.048918378
2021-07-22,4.727568,0.112559676
2021-07-23,4.5918164,0.3421104
2021-07-26,4.6090045,0.97934043
2021-07-27,4.694644,0.7940878
2021-07-28,4.6727314,0.33669585
2021-07-29,4.772611,0.1084135
2021-07-30,4.7628083,0.06319532
2021-08-02,4.815372,0.17607096
2021-08-03,4.792842,0.08483989
2021-08-04,4.7845607,0.09599617
2021-08-05,4.808804,0.2438422
2021-08-06,4.8549175,0.13206492
2021-08-09,4.839897,0.060001582
2021-08-10,4.8373647,0.57445127
2021-08-11,4.825687,0.16302237
2021-08-12,4.827969,0.5466375
2021-08-13,4.7491336,0.12708108
2021-08-16,4.790503,0.358864
2021-08-17,4.7720146,0.017050898
2021-08-18,4.7002187,0.018096333
2021-08-19,4.755893,0.49276406
2021-08-20,4.8010902,0.2936885
2021-08-23,4.812071,0.76856333
2021-08-24,4.740449,0.28822678
2021-08-25,4.757258,0.14662653
2021-08-26,4.745328,0.20229626
2021-08-27,4.737936,0.16289513
2021-08-30,4.781757,0.07165631
2021-08-31,4.7855167,0.07241228
2021-09-01,4.7627335,0.14394356
2021-09-02,4.834144,0.069184974
2021-09-03,4.8998384,0.07542278
2021-09-06,4.8872766,0.10805714
2021-09-07,4.893634,0.06647509
2021-09-08,4.9475727,0.14842771
2021-09-09,4.911374,0.22948511
2021-09-10,4.8626924,0.05311886
2021-09-13,4.8461,1.2149706
2021-09-14,4.791082,0.20125033
2021-09-15,4.809204,1.0259852
2021-09-16,4.84897,1.2824867
2021-09-17,4.8225613,0.10719039
2021-09-22,4.820219,0.57755023
2021-09-23,4.8240676,0.56078714
2021-09-24,4.7855487,0.46545893
2021-09-27,4.7703347,0.4352255
2021-09-28,4.777338,0.11992112
2021-09-29,4.828383,0.33895093
2021-09-30,4.808477,0.0645812
2021-10-08,4.818774,0.13455647
2021-10-11,4.8269014,0.05969111
2021-10-12,4.877678,0.076518595
2021-10-13,4.8750124,0.16791932
2021-10-14,4.8150373,0.08637206
2021-10-15,4.8412867,0.32421115
2021-10-18,4.828459,0.44423628
2021-10-19,4.83828,0.38156235
2021-10-20,4.8596034,0.085962534
2021-10-21,4.877929,0.94076276
2021-10-22,4.874106,0.60244703
2021-10-25,4.836055,1.427944
2021-10-26,4.8674636,0.074090466
2021-10-27,4.8566747,0.2766077
2021-10-28,4.855631,0.7085161
2021-10-29,4.871563,0.32015204
2021-11-01,4.841684,0.34974924
2021-11-02,4.8417974,0.27966237
2021-11-03,4.8828197,0.25059354
2021-11-04,4.917936,0.10668811
2021-11-05,4.9337068,0.09987956
2021-11-08,4.928641,0.10687584
2021-11-09,4.990837,0.1600484
2021-11-10,4.9918633,0.30859536
2021-11-11,4.965566,1.7183855
2021-11-12,4.946685,0.108060114
2021-11-15,4.961802,0.012681289
2021-11-16,4.9390173,0.0028976602
2021-11-17,4.994634,0.23588355
2021-11-18,5.007255,0.7733097
2021-11-19,5.0095897,0.97648007
2021-11-22,5.011045,0.43126184
2021-11-23,5.000406,0.6297898
2021-11-24,5.011389,0.90903026
2021-11-25,4.996692,0.115972206
2021-11-26,4.984988,0.0
2021-11-29,4.967247,0.0
2021-11-30,4.946022,0.0
2021-12-01,4.945708,0.08579769
2021-12-02,4.9705696,0.08431531
2021-12-03,4.9605393,0.5178806
2021-12-06,4.9756866,0.5192956
2021-12-07,4.99079,0.5938495
2021-12-08,4.978954,0.8208949
2021-12-09,4.988465,0.48432055
2021-12-10,4.9752398,0.40616003
2021-12-13,4.928435,0.35460672
2021-12-14,4.949409,0.12930723
2021-12-15,4.940795,0.6858257
2021-12-16,4.8781657,0.94771904
2021-12-17,4.8625517,1.4355698
2021-12-20,4.865591,0.7049099
2021-12-21,4.9083395,0.14089833
2021-12-22,4.90828,0.39903224
2021-12-23,4.8997064,0.93996215
2021-12-24,4.9192142,0.36231905
2021-12-27,4.8652673,0.2783651
2021-12-28,4.9066925,0.202776
2021-12-29,4.9369874,0.35275933
2021-12-30,4.9182825,0.69127995
2021-12-31,4.836465,0.22739491
2022-01-04,4.806445,0.6401668
2022-01-05,4.770529,0.26628476
2022-01-06,4.7808495,1.4867321
2022-01-07,4.7161736,1.5483712
2022-01-10,4.762565,0.8916243
2022-01-11,4.750383,0.75364476
2022-01-12,4.760596,1.3919983
2022-01-13,4.7935205,0.83128864
2022-01-14,4.7996936,0.08146497
2022-01-17,4.76551,0.09375219
2022-01-18,4.7711306,0.058310807
2022-01-19,4.7287474,0.37326112
2022-01-20,4.7261405,1.4201798
2022-01-21,4.588663,0.25263518
2022-01-24,4.5971084,0.5706498
2022-01-25,4.508053,0.8205551
2022-01-26,4.480862,0.582613
2022-01-27,4.5050907,1.4580688
2022-01-28,4.5168138,0.06707588
2022-02-07,4.5417266,1.3029256
2022-02-08,4.5248666,0.32761174
2022-02-09,4.479152,0.2866383
2022-02-10,4.455756,0.83717185
2022-02-11,4.5108194,1.0466467
2022-02-14,4.492432,0.5556923
2022-02-15,4.509033,0.4189103
2022-02-16,4.5229645,0.26654917
2022-02-17,4.528722,0.89514613
2022-02-18,4.4820957,0.293784
2022-02-21,4.561645,0.6562498
2022-02-22,4.5229955,0.34233463
2022-02-23,4.555707,0.86354274
2022-02-24,4.571237,0.3582199
2022-02-25,4.5931196,0.15727247
2022-02-28,4.578545,0.07325668
2022-03-01,4.559439,0.34755576
2022-03-02,4.540573,0.6020125
2022-03-03,4.4909134,0.2763198
2022-03-04,4.4146776,0.34394953
2022-03-07,4.42802,1.1654817
2022-03-08,4.42192,0.5149152
2022-03-09,4.4444513,0.49349678
2022-03-10,4.382465,0.20871317
2022-03-11,4.304615,0.44337258
2022-03-14,4.2921033,0.62400484
2022-03-15,4.3205132,0.044099588
2022-03-16,4.3267016,0.720909
2022-03-17,4.3238926,0.12487933
2022-03-18,4.318824,0.009416301
2022-03-21,4.3148766,0.338419
2022-03-22,4.3145113,0.22272363
2022-03-23,4.3159385,0.032831572
2022-03-24,4.3096614,0.0486008
2022-03-25,4.304649,0.049369283
2022-03-28,4.3190265,0.14065135
2022-03-29,4.30773,0.0729065
2022-03-30,4.3194976,0.27075237
2022-03-31,4.315471,0.2694425
2022-04-01,4.309122,0.004633855
2022-04-06,4.3168964,0.29674026
2022-04-07,4.3019176,0.2052246
2022-04-08,4.3127875,0.06822369
2022-04-11,4.3041706,0.06933834
2022-04-12,4.320008,0.13793391
2022-04-13,4.314254,0.13548058
2022-04-14,4.3157744,0.052588016
2022-04-15,4.3053102,0.14551719
2022-04-18,4.2880626,0.0021631029
2022-04-19,4.3000236,0.28996044
2022-04-20,4.302808,0.29185846
2022-04-21,4.277737,0.38723397
2022-04-22,4.2719,0.31337482
2022-04-25,4.2856274,0.19336429
2022-04-26,4.280225,0.1956365
2022-04-27,4.299407,0.07920621
2022-04-28,4.299122,0.06015774
2022-04-29,4.286561,0.06015774
2022-05-05,4.2898936,0.0
2022-05-06,4.304612,0.032077245
2022-05-09,4.308703,0.015495172
2022-05-10,4.326468,0.66007864
2022-05-11,4.322802,0.4931095
2022-05-12,4.3099065,0.09515208
2022-05-13,4.3217916,0.027495394
2022-05-16,4.3001604,0.5979955
2022-05-17,4.301035,0.745584
2022-05-18,4.314477,0.5563869
2022-05-19,4.3149037,0.24511808
2022-05-20,4.2370424,1.0092541
2022-05-23,4.2417445,1.2041249
2022-05-24,4.2535233,0.21172115
2022-05-25,4.255072,0.94987583
2022-05-26,4.25243,0.49740142
2022-05-27,4.3198013,0.91561615
2022-05-30,4.3054104,0.50696784
2022-05-31,4.366634,0.50612515
2022-06-01,4.407976,0.9463803
2022-06-02,4.42026,0.3927017
2022-06-06,4.453024,0.49372137
2022-06-07,4.3805223,0.3912295
2022-06-08,4.4465246,0.31880683
2022-06-09,4.4147997,0.16527346
2022-06-10,4.4083276,0.35378855
2022-06-13,4.399629,1.3917545
2022-06-14,4.44327,1.3154185
2022-06-15,4.463944,0.37203652
2022-06-16,4.4973683,0.2994635
2022-06-17,4.4600716,0.30757004
2022-06-20,4.4423513,1.5577286
2022-06-21,4.494759,1.1460774
2022-06-22,4.49294,0.9615958
2022-06-23,4.561052,1.3630944
2022-06-24,4.689404,0.025771417
2022-06-27,4.5972395,0.13123974
2022-06-28,4.7197084,0.17154068
2022-06-29,4.6895065,0.8523011
2022-06-30,4.6971927,0.23495091
2022-07-01,4.691522,1.3173666
2022-07-04,4.6376066,0.62393105
2022-07-05,4.590639,0.631207
2022-07-06,4.5819836,0.2247906
2022-07-07,4.5730443,0.0
2022-07-08,4.5630717,0.0
2022-07-11,4.539618,0.0
2022-07-12,4.543971,0.0
2022-07-13,4.5123425,0.0
2022-07-14,4.5286136,0.0
2022-07-15,4.51813,0.0
2022-07-18,4.5234647,0.0
2022-07-19,4.492333,0.0
2022-07-20,4.5451612,0.0
2022-07-21,4.55605,0.0
2022-07-22,4.565627,0.0
2022-07-25,4.555038,0.0026489086
2022-07-26,4.6026325,0.52473736
2022-07-27,4.646276,0.47921732
2022-07-28,4.6647778,0.57220423
2022-07-29,4.671638,0.18778884
2022-08-01,4.693501,0.7817468
2022-08-02,4.73787,0.2944207
2022-08-03,4.881871,0.09336605
2022-08-04,4.849003,0.41796622
2022-08-05,4.881931,0.7981436
2022-08-08,4.848803,0.48861623
2022-08-09,4.8935213,0.2721191
2022-08-10,4.8735456,0.41467395
2022-08-11,4.8641086,1.656188
2022-08-12,4.8553715,0.3840395
2022-08-15,4.8644924,0.8161751
2022-08-16,4.8561373,0.20316009
2022-08-17,4.792182,0.847949
2022-08-18,4.783367,1.7118793
2022-08-19,4.789099,0.33570898
2022-08-22,4.785266,0.24278677
2022-08-23,4.7952967,0.49573523
2022-08-24,4.791815,0.5941309
2022-08-25,4.7722354,0.48180068
2022-08-26,4.7796197,0.21995386
2022-08-29,4.7642217,0.42662013
2022-08-30,4.7480855,0.12876175
2022-08-31,4.7509584,0.34526592
2022-09-01,4.770952,0.40829986
2022-09-02,4.784467,0.054682516
2022-09-05,4.7705297,0.04006006
2022-09-06,4.786153,0.015112087
2022-09-07,4.7835383,0.22850126
2022-09-08,4.7826,0.22366029
2022-09-09,4.7630343,1.1394063
2022-09-13,4.748289,1.1201669
2022-09-14,4.729818,0.36234674
2022-09-15,4.737169,0.024298044
2022-09-16,4.750683,0.018415257
2022-09-19,4.750572,0.34234017
2022-09-20,4.7455525,0.07199393
2022-09-21,4.746532,0.23097472
2022-09-22,4.7143764,0.13489366
2022-09-23,4.728745,0.2434904
2022-09-26,4.722491,0.14018512
2022-09-27,4.7217016,0.26738268
2022-09-28,4.7196054,0.2727778
2022-09-29,4.7156167,0.3999886
2022-09-30,4.7143784,0.11497767
2022-10-10,4.7346363,0.09218924
2022-10-11,4.7368646,0.2281141
2022-10-12,4.7530894,0.30860516
2022-10-13,4.745811,0.024092037
2022-10-14,4.7434235,0.7175646
2022-10-17,4.733385,0.85946
2022-10-18,4.7233224,0.049176827
2022-10-19,4.7202487,0.41764313
2022-10-20,4.755404,0.11417337
2022-10-21,4.7608247,0.11704691
2022-10-24,4.772836,0.03454391
2022-10-25,4.7661786,0.79318905
2022-10-26,4.7446666,0.35291094
2022-10-27,4.765343,0.1454943
2022-10-28,4.792807,0.27751285
2022-10-31,4.809013,0.43202776
2022-11-01,4.813088,1.3981028
2022-11-02,4.816503,0.6742068
2022-11-03,4.833727,0.014057081
2022-11-04,4.830967,0.8059708
2022-11-07,4.8814282,0.64815307
2022-11-08,4.8681912,0.03948325
2022-11-09,4.870897,0.5039002
2022-11-10,4.8424187,0.08658478
2022-11-11,4.9584937,1.6337454
2022-11-14,4.916599,0.16050106
2022-11-15,4.924947,0.36920166
2022-11-16,4.914453,1.1501791
2022-11-17,4.912001,0.14160597
2022-11-18,4.8805423,0.7127961
2022-11-21,4.8830504,1.1458019
2022-11-22,4.894474,0.12703943
2022-11-23,4.891402,0.046867967
2022-11-24,4.8814387,0.006283533
2022-11-25,4.915887,0.77204144
2022-11-28,4.914703,0.7839267
2022-11-29,4.939395,0.87326354
2022-11-30,4.9426074,0.73597014
2022-12-01,4.964074,1.2054726
2022-12-02,4.9552555,0.8978181
2022-12-05,4.9526196,0.12262317
2022-12-06,4.9632325,0.6229294
2022-12-07,4.9712415,0.0
2022-12-08,4.9695086,0.0
2022-12-09,4.966153,0.0
2022-12-12,4.9965987,0.06385564
2022-12-13,4.9798837,0.06385564
2022-12-14,4.9676104,0.0009733299
2022-12-15,4.981474,0.039398562
2022-12-16,4.977049,0.04037189
2022-12-19,4.9993424,0.0
2022-12-20,4.9985476,0.0
2022-12-21,4.979269,0.13490534
2022-12-22,4.9839435,0.010299781
2022-12-23,4.991854,0.14176804
2022-12-26,4.9917216,0.05932198
2022-12-27,4.990858,0.08034743
2022-12-28,5.0089045,0.032108154
2022-12-29,5.0113254,0.11519558
2022-12-30,5.021341,0.0
2023-01-03,5.0290084,0.2149561
2023-01-04,5.0147877,0.4375038
2023-01-05,5.034761,1.584981
2023-01-06,5.0605483,0.21910375
2023-01-09,5.0254073,0.23357292
2023-01-10,5.0132947,0.02382407
2023-01-11,5.0420594,0.03186502
2023-01-12,5.1401734,0.020078003
2023-01-13,5.1965423,0.04824047
2023-01-16,5.1976027,0.00026576594
2023-01-17,5.2694573,0.089571975
2023-01-18,5.300354,0.24497348
2023-01-19,5.312641,0.039073933
2023-01-20,5.267016,0.05201506
2023-01-30,5.3361583,0.23390613
2023-01-31,5.3769407,0.12818588
2023-02-01,5.3614907,0.0071384246
2023-02-02,5.307343,0.010334377
2023-02-03,5.2957144,0.10020135
2023-02-06,5.252538,0.3805669
2023-02-07,5.3638353,0.67343974
2023-02-08,5.3337774,0.116011515
2023-02-09,5.34908,0.90226173
2023-02-10,5.333321,1.0509386
2023-02-13,5.3530045,0.361284
2023-02-14,5.2713814,0.05512708
2023-02-15,5.188923,0.3558808
2023-02-16,5.242578,0.649872
2023-02-17,5.2293053,0.6438093
2023-02-20,5.2173276,0.5270656
2023-02-21,5.2095184,0.3533083
2023-02-22,5.2136054,0.66358656
2023-02-23,5.1829743,0.10477595
2023-02-24,5.192693,0.31427887
2023-02-27,5.2141576,0.022680271
2023-02-28,5.20215,0.09725444
2023-03-01,5.296937,1.1544209
2023-03-02,5.3221593,0.51710075
2023-03-03,5.2285323,0.3293214
2023-03-06,5.222847,0.056480344
2023-03-07,5.2543902,0.23169516
2023-03-08,5.2548237,0.4719351
2023-03-09,5.286843,0.6840274
2023-03-10,5.351212,0.033535354
2023-03-13,5.333861,1.0887338
2023-03-14,5.2938876,0.2259664
2023-03-15,5.3767757,0.31071654
2023-03-16,5.4537096,0.1279677
2023-03-17,5.465121,0.40033242
2023-03-20,5.4777083,0.27589524
2023-03-21,5.614572,0.17098437
2023-03-22,5.6045427,0.3270641
2023-03-23,5.544114,0.31911874
2023-03-24,5.4561157,0.23226246
2023-03-27,5.571627,0.27276513
2023-03-28,5.609929,0.5270997
2023-03-29,5.659409,0.0891115
2023-03-30,5.803632,0.1229113
2023-03-31,5.868703,0.18714157
2023-04-03,5.9866548,0.44950745
2023-04-04,5.9902487,0.47176555
2023-04-06,5.9127502,0.19066752
2023-04-07,5.9248343,0.5186273
2023-04-10,5.9682403,0.46789408
2023-04-11,5.8244314,0.92197096
2023-04-12,5.9464335,0.52096754
2023-04-13,5.9128633,0.5152839
2023-04-14,5.8349705,0.54157746
2023-04-17,5.8259773,0.37261835
2023-04-18,5.902193,0.36740953
2023-04-19,5.811985,0.68978
2023-04-20,5.729677,0.47575396
2023-04-21,5.7672615,0.80909836
2023-04-24,5.771546,0.0
2023-04-25,5.785675,3.5315752e-06
2023-04-26,5.756274,0.07612143
2023-04-27,5.8527822,0.03029798
2023-04-28,5.870102,0.06924501
2023-05-04,5.8238354,0.075784564
2023-05-05,5.796359,0.3393765
2023-05-08,5.8013396,0.13074483
2023-05-09,5.798356,0.19221902
2023-05-10,5.747906,0.5048347
2023-05-11,5.7757883,0.52789605
2023-05-12,5.761016,0.06435738
2023-05-15,5.7511134,0.2966614
2023-05-16,5.741281,0.36757413
2023-05-17,5.7291875,0.026824355
2023-05-18,5.7489786,0.029038664
2023-05-19,5.7208786,0.0071487445
2023-05-22,5.7401485,0.023439405
2023-05-23,5.7217236,0.020975603
2023-05-24,5.6988645,0.020412093
2023-05-25,5.7009106,0.005116107
2023-05-26,5.686589,0.017815787
2023-05-29,5.758245,0.05228603
2023-05-30,5.756663,0.014068492
2023-05-31,5.77531,0.04890941
2023-06-01,5.7171717,0.061291497
2023-06-02,5.6515374,0.78798336
2023-06-05,5.6548514,0.810869
2023-06-06,5.6196647,0.17660072
2023-06-07,5.690596,0.3430349
2023-06-08,5.6881037,0.158531
2023-06-09,5.71568,0.13315296
2023-06-12,5.689969,0.06222132
2023-06-13,5.664694,0.24988271
2023-06-14,5.710763,0.23019807
2023-06-15,5.7138953,0.9698241
2023-06-16,5.713179,0.40913534
2023-06-19,5.6220937,1.1285313
2023-06-20,5.5868206,0.24386697
2023-06-21,5.5873566,0.4127815
2023-06-26,5.570298,0.054259323
2023-06-27,5.5693774,0.1929005
2023-06-28,5.584204,0.02801662
2023-06-29,5.59916,0.14677918
2023-06-30,5.6530538,0.8245053
2023-07-03,5.6282477,0.09846631
2023-07-04,5.618789,0.4283667
2023-07-05,5.594889,0.20235187
2023-07-06,5.6083784,0.18043491
2023-07-07,5.627674,0.26200455
2023-07-10,5.574496,0.43168676
2023-07-11,5.6459494,0.4187307
2023-07-12,5.6344957,0.35017478
2023-07-13,5.585335,1.2342608
2023-07-14,5.5856175,0.9091612
2023-07-17,5.5667973,0.16499555
2023-07-18,5.5417423,0.8032591
2023-07-19,5.5147777,0.37536186
2023-07-20,5.4859014,0.5528505
2023-07-21,5.566225,0.4777825
2023-07-24,5.5735345,1.1152095
2023-07-25,5.510736,1.6068231
2023-07-26,5.5155544,0.96232146
2023-07-27,5.5630875,0.2392452
2023-07-28,5.5602427,0.77894
2023-07-31,5.55768,0.14760274
2023-08-01,5.572106,0.25063017
2023-08-02,5.5674977,0.8680091
2023-08-03,5.5459437,0.2997389
2023-08-04,5.5329757,0.22031732
2023-08-07,5.5080667,0.35584056
2023-08-08,5.5000315,0.3203016
2023-08-09,5.4519978,0.27203387
2023-08-10,5.4310765,0.117273256
2023-08-11,5.4296627,0.61866117
2023-08-14,5.4047465,0.31312525
2023-08-15,5.413507,0.15838328
2023-08-16,5.394114,0.25780317
2023-08-17,5.376733,0.12512478
2023-08-18,5.3826046,0.32067987
2023-08-21,5.3602886,0.15843993
2023-08-22,5.381863,0.14203441
2023-08-23,5.3472824,0.040779654
2023-08-24,5.3752913,0.70022506
2023-08-25,5.4605203,0.43343452
2023-08-28,5.492315,0.2940624
2023-08-29,5.5029387,0.22057949
2023-08-30,5.4905057,0.035310034
2023-08-31,5.5206337,0.018220315
2023-09-01,5.507589,0.20841768
2023-09-04,5.5459843,1.0825925
2023-09-05,5.486852,0.8761769
2023-09-06,5.512065,0.1765534
2023-09-07,5.5288463,0.32383335
2023-09-08,5.5234303,0.07954472
2023-09-11,5.5002055,0.46729055
2023-09-12,5.51541,0.25259054
2023-09-13,5.4804163,0.1766246
2023-09-14,5.4534335,0.058996
2023-09-15,5.48068,0.07741583
2023-09-18,5.496973,0.15396535
2023-09-19,5.4765377,0.108491346
2023-09-20,5.4925294,0.0719104
2023-09-21,5.4562817,1.3622434
2023-09-22,5.4345245,0.7131924
2023-09-25,5.4409614,0.8131709
2023-09-26,5.459656,0.12179751
2023-09-27,5.4583735,0.28434592
2023-09-28,5.39269,1.7149421
2023-10-09,5.4033055,0.0
2023-10-10,5.444742,0.0
2023-10-11,5.4558773,0.0
2023-10-12,5.5054812,0.0
2023-10-13,5.5303636,0.0
2023-10-16,5.570929,0.0
2023-10-17,5.5890503,0.013844764
2023-10-18,5.6305594,0.12823936
2023-10-19,5.5886774,0.04296899
2023-10-20,5.6142898,0.5450126
2023-10-23,5.5997777,0.052484013
2023-10-24,5.628823,0.06045425
2023-10-25,5.6719117,0.11411316
2023-10-26,5.725912,0.2613014
2023-10-27,5.713492,0.66605645
2023-10-30,5.690966,0.8061656
2023-10-31,5.6830072,0.39072463
2023-11-01,5.705281,0.03338468
2023-11-02,5.744815,0.52055365
2023-11-03,5.7486467,0.74732065
2023-11-06,5.760565,0.23949662
2023-11-07,5.7226677,1.3227831
2023-11-08,5.753716,0.038006037
2023-11-09,5.7382216,0.0040346906
2023-11-10,5.7636185,0.015681705
2023-11-13,5.7845926,0.023594696
2023-11-14,5.755007,0.01723589
2023-11-15,5.770853,0.27653834
2023-11-16,5.720223,0.24421658
2023-11-17,5.7113304,0.013611186
2023-11-20,5.6803455,0.069006935
2023-11-21,5.6810236,0.052898407
2023-11-22,5.679718,0.08776328
2023-11-23,5.730125,0.05420205
2023-11-24,5.746116,0.056267742
2023-11-27,5.7711306,0.15146914
2023-11-28,5.770716,0.31188548
2023-11-29,5.7723293,0.20336923
2023-11-30,5.7373986,1.3143543
2023-12-01,5.650879,1.1305395
2023-12-04,5.6567125,0.48116657
2023-12-05,5.6579723,0.616825
2023-12-06,5.7129927,0.49363688
2023-12-07,5.719413,0.17828903
2023-12-08,5.694156,0.052806534
2023-12-11,5.6702356,0.58258516
2023-12-12,5.738969,0.07180332
2023-12-13,5.7271943,0.013600528
2023-12-14,5.696645,0.4692809
2023-12-15,5.714541,0.31522575
2023-12-18,5.704113,0.28750044
2023-12-19,5.7223,0.16496606
2023-12-20,5.7276297,0.29031152
2023-12-21,5.7199707,0.15896954
2023-12-22,5.6934776,0.087853745
2023-12-25,5.714327,0.17609186
2023-12-26,5.766269,0.1376121
2023-12-27,5.772306,0.7520743
2023-12-28,5.704618,1.2621977
2023-12-29,5.656825,1.2315813
2024-01-02,5.628132,0.42863476
2024-01-03,5.5794373,0.5254836
2024-01-04,5.525129,0.61682886
2024-01-05,5.5264835,0.60858434
2024-01-08,5.5016594,0.6500334
2024-01-09,5.52652,0.33220273
2024-01-10,5.5183935,0.1848636
2024-01-11,5.529209,0.11365035
2024-01-12,5.5371337,0.31577447
2024-01-15,5.4618897,0.20614077
2024-01-16,5.467033,0.052581094
2024-01-17,5.491507,0.36881617
2024-01-18,5.439029,0.22465903
2024-01-19,5.45685,0.030882787
2024-01-22,5.4579163,0.33373883
2024-01-23,5.492237,0.28028938
2024-01-24,5.470645,0.29823104
2024-01-25,5.4188666,0.25176522
2024-01-26,5.3688817,0.28138322
2024-01-29,5.349773,0.09681206
2024-01-30,5.3699756,0.33642194
2024-01-31,5.2869434,0.4452962
2024-02-01,5.2825594,0.052105732
2024-02-02,5.536284,0.26890108
2024-02-05,5.624319,0.18001512
2024-02-06,5.7312546,1.2262517
2024-02-07,5.811409,0.49931324
2024-02-08,5.7737346,0.07044046
2024-02-19,5.7935343,0.22769457
2024-02-20,5.870486,0.2548733
2024-02-21,5.8843164,0.34095502
2024-02-22,5.90206,1.6848803
2024-02-23,5.912092,0.22219118
2024-02-26,5.8957825,0.01900956
2024-02-27,6.0348825,0.65324426
2024-02-28,6.0612125,0.6471508
2024-02-29,6.105791,0.90637076
2024-03-01,6.1784244,0.90594274
2024-03-04,6.2128496,0.0
2024-03-05,6.271281,0.009610193
2024-03-06,6.272757,0.009610193
2024-03-07,6.3042197,0.0
2024-03-08,6.2895336,0.1512474
2024-03-11,6.2683053,0.48665878
2024-03-12,6.263269,0.51294124
2024-03-13,6.2913127,0.11491609
2024-03-14,6.269201,0.09128188
2024-03-15,6.2469354,0.46340984
2024-03-18,6.2557683,0.4292174
2024-03-19,6.3635287,0.1355232
2024-03-20,6.3178616,0.04172226
2024-03-21,6.239387,1.1370679
2024-03-22,6.1833873,0.26438278
2024-03-25,6.0288444,0.29165748
2024-03-26,6.111881,0.055579297
2024-03-27,6.175297,1.0025517
2024-03-28,6.258384,0.8506947
2024-03-29,6.1730423,0.21436393
2024-04-01,6.116343,0.12930216
2024-04-02,6.040573,0.3239347
2024-04-03,6.0785146,0.07902371
2024-04-08,6.0008216,0.28297463
2024-04-09,6.0113597,0.4688077
2024-04-10,6.095573,0.5647371
2024-04-11,6.174948,0.64124703
2024-04-12,6.1372867,0.9133749
2024-04-15,6.3124714,1.0976816
2024-04-16,6.2698717,0.6300404
2024-04-17,6.138436,0.34706792
2024-04-18,6.094513,0.5787136
2024-04-19,6.0062513,0.23156199
2024-04-22,6.0932803,0.5726622
2024-04-23,6.082848,0.5529263
2024-04-24,6.23316,0.72461593
2024-04-25,6.394478,0.1885454
2024-04-26,6.31219,0.6595429
2024-04-29,6.3818192,0.07151188
2024-04-30,6.3607345,0.8426041
2024-05-06,6.2793493,0.8392089
2024-05-07,6.395518,0.2377114
2024-05-08,6.3594594,0.33079445
2024-05-09,6.3145556,0.54055035
2024-05-10,6.304092,0.6964868
2024-05-13,6.256905,0.23219992
2024-05-14,6.2765727,0.24284549
2024-05-15,6.321143,0.07762786
2024-05-16,6.3303175,0.63764256
2024-05-17,6.2915177,0.10993196
2024-05-20,6.3317986,0.07561941
2024-05-21,6.222154,0.36353225
2024-05-22,6.0802727,0.36018574
2024-05-23,6.1972623,0.46904954
2024-05-24,6.180907,0.19952515
2024-05-27,6.1591654,0.56915057
2024-05-28,6.1970377,0.59914756
2024-05-29,6.1801744,0.63306814
2024-05-30,6.2484756,0.26352194
2024-05-31,6.29234,1.0195798
2024-06-03,6.293654,0.9861942
2024-06-04,6.2580028,0.2095489
2024-06-05,6.241493,0.7546009
2024-06-06,6.393046,0.7788861
2024-06-07,6.385586,0.35426408
2024-06-11,6.3973694,0.613645
2024-06-12,6.377283,0.31143928
2024-06-13,6.404713,0.30585366
2024-06-14,6.4024224,0.75569946
2024-06-17,6.368676,0.03879445
2024-06-18,6.383216,0.010525185
2024-06-19,6.409224,0.45711035
2024-06-20,6.2552733,0.18647343
2024-06-21,6.112483,0.29592535
2024-06-24,6.182687,0.12723118
2024-06-25,6.1086426,0.41404775
2024-06-26,6.1189866,0.019825514
2024-06-27,6.1168747,0.4505924
2024-06-28,6.053897,0.85098046
2024-07-01,6.0788074,0.18143623
2024-07-02,6.055813,0.45495853
2024-07-03,6.094635,0.1902921
2024-07-04,6.0657206,0.023584506
2024-07-05,6.135386,0.064817995
2024-07-08,6.167146,0.87947667
2024-07-09,6.2132545,0.5635135
2024-07-10,6.241558,0.5628816
2024-07-11,6.236017,0.1559149
2024-07-12,6.3162336,0.02230917
2024-07-15,6.3348947,0.8243119
2024-07-16,6.3714685,0.30337945
2024-07-17,6.350342,0.497155
2024-07-18,6.359684,0.85300314
2024-07-19,6.21858,0.87109226
2024-07-22,6.20823,0.16041923
2024-07-23,6.083023,0.81849766
2024-07-24,6.1121697,0.061510794
2024-07-25,6.136519,0.19017828
2024-07-26,6.1449757,0.013658011
2024-07-29,6.215639,0.023069514
2024-07-30,6.252977,0.0019624308
2024-07-31,6.139281,1.4475492
2024-08-01,5.988067,1.4379934
2024-08-02,5.9605165,0.05074408
2024-08-05,5.977642,0.00055271573
2024-08-06,5.9781466,0.07469192
2024-08-07,6.0188675,0.030984547
2024-08-08,6.025134,0.97134995
2024-08-09,6.0608606,0.9903351
2024-08-12,6.0328884,0.04353659
2024-08-13,6.0293245,0.030287769
2024-08-14,6.034844,0.033245895
2024-08-15,6.0898457,0.04838889
2024-08-16,6.075526,0.079070814
2024-08-19,6.0876017,0.2613293
2024-08-20,6.054025,0.2513831
2024-08-21,6.0462284,0.19180165
2024-08-22,6.048601,0.061016582
2024-08-23,6.0212035,0.11668573
2024-08-26,6.00258,0.11157651
2024-08-27,6.039907,0.013525894
2024-08-28,6.0985527,0.1420075
2024-08-29,5.978382,0.008394174
2024-08-30,6.0011673,0.2883599
2024-09-02,5.9625916,0.3297988
2024-09-03,5.9970164,0.0677393
2024-09-04,5.9970493,0.074295595
2024-09-05,5.94993,0.047280297
2024-09-06,5.986724,0.035641566
2024-09-09,6.0137634,0.08865538
2024-09-10,5.993023,0.014086325
2024-09-11,6.030693,0.15340388
2024-09-12,6.017029,0.013851596
2024-09-13,6.035679,0.42368215
2024-09-18,6.0452924,0.03885079
2024-09-19,6.049491,0.051648855
2024-09-20,6.188421,0.2031689
2024-09-23,6.2155523,0.44980046
2024-09-24,6.4697714,0.5203359
2024-09-25,6.9964857,0.20833027
2024-09-26,7.6961346,0.23469545
2024-09-27,8.465748,0.0430827
2024-09-30,8.885959,0.119883
2024-10-08,8.673711,0.35354722
2024-10-09,8.279004,0.33703437
2024-10-10,8.48756,0.10846398
2024-10-11,8.31959,0.11770408
2024-10-14,8.179345,0.24857545
2024-10-15,8.160221,0.50923944
2024-10-16,8.701207,0.17093292
2024-10-17,8.863189,0.14072138
2024-10-18,8.875646,0.23060681
2024-10-21,8.861519,0.17553811
2024-10-22,8.800958,0.04031346
2024-10-23,8.898823,0.022283338
2024-10-24,8.948115,0.05014868
2024-10-25,8.887066,0.06322095
2024-10-28,8.820741,0.37141335
2024-10-29,8.927603,0.1320956
2024-10-30,8.789564,0.10152949
2024-10-31,8.919021,0.19473045
2024-11-01,9.275803,0.2929873
2024-11-04,9.338053,0.5759191
2024-11-05,9.534177,0.2616851
2024-11-06,9.5582485,0.67767537
2024-11-07,9.643925,0.54520774
2024-11-08,9.484513,0.086774945
2024-11-11,9.474617,0.0047324877
2024-11-12,9.280825,0.05588425
2024-11-13,9.247715,0.01662206
2024-11-14,9.336432,0.037105434
2024-11-15,9.495863,0.005654389
2024-11-18,9.497735,0.019151513
2024-11-19,9.607435,0.011131179
2024-11-20,9.665685,0.007832296
2024-11-21,9.525759,0.16069852
2024-11-22,9.438807,0.68292737
2024-11-25,9.647316,0.045021277
2024-11-26,9.600271,0.40470994
2024-11-27,9.747036,0.30051723
2024-11-28,9.723683,0.1700764
2024-11-29,9.706863,0.30188805
2024-12-02,9.693537,0.14765194
2024-12-03,9.68914,0.027590409
2024-12-04,9.728774,0.014320277
2024-12-05,9.6946,0.044635933
2024-12-06,9.751572,0.060845844
2024-12-09,9.762243,0.14311756
2024-12-10,9.83457,0.23162246
2024-12-11,9.685076,0.29786974
2024-12-12,9.545274,0.24042149
2024-12-13,9.497482,0.1870145
2024-12-16,9.617844,0.46790355
2024-12-17,9.667396,0.15333875
2024-12-18,9.772292,0.16615203
2024-12-19,9.795478,0.21799262
2024-12-20,9.793734,0.2080478
2024-12-23,9.81651,0.041488685
2024-12-24,9.8492155,0.03138636
2024-12-25,9.83667,0.07362189
2024-12-26,9.823885,0.084655315
2024-12-27,9.695352,0.106209405
2024-12-30,9.6001,0.056779142
2024-12-31,9.5960245,0.09303686
2025-01-02,9.541566,0.09512843
2025-01-03,9.7209635,0.36835712
2025-01-06,9.739975,0.024193838
2025-01-07,9.754426,0.18750736
2025-01-08,9.720838,0.1367685
2025-01-09,9.698085,0.2746494
2025-01-10,9.99393,0.18838601
2025-01-13,9.95345,0.044988472
2025-01-14,9.7641,0.27665323
2025-01-15,9.893833,0.13722286
2025-01-16,9.897292,0.055172782
2025-01-17,9.969238,0.0561501
2025-01-20,9.954968,0.1264177
2025-01-21,9.873987,0.10715535
2025-01-22,9.93719,0.15351094
2025-01-23,9.730052,0.1342638
2025-01-24,9.971313,0.22564848
2025-01-27,10.274897,0.10234986
2025-02-05,10.370715,0.5703854
2025-02-06,10.4628,0.049876533
2025-02-07,10.374057,0.076043196
2025-02-10,10.58521,0.062576115
2025-02-11,10.421811,0.07731026
2025-02-12,10.449676,0.10205979
2025-02-13,10.555372,0.04725057
2025-02-14,10.376948,0.052696496
2025-02-17,10.651333,0.18196958
2025-02-18,10.609607,0.16228268
2025-02-19,11.045101,0.08077469
2025-02-20,11.070454,0.085161746
2025-02-21,11.023924,0.41014048
2025-02-24,11.062747,0.35814553
2025-02-25,11.019286,0.3303865
2025-02-26,10.889602,0.3475831
2025-02-27,10.89091,0.1087752
2025-02-28,10.9706955,0.009679815
2025-03-03,11.043738,0.0
2025-03-04,11.051833,0.0
2025-03-05,11.03109,0.0063829944
2025-03-06,11.053984,0.019870974
2025-03-07,10.999215,0.012397144
2025-03-10,11.025894,0.009873774
2025-03-11,11.080036,0.0047283396
2025-03-12,11.252869,0.0024398286
2025-03-13,11.251961,0.056995742
2025-03-14,11.321867,0.42090064
2025-03-17,11.318863,0.27610847
2025-03-18,11.25165,0.37112087
2025-03-19,11.011595,0.5611656
2025-03-20,11.076271,0.14937823
2025-03-21,10.936784,0.23050559
2025-03-24,10.912364,0.011984546
2025-03-25,10.981428,0.063417934
2025-03-26,10.8911495,0.063913
2025-03-27,10.856356,0.051993713
2025-03-28,10.883389,0.17944132
2025-03-31,10.867335,0.29927388
2025-04-01,10.851219,0.10008479
2025-04-02,9.978248,0.02378852
2025-04-03,10.065125,0.03339866
2025-04-07,10.463378,0.60296875
2025-04-08,10.585818,0.33886158
2025-04-09,10.864693,0.13399366
2025-04-10,10.872877,0.47814333
2025-04-11,10.770655,0.27459157
2025-04-14,10.846103,0.12984665
2025-04-15,10.871064,0.04486998
2025-04-16,10.824833,0.05460761
2025-04-17,10.90775,0.049149644
2025-04-18,10.899578,0.11355915
2025-04-21,10.876814,0.063402854
2025-04-22,10.806752,0.03916157
2025-04-23,10.800716,0.27301013
2025-04-24,10.806205,0.098793335
2025-04-25,10.863169,0.34852043
2025-04-28,10.842365,1.1584516
2025-04-29,11.030024,0.4565588
2025-04-30,11.098183,0.1534641
2025-05-06,10.966209,0.07002881
2025-05-07,10.913072,0.076732785
2025-05-08,10.725395,0.13749218
2025-05-09,10.66766,0.014076622
2025-05-12,10.606641,0.015225453
2025-05-13,10.322167,0.010608699
2025-05-14,10.461423,0.005669385
2025-05-15,10.519125,0.004939314
2025-05-16,10.507986,0.0
2025-05-19,10.79825,0.0
2025-05-20,10.807049,0.0
2025-05-21,10.801952,0.0017387923
2025-05-22,10.767316,0.0017387923
2025-05-23,10.685359,0.0
2025-05-26,10.69372,0.0021014996
2025-05-27,10.611855,0.0021014996
2025-05-28,10.69203,0.0
2025-05-29,10.832979,0.0
2025-05-30,10.833986,0.0
2025-06-03,10.860207,0.11679874
2025-06-04,10.858671,0.47991812
2025-06-05,10.807457,0.36726183
2025-06-06,10.688159,0.06991953
2025-06-09,10.698378,0.29784638
2025-06-10,10.758322,0.48266298
2025-06-11,10.839421,0.12899554
2025-06-12,10.8283615,0.51265055
2025-06-13,10.756555,0.14603162
2025-06-16,10.7871895,0.38421154
2025-06-17,10.751944,0.37138408
2025-06-18,10.695589,0.27322444
2025-06-19,10.732554,0.797174
2025-06-20,10.633729,0.0
2025-06-23,10.676052,0.0
2025-06-24,10.686495,0.0
2025-06-25,10.586711,0.0
2025-06-26,10.58148,0.0
2025-06-27,10.683518,0.0
2025-06-30,10.671725,0.0
2025-07-01,10.739313,0.013428032
2025-07-02,10.692242,0.022576286
2025-07-03,10.624426,0.16134462
2025-07-04,10.701348,0.056990944
2025-07-07,10.593558,0.05308952
2025-07-08,10.643198,0.20053715
2025-07-09,10.673864,0.2036924
2025-07-10,10.733491,0.09577002
2025-07-11,10.72131,0.16083455
2025-07-14,10.711696,0.25571123
2025-07-15,10.75208,0.2303556
2025-07-16,10.780954,0.027758054
2025-07-17,10.809934,0.057596944
2025-07-18,10.850886,0.015399303
2025-07-21,10.93001,0.18360376
2025-07-22,10.971455,0.042677306
2025-07-23,11.133066,0.26681033
2025-07-24,11.122387,0.28049365
2025-07-25,11.172316,0.24743806
2025-07-28,11.132019,0.04156015
2025-07-29,11.042442,0.25402904
2025-07-30,11.001194,0.06928976
2025-07-31,11.127473,0.27102694
2025-08-01,11.148389,0.14539972
2025-08-04,11.184693,0.3751058
2025-08-05,11.204458,0.32984498
2025-08-06,11.1178875,0.09008318
2025-08-07,11.1198225,0.13677852
2025-08-08,11.299158,0.16886654
2025-08-11,11.352795,0.335325
2025-08-12,11.444288,0.09415552
2025-08-13,11.50878,0.048512027
2025-08-14,11.60731,0.16366227
2025-08-15,11.5114975,0.032363094
2025-08-18,11.672862,0.023504224
2025-08-19,11.702213,0.05710086
2025-08-20,12.109295,0.017703485
2025-08-21,12.301501,0.0066626742
2025-08-22,12.2735195,0.048286695
2025-08-25,12.280743,0.23618741
2025-08-26,12.765258,0.022037797
2025-08-27,12.611421,0.12115844
2025-08-28,12.814647,0.1514268
2025-08-29,12.593253,0.051579185
2025-09-01,12.345827,0.37176046
2025-09-02,11.659595,0.18789488
2025-09-03,12.003383,0.2714079
2025-09-04,12.018352,0.1790898
2025-09-05,11.859434,0.1500543
2025-09-08,11.975039,0.0521236
2025-09-09,12.517927,0.052667603
2025-09-10,12.565402,0.03245244
2025-09-11,12.611425,0.12243218
2025-09-12,12.702829,0.040415343
2025-09-15,12.810484,0.10858521
2025-09-16,12.88519,0.048153713
2025-09-17,12.754226,0.1372246
2025-09-18,13.109982,0.2809846
2025-09-19,13.130191,0.23492624
2025-09-22,13.549343,0.22554298
2025-09-23,13.621941,0.52387
2025-09-24,13.471726,0.13764296
2025-09-25,13.659719,0.04051342
2025-09-26,13.801561,0.041467946
2025-09-29,14.091381,0.09289263
2025-09-30,13.616512,0.12252623
2025-10-09,13.645063,0.077388406
2025-10-10,13.257934,0.04107759
2025-10-13,13.445495,0.06876632
2025-10-14,13.420499,0.044771194
2025-10-15,13.052117,0.094520144
2025-10-16,13.117532,0.039280772
2025-10-17,13.398785,0.049538217
2025-10-20,13.355367,0.062021747
2025-10-21,13.349219,0.06536478
2025-10-22,13.711841,0.03891831
2025-10-23,13.947195,0.046138175
2025-10-24,13.58233,1.2833179
2025-10-27,13.725007,0.46067038
2025-10-28,13.722461,0.008905591
2025-10-29,13.820848,0.0
2025-10-30,13.819068,0.0
2025-10-31,13.722338,0.009843005
2025-11-03,13.678994,0.005949201
2025-11-04,13.777154,0.0038938038
2025-11-05,13.819857,0.0
2025-11-06,14.022237,0.0
2025-11-07,14.179296,0.0
2025-11-10,14.130381,0.0031450354
2025-11-11,14.346928,0.0031450354
2025-11-12,14.204528,0.010848541
2025-11-13,13.963039,0.5603428
2025-11-14,13.901844,0.10596158
2025-11-17,14.126602,0.6246962
2025-11-18,14.04313,0.053183265
2025-11-19,13.897723,0.0
2025-11-20,13.942815,0.0
2025-11-21,14.163701,0.0
2025-11-24,14.173759,0.0
2025-11-25,14.171969,0.0
2025-11-26,14.262565,0.0
2025-11-27,14.40553,0.01977426
2025-11-28,14.316331,0.08163583
2025-12-01,14.260046,0.49229425
2025-12-02,14.322453,0.111502565
2025-12-03,14.392129,0.04861583
2025-12-04,14.43893,0.21171123
2025-12-05,14.374593,0.47798505
2025-12-08,14.41021,0.07414422
2025-12-09,14.36647,0.50993407
2025-12-10,14.54883,0.033698153
2025-12-11,14.638414,0.05622834
2025-12-12,14.415972,0.6943988
2025-12-15,14.7151575,0.74604434
2025-12-16,14.599726,0.36154804
2025-12-17,14.638253,0.3707078
2025-12-18,14.919941,0.033614412
2025-12-19,15.004661,0.23802653
2025-12-22,15.124571,0.4280493
2025-12-23,15.117464,0.06563062
2025-12-24,15.101428,0.036766607
2025-12-25,15.077164,0.09673696
2025-12-26,15.175571,0.19488157
2025-12-29,15.050735,0.03799866
2025-12-30,15.53088,0.69664
2025-12-31,15.680351,1.0050942
2026-01-05,15.632464,0.06947332
2026-01-06,15.635646,0.31918326
2026-01-07,15.765153,0.17838243
2026-01-08,16.059628,0.08922953
2026-01-09,15.917424,0.33177173
2026-01-12,16.079273,0.778774
2026-01-13,16.143866,0.29844525
2026-01-14,16.340017,0.26471752
2026-01-15,16.169321,0.066989794
2026-01-16,16.067768,0.05856544
2026-01-19,16.394894,0.23627253
2026-01-20,16.373178,0.09140127
2026-01-21,16.393766,0.054127004
2026-01-22,16.270454,0.07342531
2026-01-23,16.365908,0.12186824
2026-01-26,16.452427,0.0577599
2026-01-27,16.335606,0.024189733
2026-01-28,16.227987,0.02206577
2026-01-29,15.6651535,0.16073158
2026-01-30,15.902541,0.12982747
2026-02-02,15.836665,0.38634163
2026-02-03,15.378543,1.6275942
2026-02-04,15.158182,0.036775008
2026-02-05,15.651559,0.045223776
2026-02-06,15.589052,0.0
2026-02-09,15.69455,0.0
2026-02-10,15.658894,0.0
2026-02-11,15.461737,0.0
2026-02-12,15.943108,0.0
2026-02-13,15.966958,0.0
2026-02-24,15.913949,0.0
2026-02-25,15.942864,0.0
2026-02-26,16.544592,0.0
2026-02-27,16.286892,0.0
2026-03-02,16.118876,1.5331907
2026-03-03,16.342043,0.3266146
2026-03-04,16.306463,0.88901615
2026-03-05,16.258028,0.76869476
2026-03-06,16.397736,0.11280251
2026-03-09,16.416441,0.0
2026-03-10,16.358929,0.0
2026-03-11,16.172771,0.0
2026-03-12,16.00272,0.0
2026-03-13,15.939974,0.0
2026-03-16,15.913088,0.0
2026-03-17,15.251524,0.0
2026-03-18,14.929501,0.0
2026-03-19,13.612409,0.0
2026-03-20,14.105626,0.025750505
2026-03-23,14.578645,0.0028374009
2026-03-24,14.301282,0.014102923
2026-03-25,14.375274,0.01162364
2026-03-26,14.577822,0.0056028757
2026-03-27,14.593773,0.0069429204
2026-03-30,15.053717,0.0076700132
2026-03-31,14.654698,0.00081877783
2026-04-01,14.756925,0.010020634
2026-04-02,14.781312,0.0021707695
2026-04-03,15.312647,0.35291478
2026-04-07,15.134109,0.5965157
2026-04-08,15.358638,0.8910586
2026-04-09,15.445647,0.050636552
2026-04-10,15.738725,0.082992524
2026-04-13,15.704401,0.030204741
2026-04-14,15.870054,0.05240348
2026-04-15,15.905504,0.009690233
2026-04-16,16.13899,0.043421023
2026-04-17,15.965086,0.020320203
2026-04-20,16.254944,0.05549018
2026-04-21,16.076633,0.08547183
2026-04-22,16.26033,0.047581974
2026-04-23,16.827833,0.106187545
2026-04-24,16.626186,0.10538383
2026-04-27,16.642511,0.06254849
2026-04-28,17.122557,0.65881306
2026-04-29,17.541882,0.5506421
2026-04-30,17.75045,0.16148056
2026-05-06,17.567728,0.23174773
2026-05-07,18.088905,0.59599483
2026-05-08,18.146254,0.3849054
2026-05-11,18.465376,0.13293454
2026-05-12,18.116266,0.056275334
2026-05-13,17.912727,0.13385148
2026-05-14,18.016172,0.12045086
2026-05-15,18.254599,0.8100133
2026-05-18,18.0898,0.5138784
2026-05-19,18.157053,0.05106464
2026-05-20,18.202013,0.025119048
2026-05-21,18.377552,0.013616554
2026-05-22,18.267101,0.0023235641
2026-05-25,18.032349,0.07113408
2026-05-26,17.73391,0.05083564
2026-05-27,18.07961,0.087430574
2026-05-28,17.928226,0.04994063
2026-05-29,18.058397,0.04284877
2026-06-01,17.935577,0.114513725
2026-06-02,17.967007,0.010061748
2026-06-03,17.787766,0.0034651123
2026-06-04,17.199045,0.009491846
2026-06-05,17.386936,0.04037726
2026-06-08,16.957472,0.03193181
2026-06-09,16.616776,0.004836168
2026-06-10,16.857334,0.011213098
2026-06-11,17.408628,0.008679137
2026-06-12,17.453255,0.024027653
2026-06-15,17.564096,0.053190034
2026-06-16,17.560223,0.00901356
2026-06-17,17.310848,0.016040696
2026-06-18,16.964144,0.0054224674
2026-06-22,16.999472,0.007222375
2026-06-23,16.735285,0.05421502
2026-06-24,16.840315,0.012272555
2026-06-25,17.069862,0.0034176558
2026-06-26,17.066092,0.059662417
2026-06-29,16.837748,0.08502871
2026-06-30,16.87843,0.04016564
2026-07-01,17.151758,0.0021706074
2026-07-02,17.11157,0.017183952
2026-07-03,16.782238,0.0025696307
2026-07-06,16.771992,0.0056337267
2026-07-07,17.018463,0.005562447
2026-07-08,16.822792,0.0044575557
