date,net
2017-06-22,1.0
2017-06-23,1.006795048713684
2017-06-26,1.0083448886871338
2017-06-27,1.006601333618164
2017-06-28,1.0082807540893555
2017-06-29,1.0069727897644043
2017-06-30,1.007816195487976
2017-07-03,1.0024359226226807
2017-07-04,1.0064642429351807
2017-07-05,1.0074104070663452
2017-07-06,1.00605309009552
2017-07-07,1.0032072067260742
2017-07-10,1.002740502357483
2017-07-11,1.001241683959961
2017-07-12,1.0019822120666504
2017-07-13,1.0004788637161255
2017-07-14,0.9928197264671326
2017-07-17,0.9947701692581177
2017-07-18,1.0020514726638794
2017-07-19,1.0043686628341675
2017-07-20,1.0053397417068481
2017-07-21,1.0116993188858032
2017-07-24,1.01018226146698
2017-07-25,1.0049903392791748
2017-07-26,1.0066300630569458
2017-07-27,1.0111202001571655
2017-07-28,1.013925552368164
2017-07-31,1.0153980255126953
2017-08-01,1.0152310132980347
2017-08-02,1.0121489763259888
2017-08-03,1.0102139711380005
2017-08-04,1.014625072479248
2017-08-07,1.016024112701416
2017-08-08,1.0219566822052002
2017-08-09,1.022786021232605
2017-08-10,1.0126228332519531
2017-08-11,1.022082805633545
2017-08-14,1.0237939357757568
2017-08-15,1.0262898206710815
2017-08-16,1.026978850364685
2017-08-17,1.025034785270691
2017-08-18,1.0285207033157349
2017-08-21,1.0264147520065308
2017-08-22,1.0252776145935059
2017-08-23,1.0551397800445557
2017-08-24,1.0600539445877075
2017-08-25,1.0633364915847778
2017-08-28,1.06386137008667
2017-08-29,1.064070224761963
2017-08-30,1.0636975765228271
2017-08-31,1.0658906698226929
2017-09-01,1.067775011062622
2017-09-04,1.0707101821899414
2017-09-05,1.0696896314620972
2017-09-06,1.0666853189468384
2017-09-07,1.0666334629058838
2017-09-08,1.0685473680496216
2017-09-11,1.06788969039917
2017-09-12,1.0706374645233154
2017-09-13,1.0696783065795898
2017-09-14,1.0
2017-09-15,1.0039607286453247
2017-09-18,1.0008630752563477
2017-09-19,1.003981590270996
2017-09-20,1.0009585618972778
2017-09-21,1.0034555196762085
2017-09-22,1.002299427986145
2017-09-25,1.0041810274124146
2017-09-26,1.0042780637741089
2017-09-27,1.0035654306411743
2017-09-28,1.0065335035324097
2017-09-29,1.0097177028656006
2017-10-09,1.01246178150177
2017-10-10,1.0174174308776855
2017-10-11,1.0188840627670288
2017-10-12,1.0199370384216309
2017-10-13,1.0165289640426636
2017-10-16,1.0131183862686157
2017-10-17,1.013988971710205
2017-10-18,1.0157065391540527
2017-10-19,1.0156676769256592
2017-10-20,1.0172048807144165
2017-10-23,1.0189601182937622
2017-10-24,1.0193333625793457
2017-10-25,1.02482271194458
2017-10-26,1.0292942523956299
2017-10-27,1.0222235918045044
2017-10-30,1.022270917892456
2017-10-31,1.0207022428512573
2017-11-01,1.0185226202011108
2017-11-02,1.0186653137207031
2017-11-03,1.0251047611236572
2017-11-06,1.0317633152008057
2017-11-07,1.0355844497680664
2017-11-08,1.0325261354446411
2017-11-09,1.034441351890564
2017-11-10,1.0350772142410278
2017-11-13,1.0308263301849365
2017-11-14,1.028126835823059
2017-11-15,1.0329867601394653
2017-11-16,1.0281472206115723
2017-11-17,1.0311508178710938
2017-11-20,1.0348752737045288
2017-11-21,1.0325465202331543
2017-11-22,1.021484136581421
2017-11-23,1.0187486410140991
2017-11-24,1.0129902362823486
2017-11-27,1.0164501667022705
2017-11-28,1.0132627487182617
2017-11-29,1.0087010860443115
2017-11-30,1.0094242095947266
2017-12-01,1.01178777217865
2017-12-04,1.0087205171585083
2017-12-05,1.0073624849319458
2017-12-06,1.0010054111480713
2017-12-07,1.0065479278564453
2017-12-08,1.0173124074935913
2017-12-11,1.013036847114563
2017-12-12,1.0194063186645508
2017-12-13,1.0206941366195679
2017-12-14,1.0
2017-12-15,0.9969484806060791
2017-12-18,1.0004316568374634
2017-12-19,1.0029147863388062
2017-12-20,1.0055673122406006
2017-12-21,1.005406379699707
2017-12-22,1.005664348602295
2017-12-25,1.0079460144042969
2017-12-26,0.9991264939308167
2017-12-27,1.001534342765808
2017-12-28,1.0038648843765259
2017-12-29,1.0094363689422607
2018-01-02,1.013045310974121
2018-01-03,1.0171470642089844
2018-01-04,1.0182311534881592
2018-01-05,1.0215741395950317
2018-01-08,1.0271873474121094
2018-01-09,1.0283429622650146
2018-01-10,1.0270253419876099
2018-01-11,1.0305074453353882
2018-01-12,1.026875615119934
2018-01-15,1.0319545269012451
2018-01-16,1.0291602611541748
2018-01-17,1.029529333114624
2018-01-18,1.0247886180877686
2018-01-19,1.0345252752304077
2018-01-22,1.0353801250457764
2018-01-23,1.0349148511886597
2018-01-24,1.0314669609069824
2018-01-25,1.0330770015716553
2018-01-26,1.0237293243408203
2018-01-29,1.018949031829834
2018-01-30,1.0203534364700317
2018-01-31,1.0130207538604736
2018-02-01,1.0134328603744507
2018-02-02,1.0077069997787476
2018-02-05,0.9909529089927673
2018-02-06,0.9840684533119202
2018-02-07,0.9849966168403625
2018-02-08,0.9695113301277161
2018-02-09,0.9835228323936462
2018-02-12,0.9877342581748962
2018-02-13,0.9925501346588135
2018-02-14,1.003551959991455
2018-02-22,1.0043268203735352
2018-02-23,1.010783314704895
2018-02-26,1.0063128471374512
2018-02-27,1.002602219581604
2018-02-28,1.0054545402526855
2018-03-01,1.002275824546814
2018-03-02,0.9995938539505005
2018-03-05,1.0039438009262085
2018-03-06,1.0001202821731567
2018-03-07,1.0056644678115845
2018-03-08,1.0104809999465942
2018-03-09,1.0118013620376587
2018-03-12,1.007680058479309
2018-03-13,1.0060855150222778
2018-03-14,1.0087813138961792
2018-03-15,1.00384521484375
2018-03-16,1.0
2018-03-19,0.9991791248321533
2018-03-20,0.9964870810508728
2018-03-21,0.9945177435874939
2018-03-22,0.9844297170639038
2018-03-23,0.9850961565971375
2018-03-26,0.9883491396903992
2018-03-27,0.9804973602294922
2018-03-28,0.9852631092071533
2018-03-29,0.9866161346435547
2018-03-30,0.9850087761878967
2018-04-02,0.9853875637054443
2018-04-03,0.9873444437980652
2018-04-04,0.9869996309280396
2018-04-09,0.9913216233253479
2018-04-10,0.9930220246315002
2018-04-11,0.9907572865486145
2018-04-12,0.9875699877738953
2018-04-13,0.9847518801689148
2018-04-16,0.9802239537239075
2018-04-17,0.9814531207084656
2018-04-18,0.9875768423080444
2018-04-19,0.982126772403717
2018-04-20,0.9803888201713562
2018-04-23,0.9885105490684509
2018-04-24,0.9877520799636841
2018-04-25,0.9804567098617554
2018-04-26,0.9795207381248474
2018-04-27,0.9787178039550781
2018-05-02,0.9826355576515198
2018-05-03,0.9817623496055603
2018-05-04,0.9921016097068787
2018-05-07,0.9954499006271362
2018-05-08,0.9936490058898926
2018-05-09,0.9967824220657349
2018-05-10,0.9940182566642761
2018-05-11,0.9966098666191101
2018-05-14,0.9987010955810547
2018-05-15,0.9963535666465759
2018-05-16,0.9937549233436584
2018-05-17,0.9961791634559631
2018-05-18,0.9986186027526855
2018-05-21,1.0000064373016357
2018-05-22,0.9938428997993469
2018-05-23,0.9914270043373108
2018-05-24,0.990996241569519
2018-05-25,0.9956590533256531
2018-05-28,0.9922026991844177
2018-05-29,0.9893502593040466
2018-05-30,1.0006682872772217
2018-05-31,0.9963528513908386
2018-06-01,0.9982830286026001
2018-06-04,1.0011118650436401
2018-06-05,1.000506043434143
2018-06-06,0.9981292486190796
2018-06-07,0.9927395582199097
2018-06-08,0.991979718208313
2018-06-11,0.998874843120575
2018-06-12,0.9940078854560852
2018-06-13,0.9931151866912842
2018-06-14,1.0
2018-06-15,0.9779124855995178
2018-06-19,0.9820411205291748
2018-06-20,0.9775660634040833
2018-06-21,0.9810938239097595
2018-06-22,0.9770547151565552
2018-06-25,0.9737668633460999
2018-06-26,0.9609112739562988
2018-06-27,0.9560073614120483
2018-06-28,0.9714974761009216
2018-06-29,0.9596522450447083
2018-07-02,0.9574277997016907
2018-07-03,0.9516267776489258
2018-07-04,0.9449819922447205
2018-07-05,0.9494451880455017
2018-07-06,0.9639498591423035
2018-07-09,0.9651414752006531
2018-07-10,0.956026554107666
2018-07-11,0.9700122475624084
2018-07-12,0.9736398458480835
2018-07-13,0.9734357595443726
2018-07-16,0.9690817594528198
2018-07-17,0.9656824469566345
2018-07-18,0.9649785161018372
2018-07-19,0.9718880653381348
2018-07-20,0.9735886454582214
2018-07-23,0.9842771291732788
2018-07-24,0.9833927750587463
2018-07-25,0.9781143069267273
2018-07-26,0.9768056273460388
2018-07-27,0.971003532409668
2018-07-30,0.9724944233894348
2018-07-31,0.9632241725921631
2018-08-01,0.9515725374221802
2018-08-02,0.9455781579017639
2018-08-03,0.9360865354537964
2018-08-06,0.9468175172805786
2018-08-07,0.9390190243721008
2018-08-08,0.9509524703025818
2018-08-09,0.9527658224105835
2018-08-10,0.9506761431694031
2018-08-13,0.9485496878623962
2018-08-14,0.9368430376052856
2018-08-15,0.9317885041236877
2018-08-16,0.9236294627189636
2018-08-17,0.9268090724945068
2018-08-20,0.9376323223114014
2018-08-21,0.934572696685791
2018-08-22,0.9382425546646118
2018-08-23,0.9358058571815491
2018-08-24,0.9505798816680908
2018-08-27,0.949583888053894
2018-08-28,0.9475802183151245
2018-08-29,0.9422203898429871
2018-08-30,0.9377999305725098
2018-08-31,0.9371194839477539
2018-09-03,0.9410292506217957
2018-09-04,0.9327256083488464
2018-09-05,0.9283899068832397
2018-09-06,0.9295126795768738
2018-09-07,1.0
2018-09-10,0.9994491934776306
2018-09-11,0.9942464828491211
2018-09-12,0.9978139400482178
2018-09-13,0.999244749546051
2018-09-14,0.9953739047050476
2018-09-17,1.0054785013198853
2018-09-18,1.0130236148834229
2018-09-19,1.0120238065719604
2018-09-20,1.0255391597747803
2018-09-21,1.0225026607513428
2018-09-25,1.030464768409729
2018-09-26,1.028753638267517
2018-09-27,1.03348708152771
2018-09-28,1.0152089595794678
2018-10-08,1.0114614963531494
2018-10-09,1.0086647272109985
2018-10-10,0.9826732873916626
2018-10-11,0.9916859865188599
2018-10-12,0.9859147071838379
2018-10-15,0.9794176816940308
2018-10-16,0.9803325533866882
2018-10-17,0.9711263179779053
2018-10-18,0.9829922318458557
2018-10-19,1.0086970329284668
2018-10-22,0.9947654008865356
2018-10-23,0.9909754395484924
2018-10-24,0.9885886311531067
2018-10-25,0.9796707630157471
2018-10-26,0.9585675001144409
2018-10-29,0.9610055685043335
2018-10-30,0.9677125215530396
2018-10-31,0.9735874533653259
2018-11-01,0.9937532544136047
2018-11-02,0.9884840846061707
2018-11-05,0.9866608381271362
2018-11-06,0.9848275184631348
2018-11-07,0.9832137227058411
2018-11-08,0.9805722236633301
2018-11-09,0.9861143827438354
2018-11-12,0.9943239092826843
2018-11-13,0.989429771900177
2018-11-14,0.9965416193008423
2018-11-15,0.99839186668396
2018-11-16,1.0023492574691772
2018-11-19,0.9920016527175903
2018-11-20,0.9943360090255737
2018-11-21,0.993796169757843
2018-11-22,0.9812927842140198
2018-11-23,0.9797207117080688
2018-11-26,0.9797267913818359
2018-11-27,0.985990047454834
2018-11-28,0.9820008873939514
2018-11-29,0.9876749515533447
2018-11-30,1.0027118921279907
2018-12-03,1.004355788230896
2018-12-04,1.0042717456817627
2018-12-05,0.9954094290733337
2018-12-06,0.9937107563018799
2018-12-07,0.9899429678916931
2018-12-10,1.0
2018-12-11,1.0007579326629639
2018-12-12,1.0063728094100952
2018-12-13,0.9987410306930542
2018-12-14,0.9967515468597412
2018-12-17,0.9934535622596741
2018-12-18,0.9894586205482483
2018-12-19,0.9897191524505615
2018-12-20,0.9868783354759216
2018-12-21,0.9887126684188843
2018-12-24,0.9872726202011108
2018-12-25,0.9855930805206299
2018-12-26,0.9838567972183228
2018-12-27,0.987445592880249
2018-12-28,0.9835571050643921
2019-01-02,0.983749270439148
2019-01-03,0.9924426674842834
2019-01-04,0.996562659740448
2019-01-07,0.995265007019043
2019-01-08,0.9977185726165771
2019-01-09,0.9979612231254578
2019-01-10,1.0012542009353638
2019-01-11,0.9977198839187622
2019-01-14,1.00782310962677
2019-01-15,1.0048350095748901
2019-01-16,1.0027459859848022
2019-01-17,1.0099490880966187
2019-01-18,1.012795090675354
2019-01-21,1.0064133405685425
2019-01-22,1.005770206451416
2019-01-23,1.0087165832519531
2019-01-24,1.0085448026657104
2019-01-25,1.0092405080795288
2019-01-28,1.0084030628204346
2019-01-29,1.0050427913665771
2019-01-30,1.0060360431671143
2019-01-31,1.0162744522094727
2019-02-01,1.0265321731567383
2019-02-11,1.029219627380371
2019-02-12,1.0363640785217285
2019-02-13,1.039002537727356
2019-02-14,1.0349777936935425
2019-02-15,1.0501888990402222
2019-02-18,1.0478315353393555
2019-02-19,1.0492722988128662
2019-02-20,1.0477501153945923
2019-02-21,1.0561599731445312
2019-02-22,1.0825127363204956
2019-02-25,1.0735831260681152
2019-02-26,1.0741482973098755
2019-02-27,1.0727930068969727
2019-02-28,1.0812675952911377
2019-03-01,1.0845086574554443
2019-03-04,1.090872049331665
2019-03-05,1.0952545404434204
2019-03-06,1.0922807455062866
2019-03-07,1.0809261798858643
2019-03-08,1.0933585166931152
2019-03-11,1.0977753400802612
2019-03-12,1.0908589363098145
2019-03-13,1.0
2019-03-14,1.0045815706253052
2019-03-15,1.021148920059204
2019-03-18,1.0202065706253052
2019-03-19,1.0208015441894531
2019-03-20,1.0218368768692017
2019-03-21,1.023003339767456
2019-03-22,1.0159887075424194
2019-03-25,1.012138843536377
2019-03-26,1.0179288387298584
2019-03-27,1.01731276512146
2019-03-28,1.0278117656707764
2019-03-29,1.0393214225769043
2019-04-01,1.036889672279358
2019-04-02,1.039965271949768
2019-04-03,1.0463110208511353
2019-04-04,1.0476624965667725
2019-04-08,1.04599130153656
2019-04-09,1.0457321405410767
2019-04-10,1.037469506263733
2019-04-11,1.0353127717971802
2019-04-12,1.0305300951004028
2019-04-15,1.0376883745193481
2019-04-16,1.0393916368484497
2019-04-17,1.0373358726501465
2019-04-18,1.040467381477356
2019-04-19,1.036192774772644
2019-04-22,1.0338101387023926
2019-04-23,1.034986138343811
2019-04-24,1.028001070022583
2019-04-25,1.026090383529663
2019-04-26,1.0246449708938599
2019-04-29,1.0274461507797241
2019-04-30,1.0091345310211182
2019-05-06,1.0136616230010986
2019-05-07,1.0108774900436401
2019-05-08,1.0053763389587402
2019-05-09,1.018638253211975
2019-05-10,1.0178626775741577
2019-05-13,1.0173217058181763
2019-05-14,1.0290342569351196
2019-05-15,1.0353267192840576
2019-05-16,1.0267683267593384
2019-05-17,1.0199689865112305
2019-05-20,1.0224276781082153
2019-05-21,1.018241286277771
2019-05-22,1.010877251625061
2019-05-23,1.0115269422531128
2019-05-24,1.0166163444519043
2019-05-27,1.0184651613235474
2019-05-28,1.0198864936828613
2019-05-29,1.0191105604171753
2019-05-30,1.01913583278656
2019-05-31,1.0210515260696411
2019-06-03,1.018674612045288
2019-06-04,1.0191181898117065
2019-06-05,1.0137571096420288
2019-06-06,1.0180745124816895
2019-06-10,1.0313377380371094
2019-06-11,1.0297610759735107
2019-06-12,1.0
2019-06-13,0.9950991868972778
2019-06-14,0.9903810620307922
2019-06-17,0.9930011034011841
2019-06-18,0.9990963339805603
2019-06-19,1.0177843570709229
2019-06-20,1.0210249423980713
2019-06-21,1.0228686332702637
2019-06-24,1.020103931427002
2019-06-25,1.0166040658950806
2019-06-26,1.0241317749023438
2019-06-27,1.0233956575393677
2019-06-28,1.0419565439224243
2019-07-01,1.0435878038406372
2019-07-02,1.0403577089309692
2019-07-03,1.0315368175506592
2019-07-04,1.0398181676864624
2019-07-05,1.0261688232421875
2019-07-08,1.0252254009246826
2019-07-09,1.0242847204208374
2019-07-10,1.0255804061889648
2019-07-11,1.0298466682434082
2019-07-12,1.033771276473999
2019-07-15,1.0301144123077393
2019-07-16,1.0289369821548462
2019-07-17,1.0222870111465454
2019-07-18,1.0286376476287842
2019-07-19,1.0222870111465454
2019-07-22,1.0211074352264404
2019-07-23,1.0250129699707031
2019-07-24,1.0303007364273071
2019-07-25,1.0299031734466553
2019-07-26,1.0323935747146606
2019-07-29,1.0340417623519897
2019-07-30,1.0296626091003418
2019-07-31,1.023643136024475
2019-08-01,1.019897222518921
2019-08-02,1.01578950881958
2019-08-05,1.008223533630371
2019-08-06,1.0069444179534912
2019-08-07,1.0140974521636963
2019-08-08,1.008339762687683
2019-08-09,1.0179190635681152
2019-08-12,1.0175726413726807
2019-08-13,1.0189666748046875
2019-08-14,1.0212335586547852
2019-08-15,1.0262361764907837
2019-08-16,1.0382158756256104
2019-08-19,1.0359973907470703
2019-08-20,1.0341278314590454
2019-08-21,1.0396791696548462
2019-08-22,1.0419400930404663
2019-08-23,1.0393884181976318
2019-08-26,1.051239013671875
2019-08-27,1.054271936416626
2019-08-28,1.0562984943389893
2019-08-29,1.0567890405654907
2019-08-30,1.0638675689697266
2019-09-02,1.064746618270874
2019-09-03,1.067228078842163
2019-09-04,1.0
2019-09-05,0.9949778914451599
2019-09-06,0.9979024529457092
2019-09-09,0.9943441152572632
2019-09-10,0.9897791743278503
2019-09-11,0.9918777346611023
2019-09-12,0.9909372329711914
2019-09-16,0.9847348928451538
2019-09-17,0.9888243675231934
2019-09-18,0.9901522397994995
2019-09-19,0.9913179278373718
2019-09-20,0.9895328879356384
2019-09-23,0.991305947303772
2019-09-24,0.989264726638794
2019-09-25,0.9805518984794617
2019-09-26,0.9800094962120056
2019-09-27,0.9757096171379089
2019-09-30,0.9786748290061951
2019-10-08,0.9817851781845093
2019-10-09,0.9843673706054688
2019-10-10,0.986277163028717
2019-10-11,0.9866946935653687
2019-10-14,0.9857573509216309
2019-10-15,0.9818450212478638
2019-10-16,0.9831311106681824
2019-10-17,0.9786089658737183
2019-10-18,0.9792940020561218
2019-10-21,0.9806178212165833
2019-10-22,0.978688657283783
2019-10-23,0.9770439267158508
2019-10-24,0.9841328263282776
2019-10-25,0.9872995615005493
2019-10-28,0.9846826195716858
2019-10-29,0.9811928868293762
2019-10-30,0.9815396070480347
2019-10-31,0.9874172806739807
2019-11-01,0.9887899160385132
2019-11-04,0.9904676079750061
2019-11-05,0.984687864780426
2019-11-06,0.9874173998832703
2019-11-07,0.9826156497001648
2019-11-08,0.9760039448738098
2019-11-11,0.974767804145813
2019-11-12,0.9773404002189636
2019-11-13,0.9789300560951233
2019-11-14,0.9754398465156555
2019-11-15,0.9776081442832947
2019-11-18,0.9832434058189392
2019-11-19,0.9816285967826843
2019-11-20,0.9801056981086731
2019-11-21,0.9743545055389404
2019-11-22,0.973178505897522
2019-11-25,0.9741907119750977
2019-11-26,0.9748193621635437
2019-11-27,0.9736132025718689
2019-11-28,0.9694055914878845
2019-11-29,0.9713494777679443
2019-12-02,0.9728346467018127
2019-12-03,0.9759833812713623
2019-12-04,0.9776517748832703
2019-12-05,1.0
2019-12-06,0.9979256987571716
2019-12-09,0.9984449744224548
2019-12-10,0.9947552680969238
2019-12-11,0.9945812225341797
2019-12-12,0.9985641241073608
2019-12-13,1.0031157732009888
2019-12-16,1.0089879035949707
2019-12-17,1.0080745220184326
2019-12-18,1.0075371265411377
2019-12-19,1.0065643787384033
2019-12-20,1.0012444257736206
2019-12-23,1.005738377571106
2019-12-24,1.0074362754821777
2019-12-25,1.0097849369049072
2019-12-26,1.0100446939468384
2019-12-27,1.0161734819412231
2019-12-30,1.0193477869033813
2019-12-31,1.023239254951477
2020-01-02,1.0253058671951294
2020-01-03,1.0306322574615479
2020-01-06,1.0347000360488892
2020-01-07,1.0335091352462769
2020-01-08,1.032684564590454
2020-01-09,1.032660961151123
2020-01-10,1.038404107093811
2020-01-13,1.033786416053772
2020-01-14,1.0340338945388794
2020-01-15,1.0343824625015259
2020-01-16,1.0327719449996948
2020-01-17,1.0363844633102417
2020-01-20,1.0315579175949097
2020-01-21,1.0314117670059204
2020-01-22,1.0186976194381714
2020-01-23,0.9897780418395996
2020-02-03,0.9991189241409302
2020-02-04,1.0041894912719727
2020-02-05,1.0137776136398315
2020-02-06,1.0173707008361816
2020-02-07,1.056431770324707
2020-02-10,1.0595006942749023
2020-02-11,1.0680876970291138
2020-02-12,1.0727646350860596
2020-02-13,1.0758960247039795
2020-02-14,1.089495301246643
2020-02-17,1.0986440181732178
2020-02-18,1.1068017482757568
2020-02-19,1.1216922998428345
2020-02-20,1.1325401067733765
2020-02-21,1.1484419107437134
2020-02-24,1.1510636806488037
2020-02-25,1.126997470855713
2020-02-26,1.120842456817627
2020-02-27,1.0898431539535522
2020-02-28,1.100301742553711
2020-03-02,1.1026151180267334
2020-03-03,1.1055845022201538
2020-03-04,1.1204596757888794
2020-03-05,1.116754174232483
2020-03-06,1.0911282300949097
2020-03-09,1.0
2020-03-10,0.992439866065979
2020-03-11,0.9843970537185669
2020-03-12,0.9772751331329346
2020-03-13,0.9512468576431274
2020-03-16,0.9416807889938354
2020-03-17,0.9408783316612244
2020-03-18,0.9418786764144897
2020-03-19,0.94849693775177
2020-03-20,0.9267367720603943
2020-03-23,0.9444127678871155
2020-03-24,0.9580545425415039
2020-03-25,0.9517148733139038
2020-03-26,0.9532227516174316
2020-03-27,0.9450705051422119
2020-03-30,0.9506139755249023
2020-03-31,0.9487237334251404
2020-04-01,0.9649865627288818
2020-04-02,0.9639472961425781
2020-04-03,0.9826168417930603
2020-04-07,0.9802883863449097
2020-04-08,0.9802551865577698
2020-04-09,0.9728873372077942
2020-04-10,0.9649608135223389
2020-04-13,0.9784119129180908
2020-04-14,0.9772865772247314
2020-04-15,0.980785608291626
2020-04-16,0.9838281869888306
2020-04-17,0.9856326580047607
2020-04-20,0.9799424409866333
2020-04-21,0.9879631996154785
2020-04-22,0.9889634847640991
2020-04-23,0.9861146211624146
2020-04-24,0.9846094846725464
2020-04-27,0.9922797679901123
2020-04-28,0.9888543486595154
2020-04-29,1.0028283596038818
2020-04-30,1.0128933191299438
2020-05-06,1.012184977531433
2020-05-07,1.0177676677703857
2020-05-08,1.0132012367248535
2020-05-11,1.0166714191436768
2020-05-12,1.0197826623916626
2020-05-13,1.0170698165893555
2020-05-14,1.0230878591537476
2020-05-15,1.0255553722381592
2020-05-18,1.0314631462097168
2020-05-19,1.0286046266555786
2020-05-20,1.0208516120910645
2020-05-21,1.0113937854766846
2020-05-22,1.011458396911621
2020-05-25,1.0181808471679688
2020-05-26,1.0108734369277954
2020-05-27,1.010817527770996
2020-05-28,1.0127503871917725
2020-05-29,1.029391884803772
2020-06-01,1.0291252136230469
2020-06-02,1.026646614074707
2020-06-03,1.0251712799072266
2020-06-04,1.0277001857757568
2020-06-05,1.0
2020-06-08,1.0041884183883667
2020-06-09,1.0052114725112915
2020-06-10,1.00138521194458
2020-06-11,1.0004944801330566
2020-06-12,0.9936689734458923
2020-06-15,1.0001487731933594
2020-06-16,1.0000687837600708
2020-06-17,1.0058234930038452
2020-06-18,1.0142163038253784
2020-06-19,1.0233734846115112
2020-06-22,1.0259407758712769
2020-06-23,1.033208966255188
2020-06-24,1.0280554294586182
2020-06-29,1.0377150774002075
2020-06-30,1.048858642578125
2020-07-01,1.0606615543365479
2020-07-02,1.0665308237075806
2020-07-03,1.1047194004058838
2020-07-06,1.107530951499939
2020-07-07,1.1198101043701172
2020-07-08,1.1377695798873901
2020-07-09,1.136033058166504
2020-07-10,1.1605236530303955
2020-07-13,1.1536502838134766
2020-07-14,1.1388150453567505
2020-07-15,1.0942952632904053
2020-07-16,1.0959818363189697
2020-07-17,1.1138862371444702
2020-07-20,1.1170140504837036
2020-07-21,1.12841796875
2020-07-22,1.1277390718460083
2020-07-23,1.0980229377746582
2020-07-24,1.1045325994491577
2020-07-27,1.1113080978393555
2020-07-28,1.1306458711624146
2020-07-29,1.1265265941619873
2020-07-30,1.1365376710891724
2020-07-31,1.1510074138641357
2020-08-03,1.143878698348999
2020-08-04,1.1557538509368896
2020-08-05,1.1535232067108154
2020-08-06,1.1417901515960693
2020-08-07,1.142228126525879
2020-08-10,1.130706548690796
2020-08-11,1.1159868240356445
2020-08-12,1.1186176538467407
2020-08-13,1.1305299997329712
2020-08-14,1.1429098844528198
2020-08-17,1.1484556198120117
2020-08-18,1.1340184211730957
2020-08-19,1.1226067543029785
2020-08-20,1.125436544418335
2020-08-21,1.1303094625473022
2020-08-24,1.1289602518081665
2020-08-25,1.1171073913574219
2020-08-26,1.1279762983322144
2020-08-27,1.1402134895324707
2020-08-28,1.1375901699066162
2020-08-31,1.141578197479248
2020-09-01,1.0
2020-09-02,0.9963393211364746
2020-09-03,0.9921499490737915
2020-09-04,0.9762207865715027
2020-09-07,0.9740168452262878
2020-09-08,0.9569008350372314
2020-09-09,0.9552521109580994
2020-09-10,0.9631139039993286
2020-09-11,0.9658279418945312
2020-09-14,0.9696003794670105
2020-09-15,0.9649327993392944
2020-09-16,0.9621686339378357
2020-09-17,0.9730309247970581
2020-09-18,0.9682638645172119
2020-09-21,0.9595835208892822
2020-09-22,0.9611448645591736
2020-09-23,0.9497371315956116
2020-09-24,0.9499577879905701
2020-09-25,0.9477493166923523
2020-09-28,0.9528986215591431
2020-09-29,0.9509862661361694
2020-09-30,0.9643741846084595
2020-10-09,0.9858459234237671
2020-10-12,0.9872217774391174
2020-10-13,0.9810032248497009
2020-10-14,0.9770115613937378
2020-10-15,0.973759651184082
2020-10-16,0.9680722951889038
2020-10-19,0.974523663520813
2020-10-20,0.9703227281570435
2020-10-21,0.9689835906028748
2020-10-22,0.9578825235366821
2020-10-23,0.9545461535453796
2020-10-26,0.9576408267021179
2020-10-27,0.9633697271347046
2020-10-28,0.9670993685722351
2020-10-29,0.9569114446640015
2020-10-30,0.9616423845291138
2020-11-02,0.9694643616676331
2020-11-03,0.9707791805267334
2020-11-04,0.9797613620758057
2020-11-05,0.9795491695404053
2020-11-06,0.9966908693313599
2020-11-09,0.9903343319892883
2020-11-10,0.9799755215644836
2020-11-11,0.9804965257644653
2020-11-12,0.9767493009567261
2020-11-13,1.0188829898834229
2020-11-16,1.0128601789474487
2020-11-17,1.0081425905227661
2020-11-18,1.014339804649353
2020-11-19,1.0163953304290771
2020-11-20,1.019873857498169
2020-11-23,1.0158754587173462
2020-11-24,1.0026212930679321
2020-11-25,1.0017542839050293
2020-11-26,1.0062156915664673
2020-11-27,0.999772310256958
2020-11-30,1.0117660760879517
2020-12-01,1.016879677772522
2020-12-02,1.0
2020-12-03,1.004660725593567
2020-12-04,1.0027074813842773
2020-12-07,1.0049960613250732
2020-12-08,0.9920812249183655
2020-12-09,0.9920991063117981
2020-12-10,0.9874823689460754
2020-12-11,0.9956540465354919
2020-12-14,0.9946103096008301
2020-12-15,0.9935775399208069
2020-12-16,1.0019571781158447
2020-12-17,0.9988681674003601
2020-12-18,1.0116158723831177
2020-12-21,0.9972320795059204
2020-12-22,1.0047543048858643
2020-12-23,0.9991738796234131
2020-12-24,1.0023696422576904
2020-12-25,1.0028389692306519
2020-12-28,1.0008001327514648
2020-12-29,1.009344458580017
2020-12-30,1.0224045515060425
2020-12-31,1.0414412021636963
2021-01-04,1.0613635778427124
2021-01-05,1.060828447341919
2021-01-06,1.0638391971588135
2021-01-07,1.0573822259902954
2021-01-08,1.0483531951904297
2021-01-11,1.0637317895889282
2021-01-12,1.0631206035614014
2021-01-13,1.0580250024795532
2021-01-14,1.0512609481811523
2021-01-15,1.0633108615875244
2021-01-18,1.0514845848083496
2021-01-19,1.0600777864456177
2021-01-20,1.06965970993042
2021-01-21,1.068941593170166
2021-01-22,1.0754973888397217
2021-01-25,1.0627297163009644
2021-01-26,1.0584821701049805
2021-01-27,1.039286732673645
2021-01-28,1.0342403650283813
2021-01-29,1.0395464897155762
2021-02-01,1.0494649410247803
2021-02-02,1.040932297706604
2021-02-03,1.036228060722351
2021-02-04,1.0280780792236328
2021-02-05,1.0409363508224487
2021-02-08,1.0593373775482178
2021-02-09,1.072118878364563
2021-02-10,1.067579746246338
2021-02-18,1.0723966360092163
2021-02-19,1.0517919063568115
2021-02-22,1.0489072799682617
2021-02-23,1.0358178615570068
2021-02-24,1.0307588577270508
2021-02-25,1.01262366771698
2021-02-26,1.0269569158554077
2021-03-01,1.0189567804336548
2021-03-02,1.0272424221038818
2021-03-03,1.0042716264724731
2021-03-04,1.0
2021-03-05,0.9736253023147583
2021-03-08,0.9501821994781494
2021-03-09,0.953855574131012
2021-03-10,0.9736931324005127
2021-03-11,0.9687284827232361
2021-03-12,0.9511371850967407
2021-03-15,0.9534099698066711
2021-03-16,0.9631872773170471
2021-03-17,0.969455361366272
2021-03-18,0.9586855173110962
2021-03-19,0.9635435342788696
2021-03-22,0.9601125121116638
2021-03-23,0.9512044191360474
2021-03-24,0.9535178542137146
2021-03-25,0.9668097496032715
2021-03-26,0.9677968621253967
2021-03-29,0.9702078700065613
2021-03-30,0.9654884338378906
2021-03-31,0.9810128211975098
2021-04-01,1.000465750694275
2021-04-02,0.9966130256652832
2021-04-06,0.9932947158813477
2021-04-07,0.9941565990447998
2021-04-08,0.9865736365318298
2021-04-09,0.9744496941566467
2021-04-12,0.9734960794448853
2021-04-13,0.9797351360321045
2021-04-14,0.9773115515708923
2021-04-15,0.983049750328064
2021-04-16,0.997022271156311
2021-04-19,0.9951459765434265
2021-04-20,0.9979868531227112
2021-04-21,1.0017306804656982
2021-04-22,1.0079643726348877
2021-04-23,1.0010249614715576
2021-04-26,1.0013638734817505
2021-04-27,1.0079244375228882
2021-04-28,1.0141080617904663
2021-04-29,1.0124850273132324
2021-04-30,1.0032870769500732
2021-05-06,0.9888432621955872
2021-05-07,0.982168972492218
2021-05-10,0.9878302216529846
2021-05-11,0.9963033199310303
2021-05-12,0.9915138483047485
2021-05-13,1.0068808794021606
2021-05-14,1.0181559324264526
2021-05-17,1.017123818397522
2021-05-18,1.0196975469589233
2021-05-19,1.0221474170684814
2021-05-20,1.0161339044570923
2021-05-21,1.0221490859985352
2021-05-24,1.041210412979126
2021-05-25,1.0403828620910645
2021-05-26,1.0518585443496704
2021-05-27,1.046610951423645
2021-05-28,1.0586543083190918
2021-05-31,1.0648996829986572
2021-06-01,1.053165078163147
2021-06-02,1.0
2021-06-03,1.0061249732971191
2021-06-04,1.009814739227295
2021-06-07,1.003124475479126
2021-06-08,1.0065860748291016
2021-06-09,1.013375163078308
2021-06-10,1.0074844360351562
2021-06-11,1.0038775205612183
2021-06-15,0.991142213344574
2021-06-16,1.0098696947097778
2021-06-17,1.012237787246704
2021-06-18,1.014199137687683
2021-06-21,1.0163869857788086
2021-06-22,1.0252342224121094
2021-06-23,1.0200843811035156
2021-06-24,1.0020277500152588
2021-06-25,1.007972002029419
2021-06-28,1.0026363134384155
2021-06-29,1.014165997505188
2021-06-30,1.0093269348144531
2021-07-01,0.9964179992675781
2021-07-02,1.0081219673156738
2021-07-05,1.0015978813171387
2021-07-06,1.0122075080871582
2021-07-07,1.0179898738861084
2021-07-08,1.0133568048477173
2021-07-09,1.021701455116272
2021-07-12,1.0191054344177246
2021-07-13,1.0127387046813965
2021-07-14,1.018384337425232
2021-07-15,1.0100150108337402
2021-07-16,1.0074506998062134
2021-07-19,1.0132906436920166
2021-07-20,1.0259628295898438
2021-07-21,1.0302183628082275
2021-07-22,1.0261069536209106
2021-07-23,1.0152140855789185
2021-07-26,1.002368450164795
2021-07-27,0.9969613552093506
2021-07-28,1.020439863204956
2021-07-29,1.0207808017730713
2021-07-30,1.0270074605941772
2021-08-02,1.0157028436660767
2021-08-03,1.0287556648254395
2021-08-04,1.0258936882019043
2021-08-05,1.0232536792755127
2021-08-06,1.0195045471191406
2021-08-09,1.0256280899047852
2021-08-10,1.0240800380706787
2021-08-11,1.0245035886764526
2021-08-12,1.015046238899231
2021-08-13,1.0162523984909058
2021-08-16,0.9965628385543823
2021-08-17,0.9991251230239868
2021-08-18,1.0033838748931885
2021-08-19,0.9972777366638184
2021-08-20,1.0084894895553589
2021-08-23,1.0184048414230347
2021-08-24,1.017477035522461
2021-08-25,1.0043771266937256
2021-08-26,1.0
2021-08-27,0.9993225932121277
2021-08-30,0.9922848343849182
2021-08-31,0.9959096908569336
2021-09-01,0.990812361240387
2021-09-02,0.990958571434021
2021-09-03,1.003454327583313
2021-09-06,1.00803542137146
2021-09-07,1.0011112689971924
2021-09-08,0.9997841119766235
2021-09-09,1.0100597143173218
2021-09-10,0.9995052218437195
2021-09-13,0.9964097142219543
2021-09-14,0.9916638135910034
2021-09-15,0.9823777079582214
2021-09-16,0.9849859476089478
2021-09-17,0.9851253032684326
2021-09-22,0.9894458055496216
2021-09-23,0.9911332130432129
2021-09-24,0.9948037266731262
2021-09-27,0.9906586408615112
2021-09-28,0.9844349026679993
2021-09-29,0.9888013005256653
2021-09-30,0.9949871301651001
2021-10-08,0.9925033450126648
2021-10-11,0.981921374797821
2021-10-12,0.9917597770690918
2021-10-13,0.9934508800506592
2021-10-14,0.9985507726669312
2021-10-15,0.987697184085846
2021-10-18,0.9964360594749451
2021-10-19,0.9954413771629333
2021-10-20,0.9936644434928894
2021-10-21,0.9992434978485107
2021-10-22,1.002870798110962
2021-10-25,1.0013827085494995
2021-10-26,0.9937576055526733
2021-10-27,0.9942119121551514
2021-10-28,1.0042310953140259
2021-10-29,1.0039520263671875
2021-11-01,1.005496859550476
2021-11-02,1.0031160116195679
2021-11-03,1.0116490125656128
2021-11-04,1.0098751783370972
2021-11-05,1.0095629692077637
2021-11-08,1.0141863822937012
2021-11-09,1.0103451013565063
2021-11-10,1.0195237398147583
2021-11-11,1.0196938514709473
2021-11-12,1.017244577407837
2021-11-15,1.0166765451431274
2021-11-16,1.0176808834075928
2021-11-17,1.01466703414917
2021-11-18,1.0210208892822266
2021-11-19,1.0280821323394775
2021-11-22,1.0247935056686401
2021-11-23,1.024752140045166
2021-11-24,1.0236999988555908
2021-11-25,1.0193819999694824
2021-11-26,1.0215123891830444
2021-11-29,1.0
2021-11-30,0.9986412525177002
2021-12-01,0.9955744743347168
2021-12-02,1.006906509399414
2021-12-03,0.9995186924934387
2021-12-06,0.9947198629379272
2021-12-07,1.0085670948028564
2021-12-08,1.0153546333312988
2021-12-09,1.0146468877792358
2021-12-10,1.0162454843521118
2021-12-13,1.0153937339782715
2021-12-14,1.0062239170074463
2021-12-15,1.008671760559082
2021-12-16,0.9975206255912781
2021-12-17,0.9878393411636353
2021-12-20,0.9908168911933899
2021-12-21,0.9945162534713745
2021-12-22,1.0003831386566162
2021-12-23,0.9997518658638
2021-12-24,0.997743546962738
2021-12-27,1.0011752843856812
2021-12-28,0.9895159006118774
2021-12-29,0.998518705368042
2021-12-30,1.002213716506958
2021-12-31,0.9974865317344666
2022-01-04,0.9832483530044556
2022-01-05,0.9765015244483948
2022-01-06,0.9693278074264526
2022-01-07,0.9699239730834961
2022-01-10,0.9614479541778564
2022-01-11,0.9706690907478333
2022-01-12,0.9589952826499939
2022-01-13,0.9599021673202515
2022-01-14,0.9681574106216431
2022-01-17,0.9723377823829651
2022-01-18,0.9636721014976501
2022-01-19,0.9652697443962097
2022-01-20,0.958732008934021
2022-01-21,0.9612699151039124
2022-01-24,0.9438604712486267
2022-01-25,0.9479520320892334
2022-01-26,0.9279720187187195
2022-01-27,0.9206739068031311
2022-01-28,0.927853524684906
2022-02-07,0.9207978844642639
2022-02-08,0.9303374886512756
2022-02-09,0.9299271702766418
2022-02-10,0.9199746251106262
2022-02-11,0.9185721278190613
2022-02-14,0.9324271082878113
2022-02-15,0.9299588799476624
2022-02-16,0.9341034889221191
2022-02-17,0.9367418885231018
2022-02-18,0.9354974031448364
2022-02-21,0.9309597015380859
2022-02-22,0.9471247792243958
2022-02-23,0.9395159482955933
2022-02-24,0.943951427936554
2022-02-25,0.9454824924468994
2022-02-28,0.9508496522903442
2022-03-01,1.0
2022-03-02,0.9895374178886414
2022-03-03,0.9879229664802551
2022-03-04,0.9673539996147156
2022-03-07,0.9563699960708618
2022-03-08,0.9559705257415771
2022-03-09,0.9614776968955994
2022-03-10,0.9668118357658386
2022-03-11,0.9435550570487976
2022-03-14,0.9108588099479675
2022-03-15,0.9339845776557922
2022-03-16,0.9485231041908264
2022-03-17,0.9504120945930481
2022-03-18,0.9534009099006653
2022-03-21,0.9481460452079773
2022-03-22,0.9505378007888794
2022-03-23,0.9440207481384277
2022-03-24,0.9343207478523254
2022-03-25,0.9260664582252502
2022-03-28,0.9191750884056091
2022-03-29,0.9360533356666565
2022-03-30,0.9261391162872314
2022-03-31,0.9309561848640442
2022-04-01,0.920451819896698
2022-04-06,0.90811687707901
2022-04-07,0.9085823893547058
2022-04-08,0.8867193460464478
2022-04-11,0.8986333608627319
2022-04-12,0.8882076740264893
2022-04-13,0.9003079533576965
2022-04-14,0.8990266919136047
2022-04-15,0.909168004989624
2022-04-18,0.9024749398231506
2022-04-19,0.8918696641921997
2022-04-20,0.880206286907196
2022-04-21,0.873825192451477
2022-04-22,0.8369059562683105
2022-04-25,0.8270972967147827
2022-04-26,0.8515040874481201
2022-04-27,0.8503426313400269
2022-04-28,0.8706230521202087
2022-04-29,0.8722479343414307
2022-05-05,0.8574972748756409
2022-05-06,0.8566052317619324
2022-05-09,0.8694653511047363
2022-05-10,0.8806011080741882
2022-05-11,0.8845261335372925
2022-05-12,0.8849920034408569
2022-05-13,0.8771390318870544
2022-05-16,0.8881017565727234
2022-05-17,0.886684000492096
2022-05-18,0.8929470777511597
2022-05-19,0.9027175903320312
2022-05-20,0.9026824235916138
2022-05-23,0.8829862475395203
2022-05-24,0.8866901397705078
2022-05-25,0.887570321559906
2022-05-26,0.8868261575698853
2022-05-27,0.8911238312721252
2022-05-30,0.9049572348594666
2022-05-31,1.0
2022-06-01,1.0108873844146729
2022-06-02,1.0258747339248657
2022-06-06,1.024267315864563
2022-06-07,1.0304155349731445
2022-06-08,1.018477439880371
2022-06-09,1.030200719833374
2022-06-10,1.0252676010131836
2022-06-13,1.0249875783920288
2022-06-14,1.0266845226287842
2022-06-15,1.0318104028701782
2022-06-16,1.0403894186019897
2022-06-17,1.0443485975265503
2022-06-20,1.039316177368164
2022-06-21,1.0261867046356201
2022-06-22,1.040837287902832
2022-06-23,1.0504223108291626
2022-06-24,1.0611711740493774
2022-06-27,1.075419545173645
2022-06-28,1.060225248336792
2022-06-29,1.0756571292877197
2022-06-30,1.0710465908050537
2022-07-01,1.0740731954574585
2022-07-04,1.0733345746994019
2022-07-05,1.0632444620132446
2022-07-06,1.0635422468185425
2022-07-07,1.0619688034057617
2022-07-08,1.048352599143982
2022-07-11,1.0355278253555298
2022-07-12,1.0357836484909058
2022-07-13,1.0397447347640991
2022-07-14,1.0304863452911377
2022-07-15,1.0362271070480347
2022-07-18,1.0341933965682983
2022-07-19,1.040841817855835
2022-07-20,1.038083791732788
2022-07-21,1.035624623298645
2022-07-22,1.0310550928115845
2022-07-25,1.0382932424545288
2022-07-26,1.0360993146896362
2022-07-27,1.0406744480133057
2022-07-28,1.0297374725341797
2022-07-29,1.0367119312286377
2022-08-01,1.0255146026611328
2022-08-02,1.024314284324646
2022-08-03,1.0320618152618408
2022-08-04,1.0538402795791626
2022-08-05,1.0508451461791992
2022-08-08,1.0535061359405518
2022-08-09,1.0457515716552734
2022-08-10,1.0605388879776
2022-08-11,1.0565829277038574
2022-08-12,1.055599570274353
2022-08-15,1.0540605783462524
2022-08-16,1.0580062866210938
2022-08-17,1.0553942918777466
2022-08-18,1.045712947845459
2022-08-19,1.0504988431930542
2022-08-22,1.0482802391052246
2022-08-23,1.0293221473693848
2022-08-24,1.0
2022-08-25,0.9983356595039368
2022-08-26,0.9829265475273132
2022-08-29,0.9833625555038452
2022-08-30,0.9778864979743958
2022-08-31,0.9713395833969116
2022-09-01,0.9703493118286133
2022-09-02,0.9668789505958557
2022-09-05,0.9742268323898315
2022-09-06,0.975694477558136
2022-09-07,0.9730254411697388
2022-09-08,0.9761106371879578
2022-09-09,0.9778923392295837
2022-09-13,0.9737120270729065
2022-09-14,0.9609007239341736
2022-09-15,0.9496796727180481
2022-09-16,0.9461604356765747
2022-09-19,0.948700487613678
2022-09-20,0.9419999718666077
2022-09-21,0.9373130202293396
2022-09-22,0.9321486949920654
2022-09-23,0.928608775138855
2022-09-26,0.9428273439407349
2022-09-27,0.9320103526115417
2022-09-28,0.9335351586341858
2022-09-29,0.9257667660713196
2022-09-30,0.9043002724647522
2022-10-10,0.902897834777832
2022-10-11,0.9161970615386963
2022-10-12,0.9141827821731567
2022-10-13,0.9298038482666016
2022-10-14,0.9317801594734192
2022-10-17,0.9294595718383789
2022-10-18,0.9191322326660156
2022-10-19,0.9224921464920044
2022-10-20,0.918534517288208
2022-10-21,0.9069614410400391
2022-10-24,0.9055829048156738
2022-10-25,0.9148882031440735
2022-10-26,0.9090099930763245
2022-10-27,0.8950538039207458
2022-10-28,0.897055447101593
2022-10-31,0.9164285659790039
2022-11-01,0.9226140379905701
2022-11-02,0.9239612221717834
2022-11-03,0.943540096282959
2022-11-04,0.942384660243988
2022-11-07,0.9363026022911072
2022-11-08,0.9323334097862244
2022-11-09,0.927192747592926
2022-11-10,0.938017725944519
2022-11-11,0.935613751411438
2022-11-14,0.9552326798439026
2022-11-15,0.948736846446991
2022-11-16,0.9523916244506836
2022-11-17,0.945815920829773
2022-11-18,0.9409727454185486
2022-11-21,0.9350785613059998
2022-11-22,0.9343277215957642
2022-11-23,0.931999146938324
2022-11-24,1.0
2022-11-25,0.9941850304603577
2022-11-28,1.006773829460144
2022-11-29,1.0047179460525513
2022-11-30,1.0151748657226562
2022-12-01,1.0147448778152466
2022-12-02,1.0186779499053955
2022-12-05,1.0216578245162964
2022-12-06,1.02009916305542
2022-12-07,1.0176866054534912
2022-12-08,1.023459553718567
2022-12-09,1.0234346389770508
2022-12-12,1.0192550420761108
2022-12-13,1.0218204259872437
2022-12-14,1.0224885940551758
2022-12-15,1.016662836074829
2022-12-16,1.0043936967849731
2022-12-19,0.9967114925384521
2022-12-20,0.9947696924209595
2022-12-21,0.9918248653411865
2022-12-22,0.9858261346817017
2022-12-23,0.9949595332145691
2022-12-26,1.0037389993667603
2022-12-27,0.9999873042106628
2022-12-28,0.9983367323875427
2022-12-29,1.0013338327407837
2022-12-30,1.006449580192566
2023-01-03,1.0051462650299072
2023-01-04,1.015426754951477
2023-01-05,1.015368103981018
2023-01-06,1.0210076570510864
2023-01-09,1.0233662128448486
2023-01-10,1.0183578729629517
2023-01-11,1.0171664953231812
2023-01-12,1.0241203308105469
2023-01-13,1.0361270904541016
2023-01-16,1.0408331155776978
2023-01-17,1.0398032665252686
2023-01-18,1.0481810569763184
2023-01-19,1.0528136491775513
2023-01-20,1.0551872253417969
2023-01-30,1.0441534519195557
2023-01-31,1.0534238815307617
2023-02-01,1.0584601163864136
2023-02-02,1.0534899234771729
2023-02-03,1.0428670644760132
2023-02-06,1.0413999557495117
2023-02-07,1.03573477268219
2023-02-08,1.0528043508529663
2023-02-09,1.0480324029922485
2023-02-10,1.0542020797729492
2023-02-13,1.052913784980774
2023-02-14,1.052169680595398
2023-02-15,1.0423742532730103
2023-02-16,1.0301514863967896
2023-02-17,1.0422616004943848
2023-02-20,1.0412724018096924
2023-02-21,1.0393593311309814
2023-02-22,1.0377684831619263
2023-02-23,1.0345187187194824
2023-02-24,1.0
2023-02-27,1.003756046295166
2023-02-28,1.0097781419754028
2023-03-01,1.0071077346801758
2023-03-02,1.0117998123168945
2023-03-03,1.0137548446655273
2023-03-06,1.0027748346328735
2023-03-07,0.9996698498725891
2023-03-08,1.0001816749572754
2023-03-09,0.9953686594963074
2023-03-10,1.0019360780715942
2023-03-13,1.0074492692947388
2023-03-14,1.006337285041809
2023-03-15,1.0013436079025269
2023-03-16,1.0080673694610596
2023-03-17,1.0164562463760376
2023-03-20,1.0194203853607178
2023-03-21,1.0179147720336914
2023-03-22,1.0296189785003662
2023-03-23,1.0306549072265625
2023-03-24,1.0251401662826538
2023-03-27,1.0197596549987793
2023-03-28,1.0261026620864868
2023-03-29,1.0321441888809204
2023-03-30,1.038692831993103
2023-03-31,1.047811508178711
2023-04-03,1.0545730590820312
2023-04-04,1.0627177953720093
2023-04-06,1.0671652555465698
2023-04-07,1.0552160739898682
2023-04-10,1.0544241666793823
2023-04-11,1.0574142932891846
2023-04-12,1.0488224029541016
2023-04-13,1.0597156286239624
2023-04-14,1.0614311695098877
2023-04-17,1.0576105117797852
2023-04-18,1.0545743703842163
2023-04-19,1.058825969696045
2023-04-20,1.0398114919662476
2023-04-21,1.0289312601089478
2023-04-24,1.0244781970977783
2023-04-25,1.0218526124954224
2023-04-26,1.0253536701202393
2023-04-27,1.031901478767395
2023-04-28,1.0315457582473755
2023-05-04,1.0290558338165283
2023-05-05,1.0295964479446411
2023-05-08,1.0225400924682617
2023-05-09,1.0195186138153076
2023-05-10,1.0191359519958496
2023-05-11,1.0102038383483887
2023-05-12,1.0186655521392822
2023-05-15,1.0167127847671509
2023-05-16,1.0146578550338745
2023-05-17,1.0142768621444702
2023-05-18,1.0167737007141113
2023-05-19,1.0182905197143555
2023-05-22,1.008504867553711
2023-05-23,1.0038645267486572
2023-05-24,1.003563642501831
2023-05-25,1.0
2023-05-26,0.9983842968940735
2023-05-29,0.9988217949867249
2023-05-30,1.001068115234375
2023-05-31,1.002384066581726
2023-06-01,1.0080581903457642
2023-06-02,1.002029538154602
2023-06-05,0.9945995211601257
2023-06-06,0.9939967393875122
2023-06-07,0.991125762462616
2023-06-08,0.998310923576355
2023-06-09,1.0021175146102905
2023-06-12,1.0084465742111206
2023-06-13,1.0087287425994873
2023-06-14,1.010989785194397
2023-06-15,1.017722725868225
2023-06-16,1.016028881072998
2023-06-19,1.0150210857391357
2023-06-20,1.0007985830307007
2023-06-21,0.9928901195526123
2023-06-26,0.9953857660293579
2023-06-27,0.9947680830955505
2023-06-28,0.9920483827590942
2023-06-29,0.9969866275787354
2023-06-30,1.0025999546051025
2023-07-03,1.006852626800537
2023-07-04,1.001436471939087
2023-07-05,0.9983190298080444
2023-07-06,0.995040237903595
2023-07-07,0.997653603553772
2023-07-10,1.0027862787246704
2023-07-11,0.9969066977500916
2023-07-12,1.0090187788009644
2023-07-13,1.0060824155807495
2023-07-14,1.0043505430221558
2023-07-17,1.0037297010421753
2023-07-18,1.0051450729370117
2023-07-19,0.9997686147689819
2023-07-20,1.00018310546875
2023-07-21,0.9957898259162903
2023-07-24,1.0064235925674438
2023-07-25,1.0068110227584839
2023-07-26,1.005035161972046
2023-07-27,1.0109258890151978
2023-07-28,1.0155826807022095
2023-07-31,1.0147877931594849
2023-08-01,1.0127038955688477
2023-08-02,1.014258623123169
2023-08-03,1.0156042575836182
2023-08-04,1.0118967294692993
2023-08-07,1.010555386543274
2023-08-08,1.0071523189544678
2023-08-09,1.0063707828521729
2023-08-10,0.9957356452941895
2023-08-11,0.9925219416618347
2023-08-14,0.9886910319328308
2023-08-15,0.9829899072647095
2023-08-16,0.9879682660102844
2023-08-17,0.9794490933418274
2023-08-18,0.9738879203796387
2023-08-21,1.0
2023-08-22,0.9898675084114075
2023-08-23,0.9969398975372314
2023-08-24,0.9891390800476074
2023-08-25,0.9946110248565674
2023-08-28,1.0095840692520142
2023-08-29,1.015099048614502
2023-08-30,1.0150089263916016
2023-08-31,1.0153025388717651
2023-09-01,1.024765968322754
2023-09-04,1.0197774171829224
2023-09-05,1.0211210250854492
2023-09-06,1.0065670013427734
2023-09-07,1.0074172019958496
2023-09-08,1.012948751449585
2023-09-11,1.011236310005188
2023-09-12,1.0055582523345947
2023-09-13,1.0043246746063232
2023-09-14,1.0024676322937012
2023-09-15,1.0006215572357178
2023-09-18,0.9995587468147278
2023-09-19,0.9958956241607666
2023-09-20,0.9894917011260986
2023-09-21,1.0027623176574707
2023-09-22,0.9977010488510132
2023-09-25,0.9942269921302795
2023-09-26,0.9951459765434265
2023-09-27,0.9936627149581909
2023-09-28,0.9911469221115112
2023-10-09,0.9874333143234253
2023-10-10,0.9908025860786438
2023-10-11,0.9960070848464966
2023-10-12,0.9911760687828064
2023-10-13,0.9831060171127319
2023-10-16,0.9874088168144226
2023-10-17,0.9826019406318665
2023-10-18,0.9758696556091309
2023-10-19,0.9718719720840454
2023-10-20,0.9591736793518066
2023-10-23,0.9654901623725891
2023-10-24,0.9695537090301514
2023-10-25,0.9734968543052673
2023-10-26,0.9864174723625183
2023-10-27,0.9986447095870972
2023-10-30,0.9988694787025452
2023-10-31,0.998089075088501
2023-11-01,0.9925380349159241
2023-11-02,1.0003024339675903
2023-11-03,1.0079904794692993
2023-11-06,1.0070183277130127
2023-11-07,1.0066747665405273
2023-11-08,1.002327799797058
2023-11-09,1.0004605054855347
2023-11-10,1.000627875328064
2023-11-13,1.004898190498352
2023-11-14,1.0071308612823486
2023-11-15,0.9981979727745056
2023-11-16,0.9997631311416626
2023-11-17,0.9984526634216309
2023-11-20,0.9973658919334412
2023-11-21,1.0
2023-11-22,1.0038673877716064
2023-11-23,0.9981837868690491
2023-11-24,1.0000309944152832
2023-11-27,1.0010547637939453
2023-11-28,0.9990230202674866
2023-11-29,0.9994826912879944
2023-11-30,0.9987069368362427
2023-12-01,0.9954962134361267
2023-12-04,0.9787799119949341
2023-12-05,0.980312168598175
2023-12-06,0.9776225090026855
2023-12-07,0.9834352731704712
2023-12-08,0.9896618127822876
2023-12-11,0.9889755845069885
2023-12-12,0.9781849384307861
2023-12-13,0.9765669107437134
2023-12-14,0.9736779928207397
2023-12-15,0.9677739143371582
2023-12-18,0.9708495140075684
2023-12-19,0.9633592367172241
2023-12-20,0.970087468624115
2023-12-21,0.9690039157867432
2023-12-22,0.9679884910583496
2023-12-25,0.9603609442710876
2023-12-26,0.9659056067466736
2023-12-27,0.9825159311294556
2023-12-28,0.9841400980949402
2023-12-29,0.9759674072265625
2024-01-02,0.9692646265029907
2024-01-03,0.9615927338600159
2024-01-04,0.9547345638275146
2024-01-05,0.9389729499816895
2024-01-08,0.9404144287109375
2024-01-09,0.9371910095214844
2024-01-10,0.9439012408256531
2024-01-11,0.9393123984336853
2024-01-12,0.9385873079299927
2024-01-15,0.9402923583984375
2024-01-16,0.9227114319801331
2024-01-17,0.9268238544464111
2024-01-18,0.9256907105445862
2024-01-19,0.9038658142089844
2024-01-22,0.9104762077331543
2024-01-23,0.9154970049858093
2024-01-24,0.9289557337760925
2024-01-25,0.9212517738342285
2024-01-26,0.9120252132415771
2024-01-29,0.8956729769706726
2024-01-30,0.8854164481163025
2024-01-31,0.886897087097168
2024-02-01,0.8743047118186951
2024-02-02,0.8718501925468445
2024-02-05,0.904617965221405
2024-02-06,0.9205754399299622
2024-02-07,0.9284510016441345
2024-02-08,0.932931661605835
2024-02-19,0.9302292466163635
2024-02-20,0.9389874935150146
2024-02-21,0.9449118375778198
2024-02-22,1.0
2024-02-23,0.9983726143836975
2024-02-26,1.010954737663269
2024-02-27,0.9982144832611084
2024-02-28,1.0177271366119385
2024-02-29,1.0232597589492798
2024-03-01,1.0262365341186523
2024-03-04,1.033639907836914
2024-03-05,1.0306771993637085
2024-03-06,1.02725350856781
2024-03-07,1.031105399131775
2024-03-08,1.0425113439559937
2024-03-11,1.0464298725128174
2024-03-12,1.0420057773590088
2024-03-13,1.0379749536514282
2024-03-14,1.0420564413070679
2024-03-15,1.0481833219528198
2024-03-18,1.0462558269500732
2024-03-19,1.0465468168258667
2024-03-20,1.0526418685913086
2024-03-21,1.042107343673706
2024-03-22,1.0361082553863525
2024-03-25,1.0363965034484863
2024-03-26,1.0268434286117554
2024-03-27,1.033787488937378
2024-03-28,1.0422122478485107
2024-03-29,1.0546783208847046
2024-04-01,1.0501402616500854
2024-04-02,1.05247962474823
2024-04-03,1.0478674173355103
2024-04-08,1.0507546663284302
2024-04-09,1.0424444675445557
2024-04-10,1.0404393672943115
2024-04-11,1.0452079772949219
2024-04-12,1.053672194480896
2024-04-15,1.0446313619613647
2024-04-16,1.056740403175354
2024-04-17,1.0557583570480347
2024-04-18,1.0484898090362549
2024-04-19,1.0456739664077759
2024-04-22,1.0364240407943726
2024-04-23,1.0434086322784424
2024-04-24,1.04306161403656
2024-04-25,1.0574156045913696
2024-04-26,1.0669586658477783
2024-04-29,1.0628178119659424
2024-04-30,1.070963978767395
2024-05-06,1.070678949356079
2024-05-07,1.0653210878372192
2024-05-08,1.0730278491973877
2024-05-09,1.0750890970230103
2024-05-10,1.070110559463501
2024-05-13,1.0692100524902344
2024-05-14,1.0648727416992188
2024-05-15,1.0684374570846558
2024-05-16,1.0750148296356201
2024-05-17,1.084950566291809
2024-05-20,1.078235387802124
2024-05-21,1.0792516469955444
2024-05-22,1.063907265663147
2024-05-23,1.0
2024-05-24,1.00896155834198
2024-05-27,1.003821611404419
2024-05-28,1.0046775341033936
2024-05-29,1.0031590461730957
2024-05-30,1.0023748874664307
2024-05-31,1.0033923387527466
2024-06-03,1.0098470449447632
2024-06-04,1.0062263011932373
2024-06-05,1.0050629377365112
2024-06-06,1.0010621547698975
2024-06-07,0.9975048899650574
2024-06-11,0.9979221224784851
2024-06-12,0.9951481819152832
2024-06-13,0.9977057576179504
2024-06-14,0.9986178874969482
2024-06-17,0.9984992742538452
2024-06-18,0.9956021308898926
2024-06-19,0.9940824508666992
2024-06-20,0.9953830242156982
2024-06-21,0.9822607040405273
2024-06-24,0.9724146127700806
2024-06-25,0.9795888662338257
2024-06-26,0.9705249667167664
2024-06-27,0.9717106223106384
2024-06-28,0.9736031889915466
2024-07-01,0.9695788621902466
2024-07-02,0.9699976444244385
2024-07-03,0.9639339447021484
2024-07-04,0.9647029042243958
2024-07-05,0.9578832983970642
2024-07-08,0.9687283635139465
2024-07-09,0.9686762690544128
2024-07-10,0.9804839491844177
2024-07-11,0.9824292063713074
2024-07-12,0.9835317134857178
2024-07-15,0.9928224086761475
2024-07-16,0.9958310723304749
2024-07-17,0.9992726445198059
2024-07-18,1.0028636455535889
2024-07-19,0.9984798431396484
2024-07-22,0.9762657284736633
2024-07-23,0.9718471765518188
2024-07-24,0.9660621881484985
2024-07-25,0.9710813760757446
2024-07-26,0.9643144607543945
2024-07-29,0.9643591642379761
2024-07-30,0.9879006743431091
2024-07-31,0.983718991279602
2024-08-01,0.9764941334724426
2024-08-02,0.9625310301780701
2024-08-05,0.9648807048797607
2024-08-06,0.9623832702636719
2024-08-07,0.9655194878578186
2024-08-08,0.9638788104057312
2024-08-09,0.9643034934997559
2024-08-12,0.9669700860977173
2024-08-13,0.9586261510848999
2024-08-14,0.963884711265564
2024-08-15,0.9616714119911194
2024-08-16,1.0
2024-08-19,0.9908952713012695
2024-08-20,0.9882237911224365
2024-08-21,0.9812636971473694
2024-08-22,0.9808179140090942
2024-08-23,0.9802948832511902
2024-08-26,0.9730538129806519
2024-08-27,0.9700906872749329
2024-08-28,0.9757352471351624
2024-08-29,0.9896770715713501
2024-08-30,0.9710171818733215
2024-09-02,0.9763614535331726
2024-09-03,0.9711592197418213
2024-09-04,0.9738950133323669
2024-09-05,0.9661852717399597
2024-09-06,0.9589429497718811
2024-09-09,0.9623240232467651
2024-09-10,0.9633461833000183
2024-09-11,0.9567660689353943
2024-09-12,0.9528260827064514
2024-09-13,0.9497597813606262
2024-09-18,0.9575564861297607
2024-09-19,0.956647515296936
2024-09-20,0.9559721350669861
2024-09-23,0.983981192111969
2024-09-24,0.9903929233551025
2024-09-25,1.0267788171768188
2024-09-26,1.0794192552566528
2024-09-27,1.166373372077942
2024-09-30,1.2304750680923462
2024-10-08,1.1979485750198364
2024-10-09,1.1870869398117065
2024-10-10,1.1498029232025146
2024-10-11,1.1691030263900757
2024-10-14,1.147969126701355
2024-10-15,1.138197898864746
2024-10-16,1.1346510648727417
2024-10-17,1.192461609840393
2024-10-18,1.2052843570709229
2024-10-21,1.2041338682174683
2024-10-22,1.203674554824829
2024-10-23,1.195979118347168
2024-10-24,1.2049812078475952
2024-10-25,1.208823561668396
2024-10-28,1.2019833326339722
2024-10-29,1.194372296333313
2024-10-30,1.2008799314498901
2024-10-31,1.188902735710144
2024-11-01,1.1999503374099731
2024-11-04,1.229601502418518
2024-11-05,1.2300502061843872
2024-11-06,1.2571728229522705
2024-11-07,1.2510415315628052
2024-11-08,1.2749416828155518
2024-11-11,1.2588136196136475
2024-11-12,1.2621690034866333
2024-11-13,1.2363768815994263
2024-11-14,1.2121167182922363
2024-11-15,1.2010895013809204
2024-11-18,1.2187472581863403
2024-11-19,1.0
2024-11-20,1.003612756729126
2024-11-21,0.9807627201080322
2024-11-22,0.9740939736366272
2024-11-25,0.9705649018287659
2024-11-26,0.9865517020225525
2024-11-27,0.9816626906394958
2024-11-28,0.993841290473938
2024-11-29,0.9993364214897156
2024-12-02,0.997618556022644
2024-12-03,0.9945895671844482
2024-12-04,0.9940438866615295
2024-12-05,1.0013542175292969
2024-12-06,0.9971854090690613
2024-12-09,1.0049728155136108
2024-12-10,1.0077036619186401
2024-12-11,1.0162395238876343
2024-12-12,1.001633882522583
2024-12-13,0.9925345182418823
2024-12-16,0.9899995923042297
2024-12-17,0.995838463306427
2024-12-18,0.9982519149780273
2024-12-19,1.0046651363372803
2024-12-20,1.0008666515350342
2024-12-23,1.007947564125061
2024-12-24,1.0073120594024658
2024-12-25,1.0112346410751343
2024-12-26,1.010792851448059
2024-12-27,1.0109606981277466
2024-12-30,0.9955012798309326
2024-12-31,0.9762102961540222
2025-01-02,0.9679857492446899
2025-01-03,0.9635481238365173
2025-01-06,0.9751093983650208
2025-01-07,0.9747517108917236
2025-01-08,0.9744241237640381
2025-01-09,0.9683376550674438
2025-01-10,0.9674780368804932
2025-01-13,0.9861243963241577
2025-01-14,0.982873260974884
2025-01-15,0.9753314852714539
2025-01-16,0.9821599125862122
2025-01-17,0.9836094975471497
2025-01-20,0.9858511686325073
2025-01-21,0.9823083877563477
2025-01-22,0.979836642742157
2025-01-23,0.9853533506393433
2025-01-24,0.9773706197738647
2025-01-27,0.9871924519538879
2025-02-05,1.0003219842910767
2025-02-06,1.008714199066162
2025-02-07,1.0154027938842773
2025-02-10,1.0111581087112427
2025-02-11,1.021515965461731
2025-02-12,1.0171068906784058
2025-02-13,1.020992398262024
2025-02-14,1.0225542783737183
2025-02-17,1.0120534896850586
2025-02-18,1.0257729291915894
2025-02-19,1.024446725845337
2025-02-20,1.0
2025-02-21,1.000661015510559
2025-02-24,0.9952102303504944
2025-02-25,1.002759575843811
2025-02-26,1.0029860734939575
2025-02-27,0.9838285446166992
2025-02-28,0.9799310564994812
2025-03-03,0.986271321773529
2025-03-04,0.9889243245124817
2025-03-05,1.0024453401565552
2025-03-06,0.9982252717018127
2025-03-07,0.9968929886817932
2025-03-10,0.9971553683280945
2025-03-11,0.9957232475280762
2025-03-12,0.988342821598053
2025-03-13,1.0062073469161987
2025-03-14,1.0039916038513184
2025-03-17,1.0064733028411865
2025-03-18,1.0039052963256836
2025-03-19,0.9987143874168396
2025-03-20,0.986222505569458
2025-03-21,0.9887756109237671
2025-03-24,0.9840931296348572
2025-03-25,0.9841750264167786
2025-03-26,0.9884568452835083
2025-03-27,0.9856173992156982
2025-03-28,0.9826791882514954
2025-03-31,0.9859529137611389
2025-04-01,0.9846901297569275
2025-04-02,0.9867004752159119
2025-04-03,0.9338698387145996
2025-04-07,0.9434938430786133
2025-04-08,0.9634387493133545
2025-04-09,0.9745187759399414
2025-04-10,0.9846954345703125
2025-04-11,0.986855685710907
2025-04-14,0.9835135340690613
2025-04-15,0.9900364279747009
2025-04-16,0.9931629300117493
2025-04-17,0.9909758567810059
2025-04-18,0.9979292154312134
2025-04-21,1.0033987760543823
2025-04-22,0.9909428358078003
2025-04-23,0.9892429113388062
2025-04-24,0.9881623387336731
2025-04-25,0.9856541156768799
2025-04-28,0.9883074760437012
2025-04-29,0.9903489947319031
2025-04-30,1.0015887022018433
2025-05-06,1.0040844678878784
2025-05-07,1.0017201900482178
2025-05-08,0.9947119951248169
2025-05-09,0.9951804876327515
2025-05-12,0.9926518797874451
2025-05-13,0.9959240555763245
2025-05-14,0.9828970432281494
2025-05-15,0.9821314811706543
2025-05-16,0.9836963415145874
2025-05-19,0.9863717555999756
2025-05-20,0.9911602735519409
2025-05-21,1.0
2025-05-22,0.9945223927497864
2025-05-23,0.9953982830047607
2025-05-26,0.9885818362236023
2025-05-27,0.9868768453598022
2025-05-28,0.991418182849884
2025-05-29,0.9896546006202698
2025-05-30,0.9959052205085754
2025-06-03,0.9988703727722168
2025-06-04,1.0035141706466675
2025-06-05,1.0031832456588745
2025-06-06,1.00223708152771
2025-06-09,0.9940685033798218
2025-06-10,0.9965919852256775
2025-06-11,0.9963926076889038
2025-06-12,0.9951761364936829
2025-06-13,0.9946540594100952
2025-06-16,0.9899197816848755
2025-06-17,0.9903526306152344
2025-06-18,0.985647439956665
2025-06-19,0.9828364253044128
2025-06-20,0.9868141412734985
2025-06-23,0.9931966662406921
2025-06-24,1.0035500526428223
2025-06-25,1.0005019903182983
2025-06-26,0.9982877969741821
2025-06-27,1.003347635269165
2025-06-30,1.0048726797103882
2025-07-01,0.9999504089355469
2025-07-02,1.0034936666488647
2025-07-03,1.0022146701812744
2025-07-04,0.9983420968055725
2025-07-07,1.0067107677459717
2025-07-08,1.0019123554229736
2025-07-09,1.0039584636688232
2025-07-10,1.0102238655090332
2025-07-11,1.0107672214508057
2025-07-14,1.0094974040985107
2025-07-15,1.0095446109771729
2025-07-16,1.0148850679397583
2025-07-17,1.0182474851608276
2025-07-18,1.022207498550415
2025-07-21,1.0292025804519653
2025-07-22,1.0316650867462158
2025-07-23,1.035319447517395
2025-07-24,1.0390543937683105
2025-07-25,1.0394037961959839
2025-07-28,1.0427393913269043
2025-07-29,1.0402368307113647
2025-07-30,1.0293147563934326
2025-07-31,1.025917649269104
2025-08-01,1.033365249633789
2025-08-04,1.037745475769043
2025-08-05,1.0415886640548706
2025-08-06,1.0415247678756714
2025-08-07,1.036968469619751
2025-08-08,1.0398521423339844
2025-08-11,1.0469342470169067
2025-08-12,1.0529406070709229
2025-08-13,1.0543854236602783
2025-08-14,1.0
2025-08-15,1.0078800916671753
2025-08-18,1.004323124885559
2025-08-19,1.0183299779891968
2025-08-20,1.0199202299118042
2025-08-21,1.0516908168792725
2025-08-22,1.0701721906661987
2025-08-25,1.0679377317428589
2025-08-26,1.0605194568634033
2025-08-27,1.0865707397460938
2025-08-28,1.087315559387207
2025-08-29,1.0965074300765991
2025-09-01,1.08401620388031
2025-09-02,1.0728247165679932
2025-09-03,1.0486613512039185
2025-09-04,1.0670807361602783
2025-09-05,1.0736438035964966
2025-09-08,1.068828821182251
2025-09-09,1.071185827255249
2025-09-10,1.0962796211242676
2025-09-11,1.0964467525482178
2025-09-12,1.0981266498565674
2025-09-15,1.1024973392486572
2025-09-16,1.1050845384597778
2025-09-17,1.0999146699905396
2025-09-18,1.0965338945388794
2025-09-19,1.1077005863189697
2025-09-22,1.1042983531951904
2025-09-23,1.120972990989685
2025-09-24,1.1219326257705688
2025-09-25,1.1149688959121704
2025-09-26,1.1269867420196533
2025-09-29,1.134682297706604
2025-09-30,1.1541869640350342
2025-10-09,1.1308327913284302
2025-10-10,1.1359906196594238
2025-10-13,1.1230837106704712
2025-10-14,1.1359279155731201
2025-10-15,1.1345138549804688
2025-10-16,1.120937705039978
2025-10-17,1.1167558431625366
2025-10-20,1.133443832397461
2025-10-21,1.123009443283081
2025-10-22,1.1213005781173706
2025-10-23,1.1341443061828613
2025-10-24,1.1434749364852905
2025-10-27,1.1328048706054688
2025-10-28,1.1422685384750366
2025-10-29,1.1334850788116455
2025-10-30,1.1243699789047241
2025-10-31,1.1218267679214478
2025-11-03,1.1125702857971191
2025-11-04,1.111904263496399
2025-11-05,1.1267117261886597
2025-11-06,1.123286485671997
2025-11-07,1.1313365697860718
2025-11-10,1.127134919166565
2025-11-11,1.124876618385315
2025-11-12,1.1357085704803467
2025-11-13,1.1192823648452759
2025-11-14,1.0
2025-11-17,0.9982234835624695
2025-11-18,0.9991282224655151
2025-11-19,0.9917999505996704
2025-11-20,0.9719141721725464
2025-11-21,0.9750439524650574
2025-11-24,0.9831410646438599
2025-11-25,0.9872637987136841
2025-11-26,0.9872304201126099
2025-11-27,0.9940453171730042
2025-11-28,1.0019490718841553
2025-12-01,0.9938892126083374
2025-12-02,0.9887503981590271
2025-12-03,0.9921650290489197
2025-12-04,0.9961184859275818
2025-12-05,1.0019291639328003
2025-12-08,0.9966915249824524
2025-12-09,0.9987415671348572
2025-12-10,0.991415798664093
2025-12-11,1.0016255378723145
2025-12-12,0.9973598718643188
2025-12-15,0.985973060131073
2025-12-16,1.0000672340393066
2025-12-17,0.9946750998497009
2025-12-18,0.9988660216331482
2025-12-19,1.012007713317871
2025-12-22,1.015450119972229
2025-12-23,1.0199458599090576
2025-12-24,1.0198047161102295
2025-12-25,1.019606351852417
2025-12-26,1.0160465240478516
2025-12-29,1.0157994031906128
2025-12-30,1.0090152025222778
2025-12-31,1.0335140228271484
2026-01-05,1.0469021797180176
2026-01-06,1.0490553379058838
2026-01-07,1.0485550165176392
2026-01-08,1.057211995124817
2026-01-09,1.0727901458740234
2026-01-12,1.0593303442001343
2026-01-13,1.0669227838516235
2026-01-14,1.0661004781723022
2026-01-15,1.069985032081604
2026-01-16,1.0710619688034058
2026-01-19,1.0689523220062256
2026-01-20,1.0880204439163208
2026-01-21,1.0862336158752441
2026-01-22,1.0953339338302612
2026-01-23,1.0938465595245361
2026-01-26,1.0956377983093262
2026-01-27,1.1057177782058716
2026-01-28,1.1191306114196777
2026-01-29,1.0964882373809814
2026-01-30,1.0545378923416138
2026-02-02,1.0762240886688232
2026-02-03,1.086421251296997
2026-02-04,1.0745280981063843
2026-02-05,1.0650653839111328
2026-02-06,1.086325764656067
2026-02-09,1.0847245454788208
2026-02-10,1.0
2026-02-11,1.004753589630127
2026-02-12,0.9974210262298584
2026-02-13,1.0044307708740234
2026-02-24,1.0097287893295288
2026-02-25,1.0114129781723022
2026-02-26,1.0132454633712769
2026-02-27,1.0146663188934326
2026-03-02,0.9887760281562805
2026-03-03,0.9796674847602844
2026-03-04,0.9862120151519775
2026-03-05,0.9903230667114258
2026-03-06,0.9815988540649414
2026-03-09,0.9929373264312744
2026-03-10,0.991235077381134
2026-03-11,0.986583411693573
2026-03-12,0.9810822010040283
2026-03-13,0.983197808265686
2026-03-16,0.9716762900352478
2026-03-17,0.9765873551368713
2026-03-18,0.9556620121002197
2026-03-19,0.9437856078147888
2026-03-20,0.9033968448638916
2026-03-23,0.9182825088500977
2026-03-24,0.9339370727539062
2026-03-25,0.9203380942344666
2026-03-26,0.9271677136421204
2026-03-27,0.9284986853599548
2026-03-30,0.9156502485275269
2026-03-31,0.9342514276504517
2026-04-01,0.9202213287353516
2026-04-02,0.9167233109474182
2026-04-03,0.9204067587852478
2026-04-07,0.9538534879684448
2026-04-08,0.946224570274353
2026-04-09,0.9539206027984619
2026-04-10,0.9555954337120056
2026-04-13,0.9681391716003418
2026-04-14,0.9672978520393372
2026-04-15,0.9749017953872681
2026-04-16,0.9734480977058411
2026-04-17,0.9803833365440369
2026-04-20,0.9758707880973816
2026-04-21,0.9840769171714783
2026-04-22,0.9770803451538086
2026-04-23,0.9790259599685669
2026-04-24,0.9916503429412842
2026-04-27,0.983768105506897
2026-04-28,0.9888489246368408
2026-04-29,1.004457950592041
2026-04-30,1.0275472402572632
2026-05-06,1.0356688499450684
2026-05-07,1.0258409976959229
2026-05-08,1.0455322265625
2026-05-11,1.0442613363265991
2026-05-12,1.0545642375946045
2026-05-13,1.04060959815979
2026-05-14,1.0271466970443726
2026-05-15,1.0275676250457764
2026-05-18,1.040190577507019
2026-05-19,1.0501714944839478
