date,year,month,north_net,north_20d_sum
2015-01-05,2015,1,,
2015-01-06,2015,1,,
2015-01-07,2015,1,,
2015-01-08,2015,1,,
2015-01-09,2015,1,,
2015-01-12,2015,1,,
2015-01-13,2015,1,,
2015-01-14,2015,1,,
2015-01-15,2015,1,,
2015-01-16,2015,1,,
2015-01-19,2015,1,,
2015-01-20,2015,1,,
2015-01-21,2015,1,,
2015-01-22,2015,1,,
2015-01-23,2015,1,,
2015-01-26,2015,1,,
2015-01-27,2015,1,,
2015-01-28,2015,1,,
2015-01-29,2015,1,,
2015-01-30,2015,1,,
2015-02-02,2015,2,,
2015-02-03,2015,2,,
2015-02-04,2015,2,,
2015-02-05,2015,2,,
2015-02-06,2015,2,,
2015-02-09,2015,2,,
2015-02-10,2015,2,,
2015-02-11,2015,2,,
2015-02-12,2015,2,,
2015-02-13,2015,2,,
2015-02-16,2015,2,,
2015-02-17,2015,2,,
2015-02-25,2015,2,,
2015-02-26,2015,2,,
2015-02-27,2015,2,,
2015-03-02,2015,3,,
2015-03-03,2015,3,,
2015-03-04,2015,3,,
2015-03-05,2015,3,,
2015-03-06,2015,3,,
2015-03-09,2015,3,,
2015-03-10,2015,3,,
2015-03-11,2015,3,,
2015-03-12,2015,3,,
2015-03-13,2015,3,,
2015-03-16,2015,3,,
2015-03-17,2015,3,,
2015-03-18,2015,3,,
2015-03-19,2015,3,,
2015-03-20,2015,3,,
2015-03-23,2015,3,,
2015-03-24,2015,3,,
2015-03-25,2015,3,,
2015-03-26,2015,3,,
2015-03-27,2015,3,,
2015-03-30,2015,3,,
2015-03-31,2015,3,,
2015-04-01,2015,4,,
2015-04-02,2015,4,,
2015-04-03,2015,4,,
2015-04-07,2015,4,,
2015-04-08,2015,4,,
2015-04-09,2015,4,,
2015-04-10,2015,4,,
2015-04-13,2015,4,,
2015-04-14,2015,4,,
2015-04-15,2015,4,,
2015-04-16,2015,4,,
2015-04-17,2015,4,,
2015-04-20,2015,4,,
2015-04-21,2015,4,,
2015-04-22,2015,4,,
2015-04-23,2015,4,,
2015-04-24,2015,4,,
2015-04-27,2015,4,,
2015-04-28,2015,4,,
2015-04-29,2015,4,,
2015-04-30,2015,4,,
2015-05-04,2015,5,,
2015-05-05,2015,5,,
2015-05-06,2015,5,,
2015-05-07,2015,5,,
2015-05-08,2015,5,,
2015-05-11,2015,5,,
2015-05-12,2015,5,,
2015-05-13,2015,5,,
2015-05-14,2015,5,,
2015-05-15,2015,5,,
2015-05-18,2015,5,,
2015-05-19,2015,5,,
2015-05-20,2015,5,,
2015-05-21,2015,5,,
2015-05-22,2015,5,,
2015-05-25,2015,5,,
2015-05-26,2015,5,,
2015-05-27,2015,5,,
2015-05-28,2015,5,,
2015-05-29,2015,5,,
2015-06-01,2015,6,,
2015-06-02,2015,6,,
2015-06-03,2015,6,,
2015-06-04,2015,6,,
2015-06-05,2015,6,,
2015-06-08,2015,6,,
2015-06-09,2015,6,,
2015-06-10,2015,6,,
2015-06-11,2015,6,,
2015-06-12,2015,6,,
2015-06-15,2015,6,,
2015-06-16,2015,6,,
2015-06-17,2015,6,,
2015-06-18,2015,6,,
2015-06-19,2015,6,,
2015-06-23,2015,6,,
2015-06-24,2015,6,,
2015-06-25,2015,6,,
2015-06-26,2015,6,,
2015-06-29,2015,6,,
2015-06-30,2015,6,,
2015-07-01,2015,7,,
2015-07-02,2015,7,,
2015-07-03,2015,7,,
2015-07-06,2015,7,,
2015-07-07,2015,7,,
2015-07-08,2015,7,,
2015-07-09,2015,7,,
2015-07-10,2015,7,,
2015-07-13,2015,7,,
2015-07-14,2015,7,,
2015-07-15,2015,7,,
2015-07-16,2015,7,,
2015-07-17,2015,7,,
2015-07-20,2015,7,,
2015-07-21,2015,7,,
2015-07-22,2015,7,,
2015-07-23,2015,7,,
2015-07-24,2015,7,,
2015-07-27,2015,7,,
2015-07-28,2015,7,,
2015-07-29,2015,7,,
2015-07-30,2015,7,,
2015-07-31,2015,7,,
2015-08-03,2015,8,,
2015-08-04,2015,8,,
2015-08-05,2015,8,,
2015-08-06,2015,8,,
2015-08-07,2015,8,,
2015-08-10,2015,8,,
2015-08-11,2015,8,,
2015-08-12,2015,8,,
2015-08-13,2015,8,,
2015-08-14,2015,8,,
2015-08-17,2015,8,,
2015-08-18,2015,8,,
2015-08-19,2015,8,,
2015-08-20,2015,8,,
2015-08-21,2015,8,,
2015-08-24,2015,8,,
2015-08-25,2015,8,,
2015-08-26,2015,8,,
2015-08-27,2015,8,,
2015-08-28,2015,8,,
2015-08-31,2015,8,,
2015-09-01,2015,9,,
2015-09-02,2015,9,,
2015-09-07,2015,9,,
2015-09-08,2015,9,,
2015-09-09,2015,9,,
2015-09-10,2015,9,,
2015-09-11,2015,9,,
2015-09-14,2015,9,,
2015-09-15,2015,9,,
2015-09-16,2015,9,,
2015-09-17,2015,9,,
2015-09-18,2015,9,,
2015-09-21,2015,9,,
2015-09-22,2015,9,,
2015-09-23,2015,9,,
2015-09-24,2015,9,,
2015-09-25,2015,9,,
2015-09-28,2015,9,,
2015-09-29,2015,9,,
2015-09-30,2015,9,,
2015-10-08,2015,10,,
2015-10-09,2015,10,,
2015-10-12,2015,10,,
2015-10-13,2015,10,,
2015-10-14,2015,10,,
2015-10-15,2015,10,,
2015-10-16,2015,10,,
2015-10-19,2015,10,,
2015-10-20,2015,10,,
2015-10-21,2015,10,,
2015-10-22,2015,10,,
2015-10-23,2015,10,,
2015-10-26,2015,10,,
2015-10-27,2015,10,,
2015-10-28,2015,10,,
2015-10-29,2015,10,,
2015-10-30,2015,10,,
2015-11-02,2015,11,,
2015-11-03,2015,11,,
2015-11-04,2015,11,,
2015-11-05,2015,11,,
2015-11-06,2015,11,,
2015-11-09,2015,11,,
2015-11-10,2015,11,,
2015-11-11,2015,11,,
2015-11-12,2015,11,,
2015-11-13,2015,11,,
2015-11-16,2015,11,,
2015-11-17,2015,11,,
2015-11-18,2015,11,,
2015-11-19,2015,11,,
2015-11-20,2015,11,,
2015-11-23,2015,11,,
2015-11-24,2015,11,,
2015-11-25,2015,11,,
2015-11-26,2015,11,,
2015-11-27,2015,11,,
2015-11-30,2015,11,,
2015-12-01,2015,12,,
2015-12-02,2015,12,,
2015-12-03,2015,12,,
2015-12-04,2015,12,,
2015-12-07,2015,12,,
2015-12-08,2015,12,,
2015-12-09,2015,12,,
2015-12-10,2015,12,,
2015-12-11,2015,12,,
2015-12-14,2015,12,,
2015-12-15,2015,12,,
2015-12-16,2015,12,,
2015-12-17,2015,12,,
2015-12-18,2015,12,,
2015-12-21,2015,12,,
2015-12-22,2015,12,,
2015-12-23,2015,12,,
2015-12-24,2015,12,,
2015-12-25,2015,12,,
2015-12-28,2015,12,,
2015-12-29,2015,12,,
2015-12-30,2015,12,,
2015-12-31,2015,12,,
2016-01-04,2016,1,,
2016-01-05,2016,1,,
2016-01-06,2016,1,,
2016-01-07,2016,1,,
2016-01-08,2016,1,,
2016-01-11,2016,1,,
2016-01-12,2016,1,,
2016-01-13,2016,1,,
2016-01-14,2016,1,,
2016-01-15,2016,1,,
2016-01-18,2016,1,,
2016-01-19,2016,1,,
2016-01-20,2016,1,,
2016-01-21,2016,1,,
2016-01-22,2016,1,,
2016-01-25,2016,1,,
2016-01-26,2016,1,,
2016-01-27,2016,1,,
2016-01-28,2016,1,,
2016-01-29,2016,1,,
2016-02-01,2016,2,,
2016-02-02,2016,2,,
2016-02-03,2016,2,,
2016-02-04,2016,2,,
2016-02-05,2016,2,,
2016-02-15,2016,2,,
2016-02-16,2016,2,,
2016-02-17,2016,2,,
2016-02-18,2016,2,,
2016-02-19,2016,2,,
2016-02-22,2016,2,,
2016-02-23,2016,2,,
2016-02-24,2016,2,,
2016-02-25,2016,2,,
2016-02-26,2016,2,,
2016-02-29,2016,2,,
2016-03-01,2016,3,,
2016-03-02,2016,3,,
2016-03-03,2016,3,,
2016-03-04,2016,3,,
2016-03-07,2016,3,,
2016-03-08,2016,3,,
2016-03-09,2016,3,,
2016-03-10,2016,3,,
2016-03-11,2016,3,,
2016-03-14,2016,3,,
2016-03-15,2016,3,,
2016-03-16,2016,3,,
2016-03-17,2016,3,,
2016-03-18,2016,3,,
2016-03-21,2016,3,,
2016-03-22,2016,3,,
2016-03-23,2016,3,,
2016-03-24,2016,3,,
2016-03-25,2016,3,,
2016-03-28,2016,3,,
2016-03-29,2016,3,,
2016-03-30,2016,3,,
2016-03-31,2016,3,,
2016-04-01,2016,4,,
2016-04-05,2016,4,,
2016-04-06,2016,4,,
2016-04-07,2016,4,,
2016-04-08,2016,4,,
2016-04-11,2016,4,,
2016-04-12,2016,4,,
2016-04-13,2016,4,,
2016-04-14,2016,4,,
2016-04-15,2016,4,,
2016-04-18,2016,4,,
2016-04-19,2016,4,,
2016-04-20,2016,4,,
2016-04-21,2016,4,,
2016-04-22,2016,4,,
2016-04-25,2016,4,,
2016-04-26,2016,4,,
2016-04-27,2016,4,,
2016-04-28,2016,4,,
2016-04-29,2016,4,,
2016-05-03,2016,5,,
2016-05-04,2016,5,,
2016-05-05,2016,5,,
2016-05-06,2016,5,,
2016-05-09,2016,5,,
2016-05-10,2016,5,,
2016-05-11,2016,5,,
2016-05-12,2016,5,,
2016-05-13,2016,5,,
2016-05-16,2016,5,,
2016-05-17,2016,5,,
2016-05-18,2016,5,,
2016-05-19,2016,5,,
2016-05-20,2016,5,,
2016-05-23,2016,5,,
2016-05-24,2016,5,,
2016-05-25,2016,5,,
2016-05-26,2016,5,,
2016-05-27,2016,5,,
2016-05-30,2016,5,,
2016-05-31,2016,5,,
2016-06-01,2016,6,,
2016-06-02,2016,6,,
2016-06-03,2016,6,,
2016-06-06,2016,6,,
2016-06-07,2016,6,,
2016-06-08,2016,6,,
2016-06-13,2016,6,,
2016-06-14,2016,6,,
2016-06-15,2016,6,,
2016-06-16,2016,6,,
2016-06-17,2016,6,,
2016-06-20,2016,6,,
2016-06-21,2016,6,,
2016-06-22,2016,6,,
2016-06-23,2016,6,,
2016-06-24,2016,6,,
2016-06-27,2016,6,,
2016-06-28,2016,6,,
2016-06-29,2016,6,,
2016-06-30,2016,6,,
2016-07-01,2016,7,,
2016-07-04,2016,7,,
2016-07-05,2016,7,,
2016-07-06,2016,7,,
2016-07-07,2016,7,,
2016-07-08,2016,7,,
2016-07-11,2016,7,,
2016-07-12,2016,7,,
2016-07-13,2016,7,,
2016-07-14,2016,7,,
2016-07-15,2016,7,,
2016-07-18,2016,7,,
2016-07-19,2016,7,,
2016-07-20,2016,7,,
2016-07-21,2016,7,,
2016-07-22,2016,7,,
2016-07-25,2016,7,,
2016-07-26,2016,7,,
2016-07-27,2016,7,,
2016-07-28,2016,7,,
2016-07-29,2016,7,,
2016-08-01,2016,8,,
2016-08-02,2016,8,,
2016-08-03,2016,8,,
2016-08-04,2016,8,,
2016-08-05,2016,8,,
2016-08-08,2016,8,,
2016-08-09,2016,8,,
2016-08-10,2016,8,,
2016-08-11,2016,8,,
2016-08-12,2016,8,,
2016-08-15,2016,8,,
2016-08-16,2016,8,,
2016-08-17,2016,8,,
2016-08-18,2016,8,,
2016-08-19,2016,8,,
2016-08-22,2016,8,,
2016-08-23,2016,8,,
2016-08-24,2016,8,,
2016-08-25,2016,8,,
2016-08-26,2016,8,,
2016-08-29,2016,8,,
2016-08-30,2016,8,,
2016-08-31,2016,8,,
2016-09-01,2016,9,,
2016-09-02,2016,9,,
2016-09-05,2016,9,,
2016-09-06,2016,9,,
2016-09-07,2016,9,,
2016-09-08,2016,9,,
2016-09-09,2016,9,,
2016-09-12,2016,9,,
2016-09-13,2016,9,,
2016-09-14,2016,9,,
2016-09-19,2016,9,,
2016-09-20,2016,9,,
2016-09-21,2016,9,,
2016-09-22,2016,9,,
2016-09-23,2016,9,,
2016-09-26,2016,9,,
2016-09-27,2016,9,,
2016-09-28,2016,9,,
2016-09-29,2016,9,,
2016-09-30,2016,9,,
2016-10-10,2016,10,,
2016-10-11,2016,10,,
2016-10-12,2016,10,,
2016-10-13,2016,10,,
2016-10-14,2016,10,,
2016-10-17,2016,10,,
2016-10-18,2016,10,,
2016-10-19,2016,10,,
2016-10-20,2016,10,,
2016-10-21,2016,10,,
2016-10-24,2016,10,,
2016-10-25,2016,10,,
2016-10-26,2016,10,,
2016-10-27,2016,10,,
2016-10-28,2016,10,,
2016-10-31,2016,10,,
2016-11-01,2016,11,,
2016-11-02,2016,11,,
2016-11-03,2016,11,,
2016-11-04,2016,11,,
2016-11-07,2016,11,,
2016-11-08,2016,11,,
2016-11-09,2016,11,,
2016-11-10,2016,11,,
2016-11-11,2016,11,,
2016-11-14,2016,11,,
2016-11-15,2016,11,,
2016-11-16,2016,11,,
2016-11-17,2016,11,,
2016-11-18,2016,11,,
2016-11-21,2016,11,,
2016-11-22,2016,11,,
2016-11-23,2016,11,,
2016-11-24,2016,11,,
2016-11-25,2016,11,,
2016-11-28,2016,11,,
2016-11-29,2016,11,,
2016-11-30,2016,11,,
2016-12-01,2016,12,,
2016-12-02,2016,12,,
2016-12-05,2016,12,,
2016-12-06,2016,12,,
2016-12-07,2016,12,,
2016-12-08,2016,12,,
2016-12-09,2016,12,,
2016-12-12,2016,12,,
2016-12-13,2016,12,,
2016-12-14,2016,12,,
2016-12-15,2016,12,,
2016-12-16,2016,12,,
2016-12-19,2016,12,,
2016-12-20,2016,12,,
2016-12-21,2016,12,,
2016-12-22,2016,12,,
2016-12-23,2016,12,,
2016-12-26,2016,12,,
2016-12-27,2016,12,,
2016-12-28,2016,12,,
2016-12-29,2016,12,,
2016-12-30,2016,12,,
2017-01-03,2017,1,,
2017-01-04,2017,1,,
2017-01-05,2017,1,,
2017-01-06,2017,1,,
2017-01-09,2017,1,,
2017-01-10,2017,1,,
2017-01-11,2017,1,,
2017-01-12,2017,1,,
2017-01-13,2017,1,,
2017-01-16,2017,1,,
2017-01-17,2017,1,,
2017-01-18,2017,1,,
2017-01-19,2017,1,,
2017-01-20,2017,1,,
2017-01-23,2017,1,,
2017-01-24,2017,1,,
2017-01-25,2017,1,,
2017-01-26,2017,1,,
2017-02-03,2017,2,,
2017-02-06,2017,2,,
2017-02-07,2017,2,,
2017-02-08,2017,2,,
2017-02-09,2017,2,,
2017-02-10,2017,2,,
2017-02-13,2017,2,,
2017-02-14,2017,2,,
2017-02-15,2017,2,,
2017-02-16,2017,2,,
2017-02-17,2017,2,,
2017-02-20,2017,2,,
2017-02-21,2017,2,,
2017-02-22,2017,2,,
2017-02-23,2017,2,,
2017-02-24,2017,2,,
2017-02-27,2017,2,,
2017-02-28,2017,2,,
2017-03-01,2017,3,,
2017-03-02,2017,3,,
2017-03-03,2017,3,,
2017-03-06,2017,3,,
2017-03-07,2017,3,,
2017-03-08,2017,3,,
2017-03-09,2017,3,,
2017-03-10,2017,3,,
2017-03-13,2017,3,,
2017-03-14,2017,3,,
2017-03-15,2017,3,,
2017-03-16,2017,3,,
2017-03-17,2017,3,,
2017-03-20,2017,3,,
2017-03-21,2017,3,,
2017-03-22,2017,3,,
2017-03-23,2017,3,,
2017-03-24,2017,3,,
2017-03-27,2017,3,,
2017-03-28,2017,3,,
2017-03-29,2017,3,,
2017-03-30,2017,3,,
2017-03-31,2017,3,,
2017-04-05,2017,4,,
2017-04-06,2017,4,,
2017-04-07,2017,4,,
2017-04-10,2017,4,,
2017-04-11,2017,4,,
2017-04-12,2017,4,,
2017-04-13,2017,4,,
2017-04-14,2017,4,,
2017-04-17,2017,4,,
2017-04-18,2017,4,,
2017-04-19,2017,4,,
2017-04-20,2017,4,,
2017-04-21,2017,4,,
2017-04-24,2017,4,,
2017-04-25,2017,4,,
2017-04-26,2017,4,,
2017-04-27,2017,4,,
2017-04-28,2017,4,,
2017-05-02,2017,5,,
2017-05-03,2017,5,,
2017-05-04,2017,5,,
2017-05-05,2017,5,,
2017-05-08,2017,5,,
2017-05-09,2017,5,,
2017-05-10,2017,5,,
2017-05-11,2017,5,,
2017-05-12,2017,5,,
2017-05-15,2017,5,,
2017-05-16,2017,5,,
2017-05-17,2017,5,,
2017-05-18,2017,5,,
2017-05-19,2017,5,,
2017-05-22,2017,5,,
2017-05-23,2017,5,,
2017-05-24,2017,5,,
2017-05-25,2017,5,,
2017-05-26,2017,5,,
2017-05-31,2017,5,,
2017-06-01,2017,6,,
2017-06-02,2017,6,,
2017-06-05,2017,6,,
2017-06-06,2017,6,,
2017-06-07,2017,6,,
2017-06-08,2017,6,,
2017-06-09,2017,6,,
2017-06-12,2017,6,,
2017-06-13,2017,6,,
2017-06-14,2017,6,,
2017-06-15,2017,6,,
2017-06-16,2017,6,,
2017-06-19,2017,6,,
2017-06-20,2017,6,,
2017-06-21,2017,6,,
2017-06-22,2017,6,,
2017-06-23,2017,6,,
2017-06-26,2017,6,,
2017-06-27,2017,6,,
2017-06-28,2017,6,,
2017-06-29,2017,6,,
2017-06-30,2017,6,,
2017-07-03,2017,7,,
2017-07-04,2017,7,,
2017-07-05,2017,7,,
2017-07-06,2017,7,,
2017-07-07,2017,7,,
2017-07-10,2017,7,,
2017-07-11,2017,7,,
2017-07-12,2017,7,,
2017-07-13,2017,7,,
2017-07-14,2017,7,,
2017-07-17,2017,7,,
2017-07-18,2017,7,,
2017-07-19,2017,7,,
2017-07-20,2017,7,,
2017-07-21,2017,7,,
2017-07-24,2017,7,,
2017-07-25,2017,7,,
2017-07-26,2017,7,,
2017-07-27,2017,7,,
2017-07-28,2017,7,,
2017-07-31,2017,7,,
2017-08-01,2017,8,,
2017-08-02,2017,8,,
2017-08-03,2017,8,,
2017-08-04,2017,8,,
2017-08-07,2017,8,,
2017-08-08,2017,8,,
2017-08-09,2017,8,,
2017-08-10,2017,8,,
2017-08-11,2017,8,,
2017-08-14,2017,8,,
2017-08-15,2017,8,,
2017-08-16,2017,8,,
2017-08-17,2017,8,,
2017-08-18,2017,8,,
2017-08-21,2017,8,,
2017-08-22,2017,8,,
2017-08-23,2017,8,,
2017-08-24,2017,8,,
2017-08-25,2017,8,,
2017-08-28,2017,8,,
2017-08-29,2017,8,,
2017-08-30,2017,8,,
2017-08-31,2017,8,,
2017-09-01,2017,9,,
2017-09-04,2017,9,,
2017-09-05,2017,9,,
2017-09-06,2017,9,,
2017-09-07,2017,9,,
2017-09-08,2017,9,,
2017-09-11,2017,9,,
2017-09-12,2017,9,,
2017-09-13,2017,9,,
2017-09-14,2017,9,,
2017-09-15,2017,9,,
2017-09-18,2017,9,,
2017-09-19,2017,9,,
2017-09-20,2017,9,,
2017-09-21,2017,9,,
2017-09-22,2017,9,,
2017-09-25,2017,9,,
2017-09-26,2017,9,,
2017-09-27,2017,9,,
2017-09-28,2017,9,,
2017-09-29,2017,9,,
2017-10-09,2017,10,,
2017-10-10,2017,10,,
2017-10-11,2017,10,,
2017-10-12,2017,10,,
2017-10-13,2017,10,,
2017-10-16,2017,10,,
2017-10-17,2017,10,,
2017-10-18,2017,10,,
2017-10-19,2017,10,,
2017-10-20,2017,10,,
2017-10-23,2017,10,,
2017-10-24,2017,10,,
2017-10-25,2017,10,,
2017-10-26,2017,10,,
2017-10-27,2017,10,,
2017-10-30,2017,10,,
2017-10-31,2017,10,,
2017-11-01,2017,11,,
2017-11-02,2017,11,,
2017-11-03,2017,11,,
2017-11-06,2017,11,,
2017-11-07,2017,11,,
2017-11-08,2017,11,,
2017-11-09,2017,11,,
2017-11-10,2017,11,,
2017-11-13,2017,11,,
2017-11-14,2017,11,,
2017-11-15,2017,11,,
2017-11-16,2017,11,,
2017-11-17,2017,11,,
2017-11-20,2017,11,,
2017-11-21,2017,11,,
2017-11-22,2017,11,,
2017-11-23,2017,11,,
2017-11-24,2017,11,,
2017-11-27,2017,11,,
2017-11-28,2017,11,,
2017-11-29,2017,11,,
2017-11-30,2017,11,,
2017-12-01,2017,12,,
2017-12-04,2017,12,,
2017-12-05,2017,12,,
2017-12-06,2017,12,,
2017-12-07,2017,12,,
2017-12-08,2017,12,,
2017-12-11,2017,12,,
2017-12-12,2017,12,,
2017-12-13,2017,12,,
2017-12-14,2017,12,,
2017-12-15,2017,12,,
2017-12-18,2017,12,,
2017-12-19,2017,12,,
2017-12-20,2017,12,,
2017-12-21,2017,12,,
2017-12-22,2017,12,,
2017-12-25,2017,12,,
2017-12-26,2017,12,,
2017-12-27,2017,12,,
2017-12-28,2017,12,,
2017-12-29,2017,12,,
2018-01-02,2018,1,,
2018-01-03,2018,1,,
2018-01-04,2018,1,,
2018-01-05,2018,1,,
2018-01-08,2018,1,,
2018-01-09,2018,1,,
2018-01-10,2018,1,,
2018-01-11,2018,1,,
2018-01-12,2018,1,,
2018-01-15,2018,1,,
2018-01-16,2018,1,,
2018-01-17,2018,1,,
2018-01-18,2018,1,,
2018-01-19,2018,1,,
2018-01-22,2018,1,,
2018-01-23,2018,1,,
2018-01-24,2018,1,,
2018-01-25,2018,1,,
2018-01-26,2018,1,,
2018-01-29,2018,1,,
2018-01-30,2018,1,,
2018-01-31,2018,1,,
2018-02-01,2018,2,,
2018-02-02,2018,2,,
2018-02-05,2018,2,,
2018-02-06,2018,2,,
2018-02-07,2018,2,,
2018-02-08,2018,2,,
2018-02-09,2018,2,,
2018-02-12,2018,2,,
2018-02-13,2018,2,,
2018-02-14,2018,2,,
2018-02-22,2018,2,,
2018-02-23,2018,2,,
2018-02-26,2018,2,,
2018-02-27,2018,2,,
2018-02-28,2018,2,,
2018-03-01,2018,3,,
2018-03-02,2018,3,,
2018-03-05,2018,3,,
2018-03-06,2018,3,,
2018-03-07,2018,3,,
2018-03-08,2018,3,,
2018-03-09,2018,3,,
2018-03-12,2018,3,,
2018-03-13,2018,3,,
2018-03-14,2018,3,,
2018-03-15,2018,3,,
2018-03-16,2018,3,,
2018-03-19,2018,3,,
2018-03-20,2018,3,,
2018-03-21,2018,3,,
2018-03-22,2018,3,,
2018-03-23,2018,3,,
2018-03-26,2018,3,,
2018-03-27,2018,3,,
2018-03-28,2018,3,,
2018-03-29,2018,3,,
2018-03-30,2018,3,,
2018-04-02,2018,4,,
2018-04-03,2018,4,,
2018-04-04,2018,4,,
2018-04-09,2018,4,,
2018-04-10,2018,4,,
2018-04-11,2018,4,,
2018-04-12,2018,4,,
2018-04-13,2018,4,,
2018-04-16,2018,4,,
2018-04-17,2018,4,,
2018-04-18,2018,4,,
2018-04-19,2018,4,,
2018-04-20,2018,4,,
2018-04-23,2018,4,,
2018-04-24,2018,4,,
2018-04-25,2018,4,,
2018-04-26,2018,4,,
2018-04-27,2018,4,,
2018-05-02,2018,5,,
2018-05-03,2018,5,,
2018-05-04,2018,5,,
2018-05-07,2018,5,,
2018-05-08,2018,5,,
2018-05-09,2018,5,,
2018-05-10,2018,5,,
2018-05-11,2018,5,,
2018-05-14,2018,5,,
2018-05-15,2018,5,,
2018-05-16,2018,5,,
2018-05-17,2018,5,,
2018-05-18,2018,5,,
2018-05-21,2018,5,,
2018-05-22,2018,5,,
2018-05-23,2018,5,,
2018-05-24,2018,5,,
2018-05-25,2018,5,,
2018-05-28,2018,5,,
2018-05-29,2018,5,,
2018-05-30,2018,5,,
2018-05-31,2018,5,,
2018-06-01,2018,6,,
2018-06-04,2018,6,,
2018-06-05,2018,6,,
2018-06-06,2018,6,,
2018-06-07,2018,6,,
2018-06-08,2018,6,,
2018-06-11,2018,6,,
2018-06-12,2018,6,,
2018-06-13,2018,6,,
2018-06-14,2018,6,,
2018-06-15,2018,6,,
2018-06-19,2018,6,,
2018-06-20,2018,6,,
2018-06-21,2018,6,,
2018-06-22,2018,6,,
2018-06-25,2018,6,,
2018-06-26,2018,6,,
2018-06-27,2018,6,,
2018-06-28,2018,6,,
2018-06-29,2018,6,,
2018-07-02,2018,7,,
2018-07-03,2018,7,,
2018-07-04,2018,7,,
2018-07-05,2018,7,,
2018-07-06,2018,7,,
2018-07-09,2018,7,,
2018-07-10,2018,7,,
2018-07-11,2018,7,,
2018-07-12,2018,7,,
2018-07-13,2018,7,,
2018-07-16,2018,7,,
2018-07-17,2018,7,,
2018-07-18,2018,7,,
2018-07-19,2018,7,,
2018-07-20,2018,7,,
2018-07-23,2018,7,,
2018-07-24,2018,7,,
2018-07-25,2018,7,,
2018-07-26,2018,7,,
2018-07-27,2018,7,,
2018-07-30,2018,7,,
2018-07-31,2018,7,,
2018-08-01,2018,8,,
2018-08-02,2018,8,,
2018-08-03,2018,8,,
2018-08-06,2018,8,,
2018-08-07,2018,8,,
2018-08-08,2018,8,,
2018-08-09,2018,8,,
2018-08-10,2018,8,,
2018-08-13,2018,8,,
2018-08-14,2018,8,,
2018-08-15,2018,8,,
2018-08-16,2018,8,,
2018-08-17,2018,8,,
2018-08-20,2018,8,,
2018-08-21,2018,8,,
2018-08-22,2018,8,,
2018-08-23,2018,8,,
2018-08-24,2018,8,,
2018-08-27,2018,8,,
2018-08-28,2018,8,,
2018-08-29,2018,8,,
2018-08-30,2018,8,,
2018-08-31,2018,8,,
2018-09-03,2018,9,,
2018-09-04,2018,9,,
2018-09-05,2018,9,,
2018-09-06,2018,9,,
2018-09-07,2018,9,,
2018-09-10,2018,9,,
2018-09-11,2018,9,,
2018-09-12,2018,9,,
2018-09-13,2018,9,,
2018-09-14,2018,9,,
2018-09-17,2018,9,,
2018-09-18,2018,9,,
2018-09-19,2018,9,,
2018-09-20,2018,9,,
2018-09-21,2018,9,,
2018-09-25,2018,9,,
2018-09-26,2018,9,,
2018-09-27,2018,9,,
2018-09-28,2018,9,,
2018-10-08,2018,10,,
2018-10-09,2018,10,,
2018-10-10,2018,10,,
2018-10-11,2018,10,,
2018-10-12,2018,10,,
2018-10-15,2018,10,,
2018-10-16,2018,10,,
2018-10-17,2018,10,,
2018-10-18,2018,10,,
2018-10-19,2018,10,,
2018-10-22,2018,10,,
2018-10-23,2018,10,,
2018-10-24,2018,10,,
2018-10-25,2018,10,,
2018-10-26,2018,10,,
2018-10-29,2018,10,,
2018-10-30,2018,10,,
2018-10-31,2018,10,,
2018-11-01,2018,11,,
2018-11-02,2018,11,,
2018-11-05,2018,11,,
2018-11-06,2018,11,,
2018-11-07,2018,11,,
2018-11-08,2018,11,,
2018-11-09,2018,11,,
2018-11-12,2018,11,,
2018-11-13,2018,11,,
2018-11-14,2018,11,,
2018-11-15,2018,11,,
2018-11-16,2018,11,,
2018-11-19,2018,11,,
2018-11-20,2018,11,,
2018-11-21,2018,11,,
2018-11-22,2018,11,,
2018-11-23,2018,11,,
2018-11-26,2018,11,,
2018-11-27,2018,11,,
2018-11-28,2018,11,,
2018-11-29,2018,11,,
2018-11-30,2018,11,,
2018-12-03,2018,12,,
2018-12-04,2018,12,,
2018-12-05,2018,12,,
2018-12-06,2018,12,,
2018-12-07,2018,12,,
2018-12-10,2018,12,,
2018-12-11,2018,12,,
2018-12-12,2018,12,,
2018-12-13,2018,12,,
2018-12-14,2018,12,,
2018-12-17,2018,12,,
2018-12-18,2018,12,,
2018-12-19,2018,12,,
2018-12-20,2018,12,,
2018-12-21,2018,12,,
2018-12-24,2018,12,,
2018-12-25,2018,12,,
2018-12-26,2018,12,,
2018-12-27,2018,12,,
2018-12-28,2018,12,,
2019-01-02,2019,1,3.53869999999999,224.04179999999997
2019-01-03,2019,1,7.801200000000001,221.11039999999997
2019-01-04,2019,1,2.3686000000000007,175.13299999999995
2019-01-07,2019,1,16.4635,70.18289999999993
2019-01-08,2019,1,14.1605,41.42649999999994
2019-01-09,2019,1,67.63119999999999,100.15059999999994
2019-01-10,2019,1,16.3921,158.83779999999993
2019-01-11,2019,1,42.6643,206.62439999999995
2019-01-14,2019,1,-16.8417,207.48429999999996
2019-01-15,2019,1,51.8028,256.282
2019-01-16,2019,1,25.27319999999999,268.8977999999999
2019-01-17,2019,1,25.856,228.55939999999995
2019-01-18,2019,1,84.21010000000001,329.8444999999999
2019-01-21,2019,1,32.23699999999999,349.4954
2019-01-22,2019,1,-13.9297,365.6872
2019-01-23,2019,1,18.1194,391.6545
2019-01-24,2019,1,24.4563,427.9071
2019-01-25,2019,1,34.9324,464.7685
2019-01-28,2019,1,49.4045,508.8370999999999
2019-01-29,2019,1,23.7598,510.3002
2019-01-30,2019,1,9.94159999999999,516.7031
2019-01-31,2019,1,86.63910000000001,595.5409999999999
2019-02-01,2019,2,55.465900000000005,648.6383
2019-02-11,2019,2,45.6904,677.8652
2019-02-12,2019,2,53.2622,716.9668999999999
2019-02-13,2019,2,86.0133,735.3489999999999
2019-02-14,2019,2,56.8098,775.7667
2019-02-15,2019,2,21.9383,755.0406999999999
2019-02-18,2019,2,47.8807,819.7631
2019-02-19,2019,2,16.180200000000013,784.1405
2019-02-20,2019,2,47.5817,806.449
2019-02-21,2019,2,23.1807,803.7737
2019-02-22,2019,2,59.989900000000006,779.5535
2019-02-25,2019,2,-7.16049999999999,740.1560000000001
2019-02-26,2019,2,19.92780000000003,774.0135
2019-02-27,2019,2,48.7555,804.6496000000001
2019-02-28,2019,2,28.3993,808.5926
2019-03-01,2019,3,30.2042,803.8644
2019-03-04,2019,3,35.39559999999997,789.8555
2019-03-05,2019,3,41.5746,807.6703
2019-03-06,2019,3,-8.34600000000002,789.3827
2019-03-07,2019,3,-39.6991,663.0445
2019-03-08,2019,3,-12.277,595.3016
2019-03-11,2019,3,-19.8666,529.7446
2019-03-12,2019,3,9.9724,486.4548
2019-03-13,2019,3,-23.4714,376.9701
2019-03-14,2019,3,23.328,343.4882999999999
2019-03-15,2019,3,22.88519999999999,344.43519999999995
2019-03-18,2019,3,33.8769,330.43139999999994
2019-03-19,2019,3,-15.9886,298.2626
2019-03-20,2019,3,-1.0559,249.62499999999997
2019-03-21,2019,3,-11.9487,214.49559999999997
2019-03-22,2019,3,-13.5717999999999,140.93389999999994
2019-03-25,2019,3,-107.7445,40.34989999999995
2019-03-26,2019,3,9.955699999999998,30.3777999999999
2019-03-27,2019,3,-4.96189999999997,-23.3396
2019-03-28,2019,3,-15.6302999999999,-67.3692
2019-03-29,2019,3,110.9315,13.358099999999936
2019-04-01,2019,4,31.18180000000002,9.144299999999983
2019-04-02,2019,4,-1.61430000000001,-34.0446
2019-04-03,2019,4,29.053400000000003,3.354799999999994
2019-04-04,2019,4,-14.5222,28.53169999999998
2019-04-08,2019,4,-44.4076,-3.59890000000002
2019-04-09,2019,4,-4.02619999999999,12.241499999999975
2019-04-10,2019,4,-33.5219999999999,-31.2529
2019-04-11,2019,4,-41.9867,-49.7682
2019-04-12,2019,4,-5.07229999999999,-78.1684999999999
2019-04-15,2019,4,-22.7431999999999,-123.796899999999
2019-04-16,2019,4,34.3249,-123.348899999999
2019-04-17,2019,4,-18.7757,-126.135999999999
2019-04-18,2019,4,-18.7757,-126.135999999999
2019-04-19,2019,4,-18.7757,-126.135999999999
2019-04-22,2019,4,-18.7757,-126.135999999999
2019-04-23,2019,4,-64.977,-190.0571
2019-04-24,2019,4,-35.2516,-213.359999999999
2019-04-25,2019,4,-17.0637999999999,-216.851999999999
2019-04-26,2019,4,-10.426,-119.533499999999
2019-04-29,2019,4,45.327300000000015,-84.1618999999999
2019-04-30,2019,4,-5.46890000000001,-84.6689
2019-05-06,2019,5,-56.2352999999999,-125.2739
2019-05-07,2019,5,-11.4173999999999,-247.6228
2019-05-08,2019,5,-49.6336999999999,-328.4383
2019-05-09,2019,5,-56.8095,-383.6335
2019-05-10,2019,5,-56.8095,-383.6335
2019-05-13,2019,5,-56.8095,-383.6335
2019-05-14,2019,5,-108.9967,-521.6836
2019-05-15,2019,5,9.07449999999999,-498.086899999999
2019-05-16,2019,5,-33.9697,-487.649
2019-05-17,2019,5,-56.1104,-539.7332
2019-05-20,2019,5,-24.2643999999999,-530.4756
2019-05-21,2019,5,-36.8439,-525.3328
2019-05-22,2019,5,-44.9386,-565.1991
2019-05-23,2019,5,-41.1407,-583.5966
2019-05-24,2019,5,-16.1754,-634.0969
2019-05-27,2019,5,-19.0501999999999,-634.3714
2019-05-28,2019,5,55.668599999999984,-513.7258
2019-05-29,2019,5,-32.5141,-510.9883
2019-05-30,2019,5,-7.88269999999998,-501.8072
2019-05-31,2019,5,-5.49770000000001,-496.8789
2019-06-03,2019,6,44.0698,-498.1364
2019-06-04,2019,6,10.64249999999998,-482.025
2019-06-05,2019,6,30.578199999999995,-395.2115
2019-06-06,2019,6,10.78560000000001,-373.0085
2019-06-10,2019,6,78.9727,-244.4021
2019-06-11,2019,6,69.4596,-118.133
2019-06-12,2019,6,12.8601,3.7237999999999367
2019-06-13,2019,6,11.7104,6.359699999999947
2019-06-14,2019,6,-16.3821,23.94729999999995
2019-06-17,2019,6,5.0730999999999895,85.13079999999994
2019-06-18,2019,6,15.92160000000001,125.31679999999992
2019-06-19,2019,6,49.2374,211.39809999999997
2019-06-20,2019,6,55.6491,311.9857999999999
2019-06-21,2019,6,73.305,426.4314999999999
2019-06-24,2019,6,-19.1109999999999,423.4959
2019-06-25,2019,6,-32.9954,409.5507
2019-06-26,2019,6,-12.1347,341.7474
2019-06-27,2019,6,38.38880000000001,412.6503
2019-06-28,2019,6,38.38880000000001,412.6503
2019-07-01,2019,7,38.38880000000001,412.6503
2019-07-02,2019,7,11.218099999999987,431.7511
2019-07-03,2019,7,-4.89529999999997,432.3535
2019-07-04,2019,7,9.7682,398.0519
2019-07-05,2019,7,4.2771,391.6865
2019-07-08,2019,7,-36.0589999999999,325.0493
2019-07-09,2019,7,-26.198,288.06570000000005
2019-07-10,2019,7,-16.3741,192.7189
2019-07-11,2019,7,24.3587,147.618
2019-07-12,2019,7,14.59269999999999,149.3506
2019-07-15,2019,7,-14.41,123.2302
2019-07-16,2019,7,10.092,149.7043
2019-07-17,2019,7,17.5105,162.1417
2019-07-18,2019,7,18.4497,164.6698
2019-07-19,2019,7,61.8924,177.32479999999998
2019-07-22,2019,7,3.85,125.5257
2019-07-23,2019,7,-4.0566,48.164099999999976
2019-07-24,2019,7,20.5019,87.77699999999996
2019-07-25,2019,7,19.487300000000022,140.2597
2019-07-26,2019,7,-13.8667,138.5277
2019-07-29,2019,7,0.5898000000000003,100.7287
2019-07-30,2019,7,24.5098,114.0204
2019-07-31,2019,7,-4.99159999999999,113.92409999999998
2019-08-01,2019,8,-11.5082,92.6477
2019-08-02,2019,8,-68.1199,20.25069999999998
2019-08-05,2019,8,-34.6303,21.67939999999997
2019-08-06,2019,8,-29.7873,18.09009999999996
2019-08-07,2019,8,-30.5043,3.959899999999955
2019-08-08,2019,8,25.492500000000007,5.093699999999963
2019-08-09,2019,8,13.949,4.449999999999973
2019-08-12,2019,8,22.3917,41.25169999999997
2019-08-13,2019,8,-24.3609,6.798799999999972
2019-08-14,2019,8,11.836499999999996,1.1247999999999685
2019-08-15,2019,8,1.3723999999999998,-15.9525
2019-08-16,2019,8,-2.1734,-80.0183
2019-08-19,2019,8,78.4761,-5.39220000000001
2019-08-20,2019,8,-12.6233,-13.9589
2019-08-21,2019,8,19.9941,-14.4667
2019-08-22,2019,8,15.1533,-18.8007
2019-08-23,2019,8,11.48770000000001,6.553699999999965
2019-08-26,2019,8,-30.3372999999999,-24.3734
2019-08-27,2019,8,112.7098,63.82659999999998
2019-08-28,2019,8,-7.78410000000002,61.03409999999995
2019-08-29,2019,8,3.83169999999999,76.37399999999995
2019-08-30,2019,8,67.1955,211.68939999999992
2019-09-02,2019,9,53.099,299.41869999999994
2019-09-03,2019,9,0.1865999999999896,329.3926
2019-09-04,2019,9,49.72879999999999,409.6257
2019-09-05,2019,9,91.8323,475.9655
2019-09-06,2019,9,85.23920000000001,547.2556999999999
2019-09-09,2019,9,27.8546,552.7185999999999
2019-09-10,2019,9,23.7874,600.8669
2019-09-11,2019,9,24.320200000000003,613.3506
2019-09-12,2019,9,32.95479999999999,644.933
2019-09-16,2019,9,9.09940000000001,656.2058
2019-09-17,2019,9,-5.182,572.5477
2019-09-18,2019,9,39.2137,624.3847
2019-09-19,2019,9,26.9258,631.3164
2019-09-20,2019,9,148.6234,764.7864999999999
2019-09-23,2019,9,-15.3134999999999,737.9852999999999
2019-09-24,2019,9,27.51720000000001,795.8398
2019-09-25,2019,9,4.929599999999989,688.0595999999999
2019-09-26,2019,9,24.9747,720.8184
2019-09-27,2019,9,3.184999999999999,720.1717
2019-09-30,2019,9,-6.35170000000001,646.6244999999999
2019-10-08,2019,10,17.43950000000001,610.965
2019-10-09,2019,10,-22.1687,588.6097
2019-10-10,2019,10,1.3633,540.2441999999999
2019-10-11,2019,10,37.26139999999999,485.6733
2019-10-14,2019,10,27.016299999999998,427.4504
2019-10-15,2019,10,36.7125,436.3082999999999
2019-10-16,2019,10,27.3642,439.8851
2019-10-17,2019,10,17.387900000000002,432.9528
2019-10-18,2019,10,-12.4348999999999,387.5631
2019-10-21,2019,10,29.1477,407.6113999999999
2019-10-22,2019,10,2.94849999999999,415.74189999999993
2019-10-23,2019,10,-18.0457,358.4825
2019-10-24,2019,10,5.6042,337.1608999999999
2019-10-25,2019,10,15.37670000000001,203.91419999999997
2019-10-28,2019,10,28.397,247.62469999999996
2019-10-29,2019,10,24.2363,244.34379999999996
2019-10-30,2019,10,28.995300000000007,268.4094999999999
2019-10-31,2019,10,73.89320000000001,317.328
2019-11-01,2019,11,74.4927,388.63569999999993
2019-11-04,2019,11,40.8483,435.8357
2019-11-05,2019,11,52.0048,470.401
2019-11-06,2019,11,7.910699999999979,500.4803999999999
2019-11-07,2019,11,21.096,520.2130999999999
2019-11-08,2019,11,13.66930000000001,496.621
2019-11-11,2019,11,6.699599999999991,476.3043
2019-11-12,2019,11,-0.10809999999999,439.4837
2019-11-13,2019,11,-17.6304,394.4891
2019-11-14,2019,11,12.1102,389.2114
2019-11-15,2019,11,16.8429,418.4892
2019-11-18,2019,11,14.5905,403.932
2019-11-19,2019,11,25.2435,426.227
2019-11-20,2019,11,1.8988000000000012,446.1715
2019-11-21,2019,11,6.29129999999999,446.8586
2019-11-22,2019,11,9.44759999999999,440.9295
2019-11-25,2019,11,56.364,468.8965
2019-11-26,2019,11,214.30150000000003,658.9617000000001
2019-11-27,2019,11,24.2167,654.1831
2019-11-28,2019,11,17.38010000000001,597.67
2019-11-29,2019,11,6.710000000000001,529.8873
2019-12-02,2019,12,27.1045,516.1435
2019-12-03,2019,12,34.566,498.7047
2019-12-04,2019,12,39.5756,530.3696
2019-12-05,2019,12,60.6456,569.9191999999999
2019-12-06,2019,12,43.6179,599.8678
2019-12-09,2019,12,33.90780000000001,627.076
2019-12-10,2019,12,29.5471,656.7312
2019-12-11,2019,12,23.6794,698.0409999999999
2019-12-12,2019,12,65.2177,751.1485
2019-12-13,2019,12,52.7059,787.0115000000001
2019-12-16,2019,12,7.000099999999979,779.4211
2019-12-17,2019,12,88.06530000000001,842.2429
2019-12-18,2019,12,44.831,885.1751
2019-12-19,2019,12,35.3637,914.2475
2019-12-20,2019,12,37.1532,941.9531
2019-12-23,2019,12,17.491500000000002,903.0806
2019-12-24,2019,12,17.491500000000002,903.0806
2019-12-25,2019,12,17.491500000000002,903.0806
2019-12-26,2019,12,17.491500000000002,903.0806
2019-12-27,2019,12,46.809000000000005,735.5881
2019-12-30,2019,12,44.2797,755.6510999999999
2019-12-31,2019,12,-1.62250000000002,736.6485
2020-01-02,2020,1,101.4705,831.4089999999999
2020-01-03,2020,1,33.6085,837.9129999999999
2020-01-06,2020,1,43.55210000000001,846.8991
2020-01-07,2020,1,45.0696,852.3931
2020-01-08,2020,1,14.229500000000009,805.977
2020-01-09,2020,1,75.5058,837.8648999999999
2020-01-10,2020,1,29.5824,833.5394999999999
2020-01-13,2020,1,77.10470000000001,881.0971
2020-01-14,2020,1,34.2796,891.6972999999999
2020-01-15,2020,1,10.441400000000002,836.9209999999998
2020-01-16,2020,1,38.465,822.6800999999999
2020-01-17,2020,1,35.2135,850.8935
2020-01-20,2020,1,41.93000000000001,804.7582
2020-01-21,2020,1,-71.2802,688.6469999999999
2020-01-22,2020,1,-7.63910000000002,645.6442
2020-01-23,2020,1,-117.618,490.8729999999999
2020-02-03,2020,2,181.8939,655.2753999999999
2020-02-04,2020,2,49.2017,657.6681
2020-02-05,2020,2,-3.08139999999999,610.3069999999999
2020-02-06,2020,2,105.5796,717.5091
2020-02-07,2020,2,-32.9928,583.0457999999999
2020-02-10,2020,2,-32.7234,516.7139
2020-02-11,2020,2,10.435199999999991,483.5969999999999
2020-02-12,2020,2,14.85110000000002,453.3785
2020-02-13,2020,2,7.9120000000000195,447.061
2020-02-14,2020,2,43.2275,414.7827
2020-02-17,2020,2,53.623900000000006,438.8242
2020-02-18,2020,2,-53.9047,307.81479999999993
2020-02-19,2020,2,37.4464,310.9816
2020-02-20,2020,2,38.9792,339.5194
2020-02-21,2020,2,-11.2007999999999,289.8536
2020-02-24,2020,2,-87.0514,167.5887
2020-02-25,2020,2,-48.3134,77.34529999999997
2020-02-26,2020,2,-67.2689,81.35659999999999
2020-02-27,2020,2,-39.405,49.5907
2020-02-28,2020,2,-51.3679999999999,115.8407
2020-03-02,2020,3,41.5201,-24.5331
2020-03-03,2020,3,4.802899999999999,-68.9319
2020-03-04,2020,3,-7.8043,-73.6548
2020-03-05,2020,3,48.1062,-131.1282
2020-03-06,2020,3,-30.4210999999999,-128.556499999999
2020-03-09,2020,3,-143.1889,-239.022
2020-03-10,2020,3,30.958700000000004,-218.4985
2020-03-11,2020,3,-74.6502999999999,-307.9999
2020-03-12,2020,3,-83.8038,-399.7157
2020-03-13,2020,3,-147.263,-590.2062
2020-03-16,2020,3,-98.0748,-741.9049
2020-03-17,2020,3,-82.3803,-770.3805
2020-03-18,2020,3,-71.9122999999999,-879.7392
2020-03-19,2020,3,-102.2035,-1020.9219
2020-03-20,2020,3,16.8663,-992.8548
2020-03-23,2020,3,-79.9926,-985.796
2020-03-24,2020,3,39.87139999999999,-897.6112
2020-03-25,2020,3,25.0386,-805.3037
2020-03-26,2020,3,-13.5750999999999,-779.4738
2020-03-27,2020,3,34.1373,-693.9685
2020-03-30,2020,3,-1.25690000000002,-736.7455
2020-03-31,2020,3,16.4985,-725.0499
2020-04-01,2020,4,42.35,-674.8956
2020-04-02,2020,4,43.3176,-679.6842
2020-04-03,2020,4,-19.4318,-668.6949
2020-04-07,2020,4,126.7376,-398.7684
2020-04-08,2020,4,-34.527,-464.2541
2020-04-09,2020,4,-34.527,-464.2541
2020-04-10,2020,4,-34.527,-464.2541
2020-04-13,2020,4,-34.527,-464.2541
2020-04-14,2020,4,142.2898,-247.314
2020-04-15,2020,4,33.54390000000001,-129.9663
2020-04-16,2020,4,38.1451,55.44179999999993
2020-04-17,2020,4,86.2363,239.75289999999995
2020-04-20,2020,4,0.4992999999999812,322.63249999999994
2020-04-21,2020,4,-27.5251999999999,367.0195999999999
2020-04-22,2020,4,11.780599999999987,481.0036999999999
2020-04-23,2020,4,6.910500000000001,471.0478999999999
2020-04-24,2020,4,32.4975,583.538
2020-04-27,2020,4,39.3859,583.0525
2020-04-28,2020,4,10.3669,568.3807999999999
2020-04-29,2020,4,10.3669,568.3807999999999
2020-04-30,2020,4,10.3669,568.3807999999999
2020-05-06,2020,5,11.403500000000005,593.3593999999999
2020-05-07,2020,5,-31.4842,527.7379
2020-05-08,2020,5,48.6505,577.6452999999999
2020-05-11,2020,5,26.4756,587.6224
2020-05-12,2020,5,17.499399999999987,562.7718
2020-05-13,2020,5,-2.04639999999999,517.4078
2020-05-14,2020,5,-13.2480999999999,523.5914999999999
2020-05-15,2020,5,11.94380000000001,408.7977
2020-05-18,2020,5,34.03870000000002,477.3634
2020-05-19,2020,5,36.99049999999999,372.0641
2020-05-20,2020,5,20.38560000000001,358.90579999999994
2020-05-21,2020,5,21.31030000000001,342.0709999999999
2020-05-22,2020,5,-33.2550999999999,222.5796
2020-05-25,2020,5,21.453099999999992,243.5334
2020-05-26,2020,5,38.85480000000001,309.9134
2020-05-27,2020,5,12.8847,311.0175
2020-05-28,2020,5,28.1829,332.2899
2020-05-29,2020,5,51.0717,350.8641
2020-06-01,2020,6,104.8564,416.3346
2020-06-02,2020,6,19.2868,425.2545
2020-06-03,2020,6,44.142,457.993
2020-06-04,2020,6,28.8347,518.3119
2020-06-05,2020,6,43.3946,513.056
2020-06-08,2020,6,6.1424,492.7228
2020-06-09,2020,6,46.285,521.5084
2020-06-10,2020,6,4.224100000000002,527.7789
2020-06-11,2020,6,1.4518000000000022,542.4788
2020-06-12,2020,6,-8.95009999999998,521.5849
2020-06-15,2020,6,-40.7018,446.8444
2020-06-16,2020,6,39.7039,449.5578
2020-06-17,2020,6,-27.2141999999999,401.958
2020-06-18,2020,6,49.5657,430.2134
2020-06-19,2020,6,182.3336,645.8021
2020-06-22,2020,6,21.823699999999988,646.1726999999998
2020-06-23,2020,6,7.524800000000001,614.8426999999999
2020-06-24,2020,6,18.5582,620.5162
2020-06-29,2020,6,-14.4689999999999,577.8643
2020-06-30,2020,6,-14.4689999999999,577.8643
2020-07-01,2020,7,-14.4689999999999,577.8643
2020-07-02,2020,7,171.1509,697.9434999999999
2020-07-03,2020,7,131.9388000000001,725.0259000000001
2020-07-06,2020,7,136.5222,842.2613
2020-07-07,2020,7,98.4385,896.5578
2020-07-08,2020,7,11.53290000000001,879.2560000000001
2020-07-09,2020,7,79.5141,915.3755
2020-07-10,2020,7,-43.9312,865.3019
2020-07-13,2020,7,68.5035,887.5204000000001
2020-07-14,2020,7,-173.8415,709.4548000000001
2020-07-15,2020,7,-27.0562,680.9468
2020-07-16,2020,7,-69.2036,620.6933
2020-07-17,2020,7,10.43419999999998,671.8293
2020-07-20,2020,7,-58.9895999999999,573.1358
2020-07-21,2020,7,-30.1123999999999,570.2376
2020-07-22,2020,7,41.7026,562.3745
2020-07-23,2020,7,-36.5361,343.50480000000005
2020-07-24,2020,7,-163.573899999999,158.10720000000018
2020-07-27,2020,7,-15.1432,135.43920000000014
2020-07-28,2020,7,-22.3279999999999,94.55300000000015
2020-07-29,2020,7,77.31350000000002,186.3355000000002
2020-07-30,2020,7,-63.3808,-48.1961999999998
2020-07-31,2020,7,-19.0315999999999,-199.166599999999
2020-08-03,2020,8,-1.95279999999999,-337.641599999999
2020-08-04,2020,8,21.3665,-414.713599999999
2020-08-05,2020,8,-19.8107,-446.057199999999
2020-08-06,2020,8,-25.4751,-551.046399999999
2020-08-07,2020,8,-18.6226999999999,-525.7379
2020-08-10,2020,8,0.0737000000000023,-594.167699999999
2020-08-11,2020,8,39.4822,-380.843999999999
2020-08-12,2020,8,-16.3773999999999,-370.165199999999
2020-08-13,2020,8,-20.8217,-321.783299999999
2020-08-14,2020,8,64.29069999999999,-267.926799999999
2020-08-17,2020,8,57.1343,-151.802899999999
2020-08-18,2020,8,-20.3772,-142.067699999999
2020-08-19,2020,8,-61.3363,-245.106599999999
2020-08-20,2020,8,-28.3248,-236.895299999999
2020-08-21,2020,8,11.2679,-62.0535
2020-08-24,2020,8,19.4732,-27.4371
2020-08-25,2020,8,17.380200000000002,12.271099999999958
2020-08-26,2020,8,-11.7728,-76.8152
2020-08-27,2020,8,-10.0498,-23.4842
2020-08-28,2020,8,64.42779999999999,59.97519999999986
2020-08-31,2020,8,-80.2602,-18.3322000000001
2020-09-01,2020,9,-2.9993,-42.6980000000001
2020-09-02,2020,9,-66.1426,-89.0299000000001
2020-09-03,2020,9,-10.0382,-73.5930000000001
2020-09-04,2020,9,-63.1761,-118.1464
2020-09-07,2020,9,-54.6539,-172.874
2020-09-08,2020,9,63.506600000000006,-148.8496
2020-09-09,2020,9,-37.5815999999999,-170.0538
2020-09-10,2020,9,9.9887,-139.2434
2020-09-11,2020,9,12.909299999999998,-190.6248
2020-09-14,2020,9,-31.4332999999999,-279.1924
2020-09-15,2020,9,33.211699999999986,-225.6035
2020-09-16,2020,9,7.4201,-156.8471
2020-09-17,2020,9,4.390100000000004,-124.1322
2020-09-18,2020,9,94.7356,-40.6645
2020-09-21,2020,9,-64.9576999999999,-125.0954
2020-09-22,2020,9,-20.0179,-162.4935
2020-09-23,2020,9,-27.5281999999999,-178.2489
2020-09-24,2020,9,-121.678599999999,-289.8777
2020-09-25,2020,9,-12.9201,-367.2256
2020-09-28,2020,9,-10.7894,-297.7548
2020-09-29,2020,9,-0.939399999999999,-295.6949
2020-09-30,2020,9,-29.0390999999999,-258.5914
2020-10-09,2020,10,112.6684,-135.8848
2020-10-12,2020,10,135.0999,62.39119999999996
2020-10-13,2020,10,135.0999,62.39119999999996
2020-10-14,2020,10,-15.5468,101.49829999999994
2020-10-15,2020,10,-3.33139999999996,34.66029999999997
2020-10-16,2020,10,-5.02889999999998,67.21299999999997
2020-10-19,2020,10,-32.4304,24.793899999999944
2020-10-20,2020,10,-11.1252,0.7593999999999372
2020-10-21,2020,10,-69.2239999999999,-37.0313
2020-10-22,2020,10,-27.4781,-97.7211000000001
2020-10-23,2020,10,-27.4781,-97.7211000000001
2020-10-26,2020,10,-27.4781,-97.7211000000001
2020-10-27,2020,10,-46.3691,-151.5103
2020-10-28,2020,10,1.86370000000002,-154.0367
2020-10-29,2020,10,17.86390000000003,-230.9084
2020-10-30,2020,10,-56.7344,-222.6851
2020-11-02,2020,11,30.804700000000015,-171.8625
2020-11-03,2020,11,31.2138,-113.1205
2020-11-04,2020,11,2.3597000000000103,10.917799999999936
2020-11-05,2020,11,109.9714,133.80929999999995
2020-11-06,2020,11,39.80979999999999,184.4085
2020-11-09,2020,11,196.9918,382.3397
2020-11-10,2020,11,-41.0978999999999,370.2809
2020-11-11,2020,11,-9.2981,248.3144
2020-11-12,2020,11,-5.068,108.1465
2020-11-13,2020,11,-49.3973,74.29600000000002
2020-11-16,2020,11,25.8949,103.52229999999996
2020-11-17,2020,11,0.5332999999999988,109.08449999999998
2020-11-18,2020,11,-0.14180000000001,141.3731
2020-11-19,2020,11,4.384799999999991,156.88309999999998
2020-11-20,2020,11,24.4332,250.5403
2020-11-23,2020,11,100.5118,378.5302
2020-11-24,2020,11,-1.375,423.5243
2020-11-25,2020,11,-15.6882999999999,405.9723
2020-11-26,2020,11,60.2894,448.3978
2020-11-27,2020,11,24.764800000000008,529.897
2020-11-30,2020,11,49.39450000000001,548.4868
2020-12-01,2020,12,162.9281,680.2011
2020-12-02,2020,12,-40.2483999999999,637.593
2020-12-03,2020,12,35.94420000000004,563.5658000000001
2020-12-04,2020,12,37.38509999999998,561.1411
2020-12-07,2020,12,-11.6011999999999,352.54810000000003
2020-12-08,2020,12,66.7565,460.4025
2020-12-09,2020,12,38.899,508.5996
2020-12-10,2020,12,15.2161,528.8837
2020-12-11,2020,12,-39.6782,538.6028
2020-12-14,2020,12,2.228200000000001,514.9361000000001
2020-12-15,2020,12,-3.5011,510.9017
2020-12-16,2020,12,19.15420000000001,530.1977
2020-12-17,2020,12,80.578,606.3909000000001
2020-12-18,2020,12,-13.6240999999999,568.3336
2020-12-21,2020,12,78.60740000000001,546.4292
2020-12-22,2020,12,-35.8569,511.9473
2020-12-23,2020,12,43.3861,571.0217000000001
2020-12-24,2020,12,43.3861,571.0217000000001
2020-12-25,2020,12,43.3861,571.0217000000001
2020-12-28,2020,12,-4.08140000000002,506.6509
2020-12-29,2020,12,44.712,526.5981
2020-12-30,2020,12,64.40079999999998,541.6044
2020-12-31,2020,12,30.7843,409.46060000000006
2021-01-04,2021,1,-5.41910000000003,444.28989999999993
2021-01-05,2021,1,-44.4437,363.9019999999998
2021-01-06,2021,1,2.3592000000000013,328.8760999999999
2021-01-07,2021,1,32.630700000000004,373.10799999999983
2021-01-08,2021,1,206.1462,512.4976999999999
2021-01-11,2021,1,8.935800000000052,482.5344999999999
2021-01-12,2021,1,84.44839999999999,551.7667999999999
2021-01-13,2021,1,27.12149999999997,618.5664999999999
2021-01-14,2021,1,51.0704,667.4087
2021-01-15,2021,1,8.01339999999999,678.9231999999998
2021-01-18,2021,1,16.3659,676.1348999999998
2021-01-19,2021,1,9.184600000000009,604.7414999999999
2021-01-20,2021,1,33.942499999999995,652.3080999999999
2021-01-21,2021,1,56.7791,630.4797999999998
2021-01-22,2021,1,-20.1978,646.1388999999998
2021-01-25,2021,1,19.31,622.0627999999999
2021-01-26,2021,1,-35.412,590.7321999999999
2021-01-27,2021,1,-12.5473,533.4728999999998
2021-01-28,2021,1,-64.0457,405.0263999999998
2021-01-29,2021,1,25.3283,399.57039999999984
2021-02-01,2021,2,34.591999999999985,439.58149999999983
2021-02-02,2021,2,32.8087,516.8339
2021-02-03,2021,2,34.229899999999994,548.7045999999999
2021-02-04,2021,2,67.70570000000001,583.7795999999998
2021-02-05,2021,2,83.9253,461.5586999999999
2021-02-08,2021,2,79.297,531.9198999999999
2021-02-09,2021,2,26.2361,473.70759999999984
2021-02-10,2021,2,-17.8017999999999,428.7842999999999
2021-02-18,2021,2,50.73480000000001,428.4486999999999
2021-02-19,2021,2,95.5262000000001,515.9615
2021-02-22,2021,2,-11.1395,488.4561
2021-02-23,2021,2,6.5077,485.7792
2021-02-24,2021,2,-6.73239999999998,445.1043
2021-02-25,2021,2,-7.32450000000003,381.0007
2021-02-26,2021,2,-56.3206,344.87789999999995
2021-03-01,2021,3,37.86460000000002,363.4325
2021-03-02,2021,3,-67.9062,330.9383
2021-03-03,2021,3,90.103,433.5886
2021-03-04,2021,3,-73.6914,423.9429
2021-03-05,2021,3,5.266999999999961,403.88159999999993
2021-03-08,2021,3,-85.8885,283.4011
2021-03-09,2021,3,24.310399999999973,274.9028
2021-03-10,2021,3,52.2502,292.9231
2021-03-11,2021,3,67.194,292.4114
2021-03-12,2021,3,8.27149999999998,216.7576
2021-03-15,2021,3,36.8698,174.33039999999997
2021-03-16,2021,3,55.7237,203.818
2021-03-17,2021,3,1.647300000000001,223.26709999999997
2021-03-18,2021,3,33.1541,205.6864
2021-03-19,2021,3,-40.3157,69.84449999999984
2021-03-22,2021,3,71.6312,152.6151999999999
2021-03-23,2021,3,-71.8391,74.2683999999999
2021-03-24,2021,3,50.057499999999976,131.05829999999986
2021-03-25,2021,3,27.4851,165.86789999999988
2021-03-26,2021,3,64.3014,286.48989999999986
2021-03-29,2021,3,-58.4246,190.20069999999987
2021-03-30,2021,3,38.07220000000002,296.1790999999999
2021-03-31,2021,3,-79.0316,127.0444999999999
2021-04-01,2021,4,-79.0316,127.0444999999999
2021-04-02,2021,4,-79.0316,127.0444999999999
2021-04-06,2021,4,-79.0316,127.0444999999999
2021-04-07,2021,4,-28.1583,172.5775999999999
2021-04-08,2021,4,-17.0291999999999,150.28139999999993
2021-04-09,2021,4,-8.07149999999998,228.09839999999997
2021-04-12,2021,4,43.042200000000015,246.8302
2021-04-13,2021,4,84.7105,279.29049999999995
2021-04-14,2021,4,57.3138,269.4103
2021-04-15,2021,4,-9.50110000000001,251.6377
2021-04-16,2021,4,71.5256,286.2935
2021-04-19,2021,4,163.1568,393.7266
2021-04-20,2021,4,-4.97479999999998,387.1045
2021-04-21,2021,4,-10.5670999999999,343.3833
2021-04-22,2021,4,-15.9668,367.7322
2021-04-23,2021,4,78.59460000000001,374.6956
2021-04-26,2021,4,32.041,478.5757
2021-04-27,2021,4,35.12350000000001,463.6417
2021-04-28,2021,4,20.07920000000002,456.2358
2021-04-29,2021,4,50.8764,442.8108000000001
2021-04-30,2021,4,-16.1219999999999,485.11340000000007
2021-05-06,2021,5,1.84290000000001,448.8841000000001
2021-05-07,2021,5,3.804400000000003,531.7201
2021-05-10,2021,5,45.2668,605.1452
2021-05-11,2021,5,-47.8075,574.3669
2021-05-12,2021,5,-4.28119999999999,578.1572000000001
2021-05-13,2021,5,-56.3952,478.7198000000001
2021-05-14,2021,5,90.3354,484.3447000000001
2021-05-17,2021,5,25.7803,452.8112
2021-05-18,2021,5,25.7803,452.8112
2021-05-19,2021,5,25.7803,452.8112
2021-05-20,2021,5,-15.2457,447.0666000000001
2021-05-21,2021,5,-5.7831,369.7579
2021-05-24,2021,5,18.86229999999997,225.4634
2021-05-25,2021,5,217.2333,447.6715
2021-05-26,2021,5,91.0324,549.271
2021-05-27,2021,5,146.2735,711.5113
2021-05-28,2021,5,-5.26250000000004,627.6542
2021-05-31,2021,5,52.108,647.7212000000001
2021-06-01,2021,6,11.02669999999998,623.6244
2021-06-02,2021,6,-20.1383999999999,583.4068
2021-06-03,2021,6,15.21140000000003,547.7418
2021-06-04,2021,6,30.6697,594.5335
2021-06-07,2021,6,-39.7177,552.9728999999999
2021-06-08,2021,6,3.0082,552.1766999999999
2021-06-09,2021,6,28.13730000000001,535.0471999999999
2021-06-10,2021,6,68.203,651.0577
2021-06-11,2021,6,-30.3207,625.0182
2021-06-15,2021,6,-51.5368999999999,629.8765
2021-06-16,2021,6,-4.05169999999999,535.4893999999999
2021-06-17,2021,6,15.9371,525.6461999999999
2021-06-18,2021,6,-10.3981,530.4938
2021-06-21,2021,6,-20.0913,516.1856
2021-06-22,2021,6,-24.1294999999999,473.1938
2021-06-23,2021,6,81.98479999999999,337.9453
2021-06-24,2021,6,30.97180000000001,277.8847
2021-06-25,2021,6,141.03050000000002,272.6417
2021-06-28,2021,6,-40.5531,237.3511000000001
2021-06-29,2021,6,-31.3921999999999,153.85090000000008
2021-06-30,2021,6,-31.3921999999999,153.85090000000008
2021-07-01,2021,7,-31.3921999999999,153.85090000000008
2021-07-02,2021,7,-86.0252000000001,56.79900000000001
2021-07-05,2021,7,59.1895,136.12689999999998
2021-07-06,2021,7,-0.601600000000041,120.31389999999992
2021-07-07,2021,7,43.7267,133.37089999999992
2021-07-08,2021,7,-17.0106,156.07799999999986
2021-07-09,2021,7,-2.11239999999997,150.95739999999986
2021-07-12,2021,7,16.4204,139.24049999999986
2021-07-13,2021,7,25.787900000000008,96.82539999999986
2021-07-14,2021,7,-108.0585,19.087599999999853
2021-07-15,2021,7,123.9817,194.60619999999983
2021-07-16,2021,7,-41.4443999999999,157.21349999999984
2021-07-19,2021,7,43.7414,185.01779999999985
2021-07-20,2021,7,30.6383,226.05419999999984
2021-07-21,2021,7,31.1718,277.3172999999999
2021-07-22,2021,7,59.2664,360.7131999999998
2021-07-23,2021,7,-46.5948999999999,232.13349999999988
2021-07-26,2021,7,-128.0173,73.14439999999976
2021-07-27,2021,7,-41.7188999999999,-109.605
2021-07-28,2021,7,80.5282,11.476299999999751
2021-07-29,2021,7,42.2796,85.14809999999973
2021-07-30,2021,7,22.47160000000003,193.64489999999984
2021-08-02,2021,8,51.8386,186.29399999999987
2021-08-03,2021,8,17.99149999999996,204.88709999999983
2021-08-04,2021,8,55.45740000000001,216.61779999999987
2021-08-05,2021,8,-19.6531999999999,213.9752
2021-08-06,2021,8,-4.744,211.34359999999995
2021-08-09,2021,8,44.6613,239.58449999999996
2021-08-10,2021,8,10.41709999999996,224.2136999999999
2021-08-11,2021,8,-28.1526,304.1195999999999
2021-08-12,2021,8,-1.78319999999999,178.35469999999992
2021-08-13,2021,8,-12.3808999999999,207.4182
2021-08-16,2021,8,62.0161,225.69289999999995
2021-08-17,2021,8,14.74110000000001,209.79569999999995
2021-08-18,2021,8,34.325000000000045,212.9489
2021-08-19,2021,8,-107.8313,45.851200000000006
2021-08-20,2021,8,-108.1602,-15.7141
2021-08-23,2021,8,18.31310000000001,130.61630000000008
2021-08-24,2021,8,53.150400000000026,225.4856000000001
2021-08-25,2021,8,34.18649999999995,179.14390000000003
2021-08-26,2021,8,12.290599999999989,149.15490000000003
2021-08-27,2021,8,62.0304,188.7137
2021-08-30,2021,8,18.867400000000007,155.7425
2021-08-31,2021,8,61.4698,199.22080000000005
2021-09-01,2021,9,76.88000000000001,220.64340000000004
2021-09-02,2021,9,51.36900000000006,291.66560000000004
2021-09-03,2021,9,70.6805,367.09010000000006
2021-09-06,2021,9,33.806499999999986,356.2353
2021-09-07,2021,9,60.6861,406.50430000000006
2021-09-08,2021,9,-16.1795,418.4774000000001
2021-09-09,2021,9,26.15150000000006,446.4121000000001
2021-09-10,2021,9,36.18929999999996,494.98230000000007
2021-09-13,2021,9,-38.2435999999999,394.72260000000006
2021-09-14,2021,9,-41.2826999999999,338.69880000000006
2021-09-15,2021,9,21.395100000000006,325.76890000000003
2021-09-16,2021,9,-30.1416,403.4586
2021-09-17,2021,9,-30.1416,403.4586
2021-09-22,2021,9,-30.1416,403.4586
2021-09-23,2021,9,-43.0911999999999,468.5276
2021-09-24,2021,9,27.30489999999999,477.5194
2021-09-27,2021,9,14.770499999999991,439.1395
2021-09-28,2021,9,47.8591,452.8121
2021-09-29,2021,9,-2.66819999999997,437.8533000000001
2021-09-30,2021,9,9.704599999999992,385.5275
2021-10-08,2021,10,-25.7175999999999,340.94250000000005
2021-10-11,2021,10,1.872399999999999,281.3451000000001
2021-10-12,2021,10,-13.7850999999999,190.6800000000001
2021-10-13,2021,10,-13.7850999999999,190.6800000000001
2021-10-14,2021,10,-13.7850999999999,190.6800000000001
2021-10-15,2021,10,26.92629999999999,166.2373
2021-10-18,2021,10,-80.1845,15.37230000000001
2021-10-19,2021,10,39.0648,20.630600000000022
2021-10-20,2021,10,40.7945,0.7390000000000256
2021-10-21,2021,10,101.5399,118.45840000000004
2021-10-22,2021,10,131.8158,224.12269999999995
2021-10-25,2021,10,8.9419,196.87530000000004
2021-10-26,2021,10,8.453399999999997,243.5723
2021-10-27,2021,10,-30.4236999999999,254.4313
2021-10-28,2021,10,71.71849999999999,304.7547
2021-10-29,2021,10,47.3798,382.2761
2021-11-01,2021,11,7.111899999999981,432.47919999999993
2021-11-02,2021,11,23.6503,428.8246
2021-11-03,2021,11,7.314599999999981,421.36869999999993
2021-11-04,2021,11,12.05389999999998,385.5635
2021-11-05,2021,11,-5.9896,382.2421
2021-11-08,2021,11,-10.0252,362.5122999999999
2021-11-09,2021,11,-21.1564,367.0734999999999
2021-11-10,2021,11,-118.0978,247.10329999999985
2021-11-11,2021,11,86.09740000000001,346.9857999999998
2021-11-12,2021,11,36.27049999999999,356.32999999999987
2021-11-15,2021,11,33.82420000000003,470.3386999999999
2021-11-16,2021,11,41.99309999999997,473.2669999999998
2021-11-17,2021,11,-2.37870000000001,430.0937999999999
2021-11-18,2021,11,-44.5279,284.02599999999984
2021-11-19,2021,11,82.92510000000001,235.13529999999983
2021-11-22,2021,11,14.3527,240.54609999999985
2021-11-23,2021,11,52.2268,284.3194999999999
2021-11-24,2021,11,23.696700000000018,338.4398999999999
2021-11-25,2021,11,11.7155,278.43689999999987
2021-11-26,2021,11,-44.8889,186.1681999999999
2021-11-29,2021,11,32.84220000000003,211.89849999999996
2021-11-30,2021,11,-34.1063999999999,154.14179999999993
2021-12-01,2021,12,30.00929999999999,176.83649999999994
2021-12-02,2021,12,30.212499999999984,194.99509999999992
2021-12-03,2021,12,92.2104,293.1950999999999
2021-12-06,2021,12,3.9514,307.1717
2021-12-07,2021,12,79.4946,407.8227
2021-12-08,2021,12,96.8476,622.7681
2021-12-09,2021,12,216.5631,753.2338
2021-12-10,2021,12,91.4836,808.4469
2021-12-13,2021,12,53.656400000000005,828.2791
2021-12-14,2021,12,60.2593,846.5453
2021-12-15,2021,12,7.516899999999991,856.4408999999999
2021-12-16,2021,12,58.8455,959.8143
2021-12-17,2021,12,-65.612,811.2772
2021-12-20,2021,12,-9.70760000000002,787.2168999999999
2021-12-21,2021,12,-9.9701,725.02
2021-12-22,2021,12,-17.4490999999999,683.8742
2021-12-23,2021,12,24.91859999999999,697.0772999999999
2021-12-24,2021,12,24.91859999999999,697.0772999999999
2021-12-27,2021,12,24.91859999999999,697.0772999999999
2021-12-28,2021,12,12.92549999999999,754.8916999999999
2021-12-29,2021,12,6.61899999999998,728.6684999999999
2021-12-30,2021,12,81.41409999999999,844.1889999999999
2021-12-31,2021,12,45.7302,859.9098999999999
2022-01-04,2022,1,4.601600000000008,834.299
2022-01-05,2022,1,30.463099999999965,772.5516999999999
2022-01-06,2022,1,-66.3795,702.2207999999999
2022-01-07,2022,1,93.3463,716.0724999999998
2022-01-10,2022,1,47.5756,666.8004999999998
2022-01-11,2022,1,-40.2641,409.9732999999998
2022-01-12,2022,1,70.1779,388.6675999999999
2022-01-13,2022,1,-5.8546,329.15659999999986
2022-01-14,2022,1,2.819700000000001,271.7169999999998
2022-01-17,2022,1,17.066199999999988,281.2662999999998
2022-01-18,2022,1,23.350800000000003,245.7715999999998
2022-01-19,2022,1,38.21199999999999,349.59559999999976
2022-01-20,2022,1,125.7647,485.06789999999984
2022-01-21,2022,1,87.5781,582.6160999999998
2022-01-24,2022,1,34.5233,634.5884999999998
2022-01-25,2022,1,-35.7358,573.9340999999998
2022-01-26,2022,1,11.39359999999999,572.4021999999999
2022-01-27,2022,1,-146.2353,419.5478999999999
2022-01-28,2022,1,-124.658599999999,213.47519999999983
2022-02-07,2022,2,55.517,223.2619999999999
2022-02-08,2022,2,-8.1718,210.48859999999988
2022-02-09,2022,2,4.84289999999997,184.86839999999987
2022-02-10,2022,2,45.20489999999999,296.4527999999999
2022-02-11,2022,2,10.0494,213.15589999999992
2022-02-14,2022,2,-37.884,127.6962999999999
2022-02-15,2022,2,-35.4439,132.5164999999999
2022-02-16,2022,2,-16.2341,46.1044999999999
2022-02-17,2022,2,17.200300000000002,69.1593999999999
2022-02-18,2022,2,48.375,114.71469999999992
2022-02-21,2022,2,-35.2140999999999,62.43439999999993
2022-02-22,2022,2,-73.3974,-34.3138
2022-02-23,2022,2,14.217200000000048,-58.3086
2022-02-24,2022,2,-33.5795,-217.6528
2022-02-25,2022,2,63.8465,-241.3844
2022-02-28,2022,2,20.47149999999999,-255.4362
2022-03-01,2022,3,32.7626,-186.9378
2022-03-02,2022,3,-7.75569999999999,-206.0871
2022-03-03,2022,3,-7.30849999999999,-67.1603
2022-03-04,2022,3,4.57390000000003,62.07219999999997
2022-03-07,2022,3,-82.7119999999999,-76.1568
2022-03-08,2022,3,-86.9896,-154.9746
2022-03-09,2022,3,-109.3445,-269.162
2022-03-10,2022,3,-33.7396,-348.106499999999
2022-03-11,2022,3,-50.4176999999999,-408.5736
2022-03-14,2022,3,-144.0822,-514.7718
2022-03-15,2022,3,-160.2449,-639.5728
2022-03-16,2022,3,-0.82300000000007,-624.1617
2022-03-17,2022,3,53.65300000000001,-587.709
2022-03-18,2022,3,84.57420000000005,-551.509799999999
2022-03-21,2022,3,-84.1861,-600.481799999999
2022-03-22,2022,3,-9.21780000000001,-536.3022
2022-03-23,2022,3,-1.9361,-552.4555
2022-03-24,2022,3,-1.27489999999999,-520.1509
2022-03-25,2022,3,-31.1742999999999,-615.1717
2022-03-28,2022,3,50.3035,-585.3397
2022-03-29,2022,3,-3.28099999999999,-621.3833
2022-03-30,2022,3,127.2561,-486.3715
2022-03-31,2022,3,10.5345,-468.5285
2022-04-01,2022,4,44.2089,-428.8935
2022-04-06,2022,4,-53.2101,-399.3916
2022-04-07,2022,4,-6.0855,-318.4875
2022-04-08,2022,4,-6.2742,-215.4172
2022-04-11,2022,4,-57.6163,-239.2939
2022-04-12,2022,4,91.3704,-97.5058
2022-04-13,2022,4,-4.97619999999999,41.60019999999993
2022-04-14,2022,4,-4.97619999999999,41.60019999999993
2022-04-15,2022,4,-4.97619999999999,41.60019999999993
2022-04-18,2022,4,-4.97619999999999,41.60019999999993
2022-04-19,2022,4,-19.4361999999999,182.4089
2022-04-20,2022,4,-52.8772,130.3547
2022-04-21,2022,4,9.10979999999999,85.81149999999998
2022-04-22,2022,4,67.6497,68.88699999999993
2022-04-25,2022,4,-43.9731999999999,109.09989999999996
2022-04-26,2022,4,15.4291,133.74679999999998
2022-04-27,2022,4,43.59479999999999,179.27769999999995
2022-04-28,2022,4,-6.36560000000003,174.18699999999993
2022-04-29,2022,4,42.4556,247.81689999999992
2022-05-05,2022,5,-23.6227999999999,173.89059999999992
2022-05-06,2022,5,-23.6227999999999,173.89059999999992
2022-05-09,2022,5,-23.6227999999999,173.89059999999992
2022-05-10,2022,5,-89.2581,87.9134999999999
2022-05-11,2022,5,22.2772,-17.0654000000001
2022-05-12,2022,5,-27.0275999999999,-54.6275000000001
2022-05-13,2022,5,20.7861,-78.0503
2022-05-16,2022,5,-78.2606,-103.1008
2022-05-17,2022,5,59.6005,-37.4148000000001
2022-05-18,2022,5,-22.7744,-53.9150000000001
2022-05-19,2022,5,51.2504,54.95169999999986
2022-05-20,2022,5,142.36059999999998,105.94189999999983
2022-05-23,2022,5,-57.4384,53.47969999999984
2022-05-24,2022,5,-95.4914,-22.5755000000001
2022-05-25,2022,5,34.0941,64.39579999999981
2022-05-26,2022,5,-15.9727,39.31329999999981
2022-05-27,2022,5,39.0061,10.66969999999982
2022-05-30,2022,5,70.48740000000001,125.13029999999982
2022-05-31,2022,5,138.6548,248.35599999999985
2022-06-01,2022,6,12.47399999999998,217.2351999999998
2022-06-02,2022,6,31.8261,255.42689999999985
2022-06-06,2022,6,112.5469,325.5181999999998
2022-06-07,2022,6,46.07019999999998,395.2111999999998
2022-06-08,2022,6,57.67179999999997,542.1410999999997
2022-06-09,2022,6,35.79409999999998,555.6579999999998
2022-06-10,2022,6,116.2203,698.9058999999997
2022-06-13,2022,6,-135.1919,542.9278999999997
2022-06-14,2022,6,39.44439999999999,660.6328999999997
2022-06-15,2022,6,133.59199999999998,734.6243999999997
2022-06-16,2022,6,44.520300000000006,801.9190999999997
2022-06-17,2022,6,91.6752,842.3438999999997
2022-06-20,2022,6,-97.0329,602.9503999999997
2022-06-21,2022,6,-10.6227,649.7660999999997
2022-06-22,2022,6,-68.2002,677.0572999999997
2022-06-23,2022,6,120.3274,763.2905999999998
2022-06-24,2022,6,96.1729,875.4361999999998
2022-06-27,2022,6,72.6547,909.0848
2022-06-28,2022,6,46.4815,885.0788999999997
2022-06-29,2022,6,-16.8252999999999,729.5987999999998
2022-06-30,2022,6,-16.8252999999999,729.5987999999998
2022-07-01,2022,7,-16.8252999999999,729.5987999999998
2022-07-04,2022,7,45.015,762.1397999999998
2022-07-05,2022,7,-13.4847,716.8289999999998
2022-07-06,2022,7,-13.826,590.4560999999999
2022-07-07,2022,7,5.540999999999989,549.9268999999998
2022-07-08,2022,7,12.35850000000002,504.6135999999998
2022-07-11,2022,7,-10.6842999999999,458.1351999999999
2022-07-12,2022,7,-42.5096999999999,299.40519999999987
2022-07-13,2022,7,-68.741,365.8560999999999
2022-07-14,2022,7,-9.16809999999999,317.2435999999999
2022-07-15,2022,7,-89.3053,94.3462999999999
2022-07-18,2022,7,35.5158,85.34179999999989
2022-07-19,2022,7,-98.5852,-104.9186
2022-07-20,2022,7,36.7802,28.89449999999989
2022-07-21,2022,7,-27.5217,11.995499999999891
2022-07-22,2022,7,16.446,96.64169999999989
2022-07-25,2022,7,-33.8505,-57.5362000000001
2022-07-26,2022,7,72.5675,-81.1416000000001
2022-07-27,2022,7,-37.3815,-191.1778
2022-07-28,2022,7,27.3335,-210.3258
2022-07-29,2022,7,-17.1896,-210.6901
2022-08-01,2022,8,23.98239999999998,-231.7227
2022-08-02,2022,8,-23.1120999999999,-241.3501
2022-08-03,2022,8,-10.4935999999999,-238.0177
2022-08-04,2022,8,-32.0489,-275.6076
2022-08-05,2022,8,29.3393,-258.6268
2022-08-08,2022,8,-10.7492,-258.6917
2022-08-09,2022,8,-22.1222,-238.3042
2022-08-10,2022,8,-62.3649,-231.9281
2022-08-11,2022,8,132.9533,-89.8067000000001
2022-08-12,2022,8,38.78199999999999,38.28059999999986
2022-08-15,2022,8,10.867500000000016,13.632299999999876
2022-08-16,2022,8,8.67490000000001,120.8923999999999
2022-08-17,2022,8,68.72,152.8321999999999
2022-08-18,2022,8,-46.1275,134.2263999999999
2022-08-19,2022,8,17.12699999999999,134.90739999999988
2022-08-22,2022,8,43.2477,212.0055999999999
2022-08-23,2022,8,-92.2806,47.157499999999885
2022-08-24,2022,8,-66.1469,18.39209999999987
2022-08-25,2022,8,16.705099999999998,7.763699999999869
2022-08-26,2022,8,51.5133,76.46659999999987
2022-08-29,2022,8,21.4523,73.93649999999988
2022-08-30,2022,8,-49.7981,47.25049999999985
2022-08-31,2022,8,79.00470000000001,136.74879999999985
2022-09-01,2022,9,-8.41759999999999,160.38009999999986
2022-09-02,2022,9,-37.8291,93.21169999999984
2022-09-05,2022,9,-76.1499,27.810999999999865
2022-09-06,2022,9,-38.9912,10.941999999999863
2022-09-07,2022,9,-33.7361999999999,39.57069999999988
2022-09-08,2022,9,-0.865899999999999,-94.2485000000001
2022-09-09,2022,9,147.53230000000002,14.50179999999989
2022-09-13,2022,9,39.7118,43.34609999999988
2022-09-14,2022,9,-14.1425,20.528699999999866
2022-09-15,2022,9,-41.3303,-89.5216000000001
2022-09-16,2022,9,-45.1234,-88.5175000000001
2022-09-19,2022,9,16.02709999999999,-89.6174000000001
2022-09-20,2022,9,-5.22730000000004,-138.0924
2022-09-21,2022,9,-30.5980999999999,-76.4099000000001
2022-09-22,2022,9,-36.4856,-46.7486000000001
2022-09-23,2022,9,-5.05590000000002,-68.5096000000001
2022-09-26,2022,9,42.7658,-77.2571000000001
2022-09-27,2022,9,32.72469999999999,-65.9847000000002
2022-09-28,2022,9,-38.3956,-54.5822000000001
2022-09-29,2022,9,34.2908,-99.2961000000002
2022-09-30,2022,9,-13.01,-103.8885
2022-10-10,2022,10,14.3069,-51.7525000000002
2022-10-11,2022,10,-12.4415999999999,11.955799999999796
2022-10-12,2022,10,-58.7557999999999,-7.80880000000016
2022-10-13,2022,10,-80.3494,-54.4220000000001
2022-10-14,2022,10,74.7199,21.163799999999824
2022-10-17,2022,10,-44.2467,-170.6152
2022-10-18,2022,10,-37.5657999999999,-247.8928
2022-10-19,2022,10,-60.0228,-293.7731
2022-10-20,2022,10,-62.2339,-314.6767
2022-10-21,2022,10,-89.2272,-358.7805
2022-10-24,2022,10,-179.1152,-553.9228
2022-10-25,2022,10,28.44920000000001,-520.2463
2022-10-26,2022,10,34.32710000000002,-455.3211
2022-10-27,2022,10,9.590100000000009,-409.2454
2022-10-28,2022,10,-20.3151,-424.5046
2022-10-31,2022,10,-90.1209,-557.3913
2022-11-01,2022,11,61.5457,-528.5703
2022-11-02,2022,11,-75.8172999999999,-565.992
2022-11-03,2022,11,-45.6491,-645.9319
2022-11-04,2022,11,99.9272,-532.9947
2022-11-07,2022,11,-40.3161,-587.6177
2022-11-08,2022,11,-37.9371,-613.1132
2022-11-09,2022,11,-6.83819999999999,-561.1956
2022-11-10,2022,11,-7.57259999999998,-488.4188
2022-11-11,2022,11,146.6607,-416.478
2022-11-14,2022,11,166.0193,-206.212
2022-11-15,2022,11,81.54230000000001,-87.1039
2022-11-16,2022,11,9.98349999999995,-17.0976
2022-11-17,2022,11,14.08720000000002,59.22349999999993
2022-11-18,2022,11,51.1998,199.6504999999999
2022-11-21,2022,11,-20.4553999999999,358.3103
2022-11-22,2022,11,-7.59079999999999,322.2703
2022-11-23,2022,11,15.652199999999992,303.5953999999999
2022-11-24,2022,11,12.35799999999999,306.3632999999999
2022-11-25,2022,11,74.5146,401.1929999999999
2022-11-28,2022,11,-37.5960999999999,453.7177999999999
2022-11-29,2022,11,98.0569,490.2289999999999
2022-11-30,2022,11,49.1738,615.2200999999999
2022-12-01,2022,12,114.4957,775.3648999999998
2022-12-02,2022,12,40.940599999999975,716.3782999999999
2022-12-05,2022,12,58.9344,815.6287999999998
2022-12-06,2022,12,5.409099999999992,858.9749999999998
2022-12-07,2022,12,2.7347999999999963,868.5479999999999
2022-12-08,2022,12,1.136200000000022,877.2567999999999
2022-12-09,2022,12,-2.71489999999999,727.8811999999998
2022-12-12,2022,12,-43.3763999999999,518.4854999999999
2022-12-13,2022,12,-9.46540000000002,427.47779999999983
2022-12-14,2022,12,16.517099999999978,434.0113999999999
2022-12-15,2022,12,49.3589,469.2830999999999
2022-12-16,2022,12,43.61530000000002,461.6985999999999
2022-12-19,2022,12,-14.9144999999999,467.2394999999999
2022-12-20,2022,12,11.5601,486.39039999999983
2022-12-21,2022,12,18.7393,489.4774999999999
2022-12-22,2022,12,28.145399999999995,505.26489999999984
2022-12-23,2022,12,28.145399999999995,505.26489999999984
2022-12-26,2022,12,28.145399999999995,505.26489999999984
2022-12-27,2022,12,28.145399999999995,505.26489999999984
2022-12-28,2022,12,39.18330000000002,469.9335999999999
2022-12-29,2022,12,-11.0986999999999,496.4309999999999
2022-12-30,2022,12,0.9311000000000008,399.3051999999999
2023-01-03,2023,1,-6.45,343.6813999999999
2023-01-04,2023,1,18.442,247.6276999999999
2023-01-05,2023,1,127.5333,334.2203999999999
2023-01-06,2023,1,60.6626,335.94859999999994
2023-01-09,2023,1,77.003,407.5424999999999
2023-01-10,2023,1,58.0124,462.8201
2023-01-11,2023,1,76.1421,537.8259999999999
2023-01-12,2023,1,95.4478,635.9886999999999
2023-01-13,2023,1,133.3612,812.7262999999998
2023-01-16,2023,1,158.4269,980.6186
2023-01-17,2023,1,92.8797,1056.9812
2023-01-18,2023,1,47.3539,1054.9761999999998
2023-01-19,2023,1,93.9331,1105.294
2023-01-20,2023,1,92.5646,1212.7731
2023-01-30,2023,1,186.1432,1387.3561999999995
2023-01-31,2023,1,101.4415,1470.0584
2023-02-01,2023,2,69.73740000000001,1511.6504
2023-02-02,2023,2,26.934800000000003,1499.4018999999998
2023-02-03,2023,2,-42.463,1468.0376
2023-02-06,2023,2,-5.434,1461.6725
2023-02-07,2023,2,-38.6091999999999,1429.5132999999998
2023-02-08,2023,2,-13.8891,1397.1822
2023-02-09,2023,2,121.0055,1390.6544
2023-02-10,2023,2,-33.7427,1296.2491
2023-02-13,2023,2,6.922999999999989,1226.1690999999998
2023-02-14,2023,2,5.98760000000002,1174.1443
2023-02-15,2023,2,-18.6351,1079.3671
2023-02-16,2023,2,67.943,1051.8622999999998
2023-02-17,2023,2,20.29400000000001,938.7950999999998
2023-02-20,2023,2,60.0328,840.401
2023-02-21,2023,2,18.5403,766.0616
2023-02-22,2023,2,-47.3423,671.3653999999999
2023-02-23,2023,2,-21.503,555.9292999999999
2023-02-24,2023,2,-50.971,412.3936999999999
2023-02-27,2023,2,-19.1883,207.06219999999985
2023-02-28,2023,2,-13.0402999999999,92.58039999999986
2023-03-01,2023,3,70.1031,92.94609999999986
2023-03-02,2023,3,7.654899999999998,73.66619999999986
2023-03-03,2023,3,20.663299999999992,136.79249999999985
2023-03-06,2023,3,0.7579999999999902,142.98449999999983
2023-03-07,2023,3,-1.8779,179.71579999999983
2023-03-08,2023,3,-10.1427,183.46219999999985
2023-03-09,2023,3,-41.7604,20.69629999999984
2023-03-10,2023,3,-52.9583,1.4806999999998354
2023-03-13,2023,3,27.7019,22.25959999999985
2023-03-14,2023,3,7.547199999999998,23.819199999999825
2023-03-15,2023,3,32.8614,75.31569999999982
2023-03-16,2023,3,7.87360000000003,15.246299999999854
2023-03-17,2023,3,71.82589999999999,66.77819999999983
2023-03-20,2023,3,16.02449999999999,22.769899999999826
2023-03-21,2023,3,42.95140000000001,47.18099999999983
2023-03-22,2023,3,4.78599999999998,99.3092999999998
2023-03-23,2023,3,48.083,168.89529999999982
2023-03-24,2023,3,-2.34169999999999,217.52459999999985
2023-03-27,2023,3,-6.94140000000003,229.77149999999983
2023-03-28,2023,3,3.54469999999997,246.35649999999976
2023-03-29,2023,3,43.2294,219.48279999999977
2023-03-30,2023,3,48.0711,259.8989999999998
2023-03-31,2023,3,16.74359999999999,255.97929999999977
2023-04-03,2023,4,5.786499999999998,261.0077999999998
2023-04-04,2023,4,-36.5078000000001,226.3778999999997
2023-04-06,2023,4,-36.5078000000001,226.3778999999997
2023-04-07,2023,4,-36.5078000000001,226.3778999999997
2023-04-10,2023,4,-36.5078000000001,226.3778999999997
2023-04-11,2023,4,26.26399999999998,262.78459999999967
2023-04-12,2023,4,-42.0811999999999,262.4637999999997
2023-04-13,2023,4,-0.8688,314.5532999999997
2023-04-14,2023,4,64.2429,351.0942999999997
2023-04-17,2023,4,19.180300000000003,362.7273999999997
2023-04-18,2023,4,22.64479999999997,352.5107999999997
2023-04-19,2023,4,-9.15709999999991,335.4800999999997
2023-04-20,2023,4,46.9084,310.5625999999997
2023-04-21,2023,4,-76.1925,218.34559999999976
2023-04-24,2023,4,-38.2771999999999,137.1169999999997
2023-04-25,2023,4,-49.1722,83.15879999999976
2023-04-26,2023,4,7.51300000000003,42.58879999999979
2023-04-27,2023,4,-1.66449999999996,43.26599999999981
2023-04-28,2023,4,15.85379999999994,66.06119999999979
2023-05-04,2023,5,-14.3897,48.12679999999982
2023-05-05,2023,5,6.332000000000029,11.229399999999846
2023-05-08,2023,5,20.493999999999897,-16.3477000000002
2023-05-09,2023,5,9.834599999999998,-23.2567000000002
2023-05-10,2023,5,55.71369999999998,26.670499999999727
2023-05-11,2023,5,0.2936999999999896,63.47199999999982
2023-05-12,2023,5,13.26040000000004,50.46839999999988
2023-05-15,2023,5,40.8483,133.39789999999988
2023-05-16,2023,5,-34.0078999999999,100.25879999999992
2023-05-17,2023,5,16.86569999999999,52.88159999999991
2023-05-18,2023,5,-18.3591999999999,15.342099999999924
2023-05-19,2023,5,-22.2557,-29.5584
2023-05-22,2023,5,41.3191,20.917799999999858
2023-05-23,2023,5,-79.7615,-105.7521
2023-05-24,2023,5,-44.8228,-74.3824000000001
2023-05-25,2023,5,-95.6152999999999,-131.7205
2023-05-26,2023,5,-95.6152999999999,-131.7205
2023-05-29,2023,5,14.36870000000003,-68.1796000000001
2023-05-30,2023,5,6.4948000000000015,-69.1978000000001
2023-05-31,2023,5,-37.981,-105.5143
2023-06-01,2023,6,-18.0156,-139.3837
2023-06-02,2023,6,85.344,-39.6500000000001
2023-06-05,2023,6,-12.1482,-58.1302000000001
2023-06-06,2023,6,-10.7744999999999,-89.3987
2023-06-07,2023,6,25.109900000000017,-74.1234
2023-06-08,2023,6,29.515,-100.3221
2023-06-09,2023,6,-14.4090999999999,-115.024899999999
2023-06-12,2023,6,-29.2960999999999,-157.581399999999
2023-06-13,2023,6,-2.31470000000001,-200.744399999999
2023-06-14,2023,6,-21.9439,-188.6804
2023-06-15,2023,6,92.0092,-113.5369
2023-06-16,2023,6,105.4554,10.277699999999951
2023-06-19,2023,6,-14.4651999999999,18.06819999999998
2023-06-20,2023,6,17.4191,-5.83180000000001
2023-06-21,2023,6,-6.41240000000001,67.51729999999998
2023-06-26,2023,6,21.1721,133.51219999999998
2023-06-27,2023,6,-25.9611999999999,203.1663
2023-06-28,2023,6,-40.7163,148.08129999999994
2023-06-29,2023,6,-76.0604,65.52609999999991
2023-06-30,2023,6,36.7525,140.25959999999992
2023-07-03,2023,7,26.85379999999993,185.12899999999985
2023-07-04,2023,7,-19.4951,80.28989999999985
2023-07-05,2023,7,-40.3503,52.08779999999987
2023-07-06,2023,7,-13.4394999999999,49.42279999999986
2023-07-07,2023,7,-45.1723,-20.8594000000001
2023-07-10,2023,7,12.30299999999999,-38.0714000000001
2023-07-11,2023,7,34.8909,11.228599999999789
2023-07-12,2023,7,4.94560000000001,45.470299999999774
2023-07-13,2023,7,135.84640000000002,183.6313999999998
2023-07-14,2023,7,10.45189999999998,216.02719999999985
2023-07-17,2023,7,10.45189999999998,216.02719999999985
2023-07-18,2023,7,-87.6516,36.36639999999981
2023-07-19,2023,7,-49.3151,-118.4041
2023-07-20,2023,7,3.466499999999998,-100.4724
2023-07-21,2023,7,58.2507,-59.6408000000002
2023-07-24,2023,7,-51.4256,-104.654
2023-07-25,2023,7,189.8341,64.00799999999975
2023-07-26,2023,7,5.15130000000001,95.12049999999977
2023-07-27,2023,7,37.4709,173.30769999999976
2023-07-28,2023,7,164.0298,413.39789999999977
2023-07-31,2023,7,93.4677,470.1130999999998
2023-08-01,2023,8,48.54290000000002,491.8021999999999
2023-08-02,2023,8,-50.192,461.10529999999983
2023-08-03,2023,8,5.43369999999999,506.8892999999998
2023-08-04,2023,8,27.420400000000008,547.7491999999999
2023-08-07,2023,8,-24.9765,567.9449999999998
2023-08-08,2023,8,-68.1455,487.4964999999999
2023-08-09,2023,8,-13.3188,439.2867999999999
2023-08-10,2023,8,-25.9863,408.3548999999999
2023-08-11,2023,8,-123.375,149.13349999999977
2023-08-14,2023,8,-46.6320999999999,92.04949999999984
2023-08-15,2023,8,-97.7342,81.96689999999981
2023-08-16,2023,8,-46.3917,84.8902999999998
2023-08-17,2023,8,-15.1854,66.2383999999998
2023-08-18,2023,8,-85.2188999999999,-77.2312000000002
2023-08-21,2023,8,-64.1231999999999,-89.9288000000001
2023-08-22,2023,8,-63.7804999999999,-343.5434
2023-08-23,2023,8,-104.6131,-453.3078
2023-08-24,2023,8,32.33430000000001,-458.4444
2023-08-25,2023,8,-24.0128999999999,-646.4871
2023-08-28,2023,8,-82.4724,-822.4272
2023-08-29,2023,8,-6.80429999999999,-877.7744
2023-08-30,2023,8,-24.6302,-852.2126
2023-08-31,2023,8,-42.9638,-900.6101
2023-09-01,2023,9,-42.9638,-900.6101
2023-09-04,2023,9,68.8429,-859.1876
2023-09-05,2023,9,-46.0912,-880.3023
2023-09-06,2023,9,0.4078999999999979,-811.7489
2023-09-07,2023,9,-70.723,-869.1531
2023-09-08,2023,9,-70.723,-869.1531
2023-09-11,2023,9,22.439100000000003,-820.7277
2023-09-12,2023,9,-19.7953,-717.148
2023-09-13,2023,9,-65.9195,-736.4354
2023-09-14,2023,9,-64.1822,-702.8834
2023-09-15,2023,9,-24.601,-681.0927
2023-09-18,2023,9,28.2917,-637.6156
2023-09-19,2023,9,-24.2287,-576.6254
2023-09-20,2023,9,-35.3979,-547.9001
2023-09-21,2023,9,-43.3006,-527.4202
2023-09-22,2023,9,74.9289,-347.8782
2023-09-25,2023,9,-80.3936,-460.6061
2023-09-26,2023,9,-62.959,-499.5522
2023-09-27,2023,9,18.03219999999999,-399.0476
2023-09-28,2023,9,-49.9512,-442.1945
2023-10-09,2023,10,-74.6023,-492.1666
2023-10-10,2023,10,-54.7127,-503.9155
2023-10-11,2023,10,-3.89959999999998,-576.658
2023-10-12,2023,10,66.1575,-464.4093
2023-10-13,2023,10,-64.3854,-529.2026
2023-10-16,2023,10,-64.7693999999999,-523.249
2023-10-17,2023,10,-30.575,-576.2631
2023-10-18,2023,10,-11.6063999999999,-568.0742
2023-10-19,2023,10,-117.0427,-619.1974
2023-10-20,2023,10,-16.4621999999999,-571.4774
2023-10-23,2023,10,-16.4621999999999,-571.4774
2023-10-24,2023,10,-50.4557,-597.3321
2023-10-25,2023,10,-12.952,-638.5758
2023-10-26,2023,10,12.267500000000002,-602.0796
2023-10-27,2023,10,46.6803,-520.0014
2023-10-30,2023,10,-23.9761,-500.6769
2023-10-31,2023,10,-47.5339,-623.1397
2023-11-01,2023,11,-20.8225,-563.5686
2023-11-02,2023,11,26.817400000000003,-473.7922
2023-11-03,2023,11,71.08279999999999,-420.7416
2023-11-06,2023,11,52.72999999999999,-318.0604
2023-11-07,2023,11,-45.8757,-289.3338
2023-11-08,2023,11,-37.1,-271.7211
2023-11-09,2023,11,-0.633600000000001,-268.4551
2023-11-10,2023,11,-48.6412,-383.2538
2023-11-13,2023,11,-14.4279,-333.2963
2023-11-14,2023,11,-21.0929,-289.6198
2023-11-15,2023,11,36.2565,-222.7883
2023-11-16,2023,11,-21.9041,-233.086
2023-11-17,2023,11,-28.5887,-144.632
2023-11-20,2023,11,13.729700000000031,-114.4401
2023-11-21,2023,11,1.4228000000000005,-62.5616000000002
2023-11-22,2023,11,-35.3855,-84.9951000000002
2023-11-23,2023,11,50.579800000000006,-46.6828000000002
2023-11-24,2023,11,-61.9598,-155.3229
2023-11-27,2023,11,3.340200000000019,-128.0066
2023-11-28,2023,11,28.344600000000018,-52.1281000000001
2023-11-29,2023,11,-50.8,-82.1056000000001
2023-11-30,2023,11,85.16309999999999,-23.7599000000001
2023-12-01,2023,12,-49.9726999999999,-144.8154
2023-12-04,2023,12,-14.4083,-211.9537
2023-12-05,2023,12,-75.2067,-241.2847
2023-12-06,2023,12,23.417600000000004,-180.7671
2023-12-07,2023,12,3.7315999999999807,-176.4019
2023-12-08,2023,12,4.5996000000001,-123.1611
2023-12-11,2023,12,-32.5926,-141.3258
2023-12-12,2023,12,-50.2393,-170.4722
2023-12-13,2023,12,-95.8981,-302.6268
2023-12-14,2023,12,34.6276,-246.0951
2023-12-15,2023,12,-41.6556,-259.162
2023-12-18,2023,12,27.2699,-245.6218
2023-12-19,2023,12,-21.1268,-268.1714
2023-12-20,2023,12,-15.4217,-248.2076
2023-12-21,2023,12,12.0282,-286.7592
2023-12-22,2023,12,-25.1097999999999,-249.9092
2023-12-25,2023,12,-25.1097999999999,-249.9092
2023-12-26,2023,12,-25.1097999999999,-249.9092
2023-12-27,2023,12,56.7795,-196.4699
2023-12-28,2023,12,135.5843,-89.2302000000001
2023-12-29,2023,12,-5.662,-44.0922000000001
2024-01-02,2024,1,-52.6939,-181.9492
2024-01-03,2024,1,16.89049999999998,-115.086
2024-01-04,2024,1,-39.3636,-140.0413
2024-01-05,2024,1,19.91749999999997,-44.9171000000001
2024-01-08,2024,1,-43.4653,-111.8
2024-01-09,2024,1,0.1876000000000197,-115.344
2024-01-10,2024,1,6.896500000000019,-113.0471
2024-01-11,2024,1,42.3051,-38.1494000000001
2024-01-12,2024,1,-30.3176,-18.2277000000001
2024-01-15,2024,1,-3.54759999999999,74.12279999999984
2024-01-16,2024,1,-41.3313,-1.83610000000016
2024-01-17,2024,1,-130.5664,-90.7469000000001
2024-01-18,2024,1,-7.41119999999999,-125.428
2024-01-19,2024,1,-52.0861,-156.3873
2024-01-22,2024,1,10.4739,-130.4917
2024-01-23,2024,1,37.8997,-104.6202
2024-01-24,2024,1,-5.38949999999998,-84.8999000000001
2024-01-25,2024,1,62.9353,-78.7441000000001
2024-01-26,2024,1,15.100399999999995,-199.228
2024-01-29,2024,1,-5.92379999999998,-199.4898
2024-01-30,2024,1,17.42369999999999,-129.3722
2024-01-31,2024,1,37.01099999999996,-109.2517
2024-02-01,2024,2,27.2634,-42.6247000000001
2024-02-02,2024,2,23.6018,-38.9404000000001
2024-02-05,2024,2,12.109999999999973,16.634899999999817
2024-02-06,2024,2,126.0458,142.4930999999998
2024-02-07,2024,2,16.83839999999997,152.43499999999975
2024-02-08,2024,2,5.829999999999931,115.9598999999997
2024-02-19,2024,2,-63.7242,82.55329999999965
2024-02-20,2024,2,-1.23109999999999,84.86979999999966
2024-02-21,2024,2,135.949,262.15009999999967
2024-02-22,2024,2,36.8952,429.6116999999997
2024-02-23,2024,2,-0.924300000000002,436.0985999999997
2024-02-26,2024,2,-13.1258999999999,475.0587999999997
2024-02-27,2024,2,122.4823,587.0671999999996
2024-02-28,2024,2,13.39699999999999,562.5644999999997
2024-02-29,2024,2,166.0338,733.9877999999997
2024-03-01,2024,3,-53.3322,617.7202999999996
2024-03-04,2024,3,-70.6067999999999,532.0130999999998
2024-03-05,2024,3,15.53559999999998,553.4724999999996
2024-03-06,2024,3,-14.5966,521.4521999999997
2024-03-07,2024,3,-21.405,463.0361999999998
2024-03-08,2024,3,60.0025,495.7752999999998
2024-03-11,2024,3,102.6123,574.7857999999998
2024-03-12,2024,3,42.4407000000001,605.1164999999999
2024-03-13,2024,3,15.66649999999997,494.7371999999999
2024-03-14,2024,3,64.2219,542.1206999999999
2024-03-15,2024,3,103.2577,639.5483999999999
2024-03-18,2024,3,28.2507,731.5233
2024-03-19,2024,3,-70.11,662.6444
2024-03-20,2024,3,55.6836,582.379
2024-03-21,2024,3,-60.2028,485.281
2024-03-22,2024,3,-31.3847,454.8206
2024-03-25,2024,3,55.711200000000005,523.6577
2024-03-26,2024,3,47.2505,448.4259
2024-03-27,2024,3,-72.4933,362.5356
2024-03-28,2024,3,23.34550000000002,219.8473
2024-03-29,2024,3,23.34550000000002,219.8473
2024-04-01,2024,4,23.34550000000002,219.8473
2024-04-02,2024,4,-16.1786,257.00089999999994
2024-04-03,2024,4,-22.7497,304.8579999999999
2024-04-08,2024,4,-30.4468,258.8755999999999
2024-04-09,2024,4,10.55029999999999,284.02249999999987
2024-04-10,2024,4,-41.1411,264.2863999999999
2024-04-11,2024,4,20.21530000000001,224.49919999999992
2024-04-12,2024,4,-73.8533,48.03359999999991
2024-04-15,2024,4,81.08420000000001,86.67709999999983
2024-04-16,2024,4,-27.9274,43.083199999999856
2024-04-17,2024,4,-2.31529999999999,-23.4540000000001
2024-04-18,2024,4,-52.8488,-179.5605
2024-04-19,2024,4,-64.8997,-272.7109
2024-04-22,2024,4,13.88640000000007,-188.7145
2024-04-23,2024,4,-29.9651999999999,-274.3633
2024-04-24,2024,4,46.0568,-168.1037
2024-04-25,2024,4,3.49029999999999,-133.2287
2024-04-26,2024,4,224.4899,35.549999999999926
2024-04-29,2024,4,108.9239999999999,97.22349999999982
2024-04-30,2024,4,-86.1666000000001,83.5501999999997
2024-05-06,2024,5,93.1567,153.36139999999972
2024-05-07,2024,5,-21.399,148.14099999999968
2024-05-08,2024,5,-40.4424999999999,130.4481999999997
2024-05-09,2024,5,80.14240000000001,241.0373999999997
2024-05-10,2024,5,-63.0352999999999,167.4517999999997
2024-05-13,2024,5,-45.9073,162.6855999999997
2024-05-14,2024,5,-66.7002,75.7700999999997
2024-05-15,2024,5,-66.7002,75.7700999999997
2024-05-16,2024,5,60.67400000000001,210.29739999999973
2024-05-17,2024,5,139.5577,268.77089999999976
2024-05-20,2024,5,53.325500000000005,350.0237999999997
2024-05-21,2024,5,-19.6729,332.6661999999998
2024-05-22,2024,5,47.7598,433.2747999999997
2024-05-23,2024,5,-32.6635,465.5109999999997
2024-05-24,2024,5,-40.3947,411.2298999999997
2024-05-27,2024,5,27.475599999999982,468.6706999999996
2024-05-28,2024,5,-50.5461,372.0677999999997
2024-05-29,2024,5,33.9889,402.5663999999997
2024-05-30,2024,5,10.45259999999999,188.5290999999996
2024-05-31,2024,5,-77.9789999999999,1.626099999999724
2024-06-03,2024,6,15.39380000000002,103.18649999999984
2024-06-04,2024,6,33.778,43.80779999999984
2024-06-05,2024,6,-56.8048,8.401999999999845
2024-06-06,2024,6,67.73230000000001,116.57679999999984
2024-06-07,2024,6,-7.05189999999998,29.382499999999855
2024-06-11,2024,6,-74.9697000000001,17.448099999999755
2024-06-12,2024,6,-33.353,30.00239999999972
2024-06-13,2024,6,-63.0579,33.64469999999971
2024-06-14,2024,6,-47.3528,-74.3821000000002
2024-06-17,2024,6,-33.0127999999999,-246.9526
2024-06-18,2024,6,-23.1191,-323.3972
2024-06-19,2024,6,-72.3561,-376.0804
2024-06-20,2024,6,-32.7037,-456.5439
2024-06-21,2024,6,0.0398999999999101,-423.8405
2024-06-24,2024,6,-4.02780000000002,-387.4736
2024-06-25,2024,6,-33.6739999999999,-448.6232
2024-06-26,2024,6,-19.8231999999999,-417.9003
2024-06-27,2024,6,-109.5753,-561.4645
2024-06-28,2024,6,49.48469999999999,-522.4324
2024-07-01,2024,7,49.48469999999999,-522.4324
2024-07-02,2024,7,-55.2771,-499.7305
2024-07-03,2024,7,-14.0295999999999,-529.1539
2024-07-04,2024,7,-39.6649,-602.5968
2024-07-05,2024,7,-30.4975,-576.2895
2024-07-08,2024,7,-21.9992,-666.021
2024-07-09,2024,7,141.1068,-517.8623
2024-07-10,2024,7,-17.8316,-460.7242
2024-07-11,2024,7,30.4579,-396.9133
2024-07-12,2024,7,27.33519999999997,-306.5202
2024-07-15,2024,7,-29.3952,-288.5626
2024-07-16,2024,7,-28.7611999999999,-284.311
2024-07-17,2024,7,-88.8032,-349.9951
2024-07-18,2024,7,13.51730000000001,-264.1217
2024-07-19,2024,7,-59.7900999999999,-291.2081
2024-07-22,2024,7,19.733600000000003,-271.5144
2024-07-23,2024,7,-41.8305,-309.3171
2024-07-24,2024,7,-22.7645999999999,-298.4077
2024-07-25,2024,7,-65.8177,-344.4022
2024-07-26,2024,7,-3.48649999999998,-238.3134
2024-07-29,2024,7,-49.8519,-337.65
2024-07-30,2024,7,-24.4476999999999,-306.8206
2024-07-31,2024,7,195.7996,-96.9914000000002
2024-08-01,2024,8,-57.0134,-114.3399
2024-08-02,2024,8,-32.2973,-116.1397
2024-08-05,2024,8,2.879500000000009,-91.2610000000002
2024-08-06,2024,8,-62.5051,-294.8729
2024-08-07,2024,8,-21.3550999999999,-298.3964
2024-08-08,2024,8,11.03060000000001,-317.8237
2024-08-09,2024,8,-77.6493,-422.8082
2024-08-12,2024,8,-7.7299,-401.1429
2024-08-13,2024,8,-25.2739,-397.6556
2024-08-14,2024,8,-71.6644,-380.5168
2024-08-15,2024,8,122.0584,-271.9757
2024-08-16,2024,8,-67.7499,-279.9355
2024-08-19,2024,8,0.0,-299.6691
2024-08-20,2024,8,0.0,-257.8386
2024-08-21,2024,8,0.0,-235.074
2024-08-22,2024,8,0.0,-169.2563
2024-08-23,2024,8,0.0,-165.7698
2024-08-26,2024,8,0.0,-115.9179
2024-08-27,2024,8,0.0,-91.4702000000002
2024-08-28,2024,8,0.0,-287.2698
2024-08-29,2024,8,0.0,-230.2564
2024-08-30,2024,8,0.0,-197.9591
2024-09-02,2024,9,0.0,-200.8386
2024-09-03,2024,9,0.0,-138.3335
2024-09-04,2024,9,0.0,-116.9784
2024-09-05,2024,9,0.0,-128.009
2024-09-06,2024,9,0.0,-128.009
2024-09-09,2024,9,0.0,-50.3597000000002
2024-09-10,2024,9,0.0,-42.6298000000002
2024-09-11,2024,9,0.0,-17.3559000000002
2024-09-12,2024,9,0.0,54.30849999999977
2024-09-13,2024,9,0.0,-67.7499000000002
2024-09-18,2024,9,0.0,-67.7499000000002
2024-09-19,2024,9,0.0,0.0
2024-09-20,2024,9,0.0,0.0
2024-09-23,2024,9,0.0,0.0
2024-09-24,2024,9,0.0,0.0
2024-09-25,2024,9,0.0,0.0
2024-09-26,2024,9,0.0,0.0
2024-09-27,2024,9,0.0,0.0
2024-09-30,2024,9,0.0,0.0
2024-10-08,2024,10,0.0,0.0
2024-10-09,2024,10,0.0,0.0
2024-10-10,2024,10,0.0,0.0
2024-10-11,2024,10,0.0,0.0
2024-10-14,2024,10,0.0,0.0
2024-10-15,2024,10,0.0,0.0
2024-10-16,2024,10,0.0,0.0
2024-10-17,2024,10,0.0,0.0
2024-10-18,2024,10,0.0,0.0
2024-10-21,2024,10,0.0,0.0
2024-10-22,2024,10,0.0,0.0
2024-10-23,2024,10,0.0,0.0
2024-10-24,2024,10,0.0,0.0
2024-10-25,2024,10,0.0,0.0
2024-10-28,2024,10,0.0,0.0
2024-10-29,2024,10,0.0,0.0
2024-10-30,2024,10,0.0,0.0
2024-10-31,2024,10,0.0,0.0
2024-11-01,2024,11,0.0,0.0
2024-11-04,2024,11,0.0,0.0
2024-11-05,2024,11,0.0,0.0
2024-11-06,2024,11,0.0,0.0
2024-11-07,2024,11,0.0,0.0
2024-11-08,2024,11,0.0,0.0
2024-11-11,2024,11,0.0,0.0
2024-11-12,2024,11,0.0,0.0
2024-11-13,2024,11,0.0,0.0
2024-11-14,2024,11,0.0,0.0
2024-11-15,2024,11,0.0,0.0
2024-11-18,2024,11,0.0,0.0
2024-11-19,2024,11,0.0,0.0
2024-11-20,2024,11,0.0,0.0
2024-11-21,2024,11,0.0,0.0
2024-11-22,2024,11,0.0,0.0
2024-11-25,2024,11,0.0,0.0
2024-11-26,2024,11,0.0,0.0
2024-11-27,2024,11,0.0,0.0
2024-11-28,2024,11,0.0,0.0
2024-11-29,2024,11,0.0,0.0
2024-12-02,2024,12,0.0,0.0
2024-12-03,2024,12,0.0,0.0
2024-12-04,2024,12,0.0,0.0
2024-12-05,2024,12,0.0,0.0
2024-12-06,2024,12,0.0,0.0
2024-12-09,2024,12,0.0,0.0
2024-12-10,2024,12,0.0,0.0
2024-12-11,2024,12,0.0,0.0
2024-12-12,2024,12,0.0,0.0
2024-12-13,2024,12,0.0,0.0
2024-12-16,2024,12,0.0,0.0
2024-12-17,2024,12,0.0,0.0
2024-12-18,2024,12,0.0,0.0
2024-12-19,2024,12,0.0,0.0
2024-12-20,2024,12,0.0,0.0
2024-12-23,2024,12,0.0,0.0
2024-12-24,2024,12,0.0,0.0
2024-12-25,2024,12,0.0,0.0
2024-12-26,2024,12,0.0,0.0
2024-12-27,2024,12,0.0,0.0
2024-12-30,2024,12,0.0,0.0
2024-12-31,2024,12,0.0,0.0
2025-01-02,2025,1,0.0,0.0
2025-01-03,2025,1,0.0,0.0
2025-01-06,2025,1,0.0,0.0
2025-01-07,2025,1,0.0,0.0
2025-01-08,2025,1,0.0,0.0
2025-01-09,2025,1,0.0,0.0
2025-01-10,2025,1,0.0,0.0
2025-01-13,2025,1,0.0,0.0
2025-01-14,2025,1,0.0,0.0
2025-01-15,2025,1,0.0,0.0
2025-01-16,2025,1,0.0,0.0
2025-01-17,2025,1,0.0,0.0
2025-01-20,2025,1,0.0,0.0
2025-01-21,2025,1,0.0,0.0
2025-01-22,2025,1,0.0,0.0
2025-01-23,2025,1,0.0,0.0
2025-01-24,2025,1,0.0,0.0
2025-01-27,2025,1,0.0,0.0
2025-02-05,2025,2,0.0,0.0
2025-02-06,2025,2,0.0,0.0
2025-02-07,2025,2,0.0,0.0
2025-02-10,2025,2,0.0,0.0
2025-02-11,2025,2,0.0,0.0
2025-02-12,2025,2,0.0,0.0
2025-02-13,2025,2,0.0,0.0
2025-02-14,2025,2,0.0,0.0
2025-02-17,2025,2,0.0,0.0
2025-02-18,2025,2,0.0,0.0
2025-02-19,2025,2,0.0,0.0
2025-02-20,2025,2,0.0,0.0
2025-02-21,2025,2,0.0,0.0
2025-02-24,2025,2,0.0,0.0
2025-02-25,2025,2,0.0,0.0
2025-02-26,2025,2,0.0,0.0
2025-02-27,2025,2,0.0,0.0
2025-02-28,2025,2,0.0,0.0
2025-03-03,2025,3,0.0,0.0
2025-03-04,2025,3,0.0,0.0
2025-03-05,2025,3,0.0,0.0
2025-03-06,2025,3,0.0,0.0
2025-03-07,2025,3,0.0,0.0
2025-03-10,2025,3,0.0,0.0
2025-03-11,2025,3,0.0,0.0
2025-03-12,2025,3,0.0,0.0
2025-03-13,2025,3,0.0,0.0
2025-03-14,2025,3,0.0,0.0
2025-03-17,2025,3,0.0,0.0
2025-03-18,2025,3,0.0,0.0
2025-03-19,2025,3,0.0,0.0
2025-03-20,2025,3,0.0,0.0
2025-03-21,2025,3,0.0,0.0
2025-03-24,2025,3,0.0,0.0
2025-03-25,2025,3,0.0,0.0
2025-03-26,2025,3,0.0,0.0
2025-03-27,2025,3,0.0,0.0
2025-03-28,2025,3,0.0,0.0
2025-03-31,2025,3,0.0,0.0
2025-04-01,2025,4,0.0,0.0
2025-04-02,2025,4,0.0,0.0
2025-04-03,2025,4,0.0,0.0
2025-04-07,2025,4,0.0,0.0
2025-04-08,2025,4,0.0,0.0
2025-04-09,2025,4,0.0,0.0
2025-04-10,2025,4,0.0,0.0
2025-04-11,2025,4,0.0,0.0
2025-04-14,2025,4,0.0,0.0
2025-04-15,2025,4,0.0,0.0
2025-04-16,2025,4,0.0,0.0
2025-04-17,2025,4,0.0,0.0
2025-04-18,2025,4,0.0,0.0
2025-04-21,2025,4,0.0,0.0
2025-04-22,2025,4,0.0,0.0
2025-04-23,2025,4,0.0,0.0
2025-04-24,2025,4,0.0,0.0
2025-04-25,2025,4,0.0,0.0
2025-04-28,2025,4,0.0,0.0
2025-04-29,2025,4,0.0,0.0
2025-04-30,2025,4,0.0,0.0
2025-05-06,2025,5,0.0,0.0
2025-05-07,2025,5,0.0,0.0
2025-05-08,2025,5,0.0,0.0
2025-05-09,2025,5,0.0,0.0
2025-05-12,2025,5,0.0,0.0
2025-05-13,2025,5,0.0,0.0
2025-05-14,2025,5,0.0,0.0
2025-05-15,2025,5,0.0,0.0
2025-05-16,2025,5,0.0,0.0
2025-05-19,2025,5,0.0,0.0
2025-05-20,2025,5,0.0,0.0
2025-05-21,2025,5,0.0,0.0
2025-05-22,2025,5,0.0,0.0
2025-05-23,2025,5,0.0,0.0
2025-05-26,2025,5,0.0,0.0
2025-05-27,2025,5,0.0,0.0
2025-05-28,2025,5,0.0,0.0
2025-05-29,2025,5,0.0,0.0
2025-05-30,2025,5,0.0,0.0
2025-06-03,2025,6,0.0,0.0
2025-06-04,2025,6,0.0,0.0
2025-06-05,2025,6,0.0,0.0
2025-06-06,2025,6,0.0,0.0
2025-06-09,2025,6,0.0,0.0
2025-06-10,2025,6,0.0,0.0
2025-06-11,2025,6,0.0,0.0
2025-06-12,2025,6,0.0,0.0
2025-06-13,2025,6,0.0,0.0
2025-06-16,2025,6,0.0,0.0
2025-06-17,2025,6,0.0,0.0
2025-06-18,2025,6,0.0,0.0
2025-06-19,2025,6,0.0,0.0
2025-06-20,2025,6,0.0,0.0
2025-06-23,2025,6,0.0,0.0
2025-06-24,2025,6,0.0,0.0
2025-06-25,2025,6,0.0,0.0
2025-06-26,2025,6,0.0,0.0
2025-06-27,2025,6,0.0,0.0
2025-06-30,2025,6,0.0,0.0
2025-07-01,2025,7,0.0,0.0
2025-07-02,2025,7,0.0,0.0
2025-07-03,2025,7,0.0,0.0
2025-07-04,2025,7,0.0,0.0
2025-07-07,2025,7,0.0,0.0
2025-07-08,2025,7,0.0,0.0
2025-07-09,2025,7,0.0,0.0
2025-07-10,2025,7,0.0,0.0
2025-07-11,2025,7,0.0,0.0
2025-07-14,2025,7,0.0,0.0
2025-07-15,2025,7,0.0,0.0
2025-07-16,2025,7,0.0,0.0
2025-07-17,2025,7,0.0,0.0
2025-07-18,2025,7,0.0,0.0
2025-07-21,2025,7,0.0,0.0
2025-07-22,2025,7,0.0,0.0
2025-07-23,2025,7,0.0,0.0
2025-07-24,2025,7,0.0,0.0
2025-07-25,2025,7,0.0,0.0
2025-07-28,2025,7,0.0,0.0
2025-07-29,2025,7,0.0,0.0
2025-07-30,2025,7,0.0,0.0
2025-07-31,2025,7,0.0,0.0
2025-08-01,2025,8,0.0,0.0
2025-08-04,2025,8,0.0,0.0
2025-08-05,2025,8,0.0,0.0
2025-08-06,2025,8,0.0,0.0
2025-08-07,2025,8,0.0,0.0
2025-08-08,2025,8,0.0,0.0
2025-08-11,2025,8,0.0,0.0
2025-08-12,2025,8,0.0,0.0
2025-08-13,2025,8,0.0,0.0
2025-08-14,2025,8,0.0,0.0
2025-08-15,2025,8,0.0,0.0
2025-08-18,2025,8,0.0,0.0
2025-08-19,2025,8,0.0,0.0
2025-08-20,2025,8,0.0,0.0
2025-08-21,2025,8,0.0,0.0
2025-08-22,2025,8,0.0,0.0
2025-08-25,2025,8,0.0,0.0
2025-08-26,2025,8,0.0,0.0
2025-08-27,2025,8,0.0,0.0
2025-08-28,2025,8,0.0,0.0
2025-08-29,2025,8,0.0,0.0
2025-09-01,2025,9,0.0,0.0
2025-09-02,2025,9,0.0,0.0
2025-09-03,2025,9,0.0,0.0
2025-09-04,2025,9,0.0,0.0
2025-09-05,2025,9,0.0,0.0
2025-09-08,2025,9,0.0,0.0
2025-09-09,2025,9,0.0,0.0
2025-09-10,2025,9,0.0,0.0
2025-09-11,2025,9,0.0,0.0
2025-09-12,2025,9,0.0,0.0
2025-09-15,2025,9,0.0,0.0
2025-09-16,2025,9,0.0,0.0
2025-09-17,2025,9,0.0,0.0
2025-09-18,2025,9,0.0,0.0
2025-09-19,2025,9,0.0,0.0
2025-09-22,2025,9,0.0,0.0
2025-09-23,2025,9,0.0,0.0
2025-09-24,2025,9,0.0,0.0
2025-09-25,2025,9,0.0,0.0
2025-09-26,2025,9,0.0,0.0
2025-09-29,2025,9,0.0,0.0
2025-09-30,2025,9,0.0,0.0
2025-10-09,2025,10,0.0,0.0
2025-10-10,2025,10,0.0,0.0
2025-10-13,2025,10,0.0,0.0
2025-10-14,2025,10,0.0,0.0
2025-10-15,2025,10,0.0,0.0
2025-10-16,2025,10,0.0,0.0
2025-10-17,2025,10,0.0,0.0
2025-10-20,2025,10,0.0,0.0
2025-10-21,2025,10,0.0,0.0
2025-10-22,2025,10,0.0,0.0
2025-10-23,2025,10,0.0,0.0
2025-10-24,2025,10,0.0,0.0
2025-10-27,2025,10,0.0,0.0
2025-10-28,2025,10,0.0,0.0
2025-10-29,2025,10,0.0,0.0
2025-10-30,2025,10,0.0,0.0
2025-10-31,2025,10,0.0,0.0
2025-11-03,2025,11,0.0,0.0
2025-11-04,2025,11,0.0,0.0
2025-11-05,2025,11,0.0,0.0
2025-11-06,2025,11,0.0,0.0
2025-11-07,2025,11,0.0,0.0
2025-11-10,2025,11,0.0,0.0
2025-11-11,2025,11,0.0,0.0
2025-11-12,2025,11,0.0,0.0
2025-11-13,2025,11,0.0,0.0
2025-11-14,2025,11,0.0,0.0
2025-11-17,2025,11,0.0,0.0
2025-11-18,2025,11,0.0,0.0
2025-11-19,2025,11,0.0,0.0
2025-11-20,2025,11,0.0,0.0
2025-11-21,2025,11,0.0,0.0
2025-11-24,2025,11,0.0,0.0
2025-11-25,2025,11,0.0,0.0
2025-11-26,2025,11,0.0,0.0
2025-11-27,2025,11,0.0,0.0
2025-11-28,2025,11,0.0,0.0
2025-12-01,2025,12,0.0,0.0
2025-12-02,2025,12,0.0,0.0
2025-12-03,2025,12,0.0,0.0
2025-12-04,2025,12,0.0,0.0
2025-12-05,2025,12,0.0,0.0
2025-12-08,2025,12,0.0,0.0
2025-12-09,2025,12,0.0,0.0
2025-12-10,2025,12,0.0,0.0
2025-12-11,2025,12,0.0,0.0
2025-12-12,2025,12,0.0,0.0
2025-12-15,2025,12,0.0,0.0
2025-12-16,2025,12,0.0,0.0
2025-12-17,2025,12,0.0,0.0
2025-12-18,2025,12,0.0,0.0
2025-12-19,2025,12,0.0,0.0
2025-12-22,2025,12,0.0,0.0
2025-12-23,2025,12,0.0,0.0
2025-12-24,2025,12,0.0,0.0
2025-12-25,2025,12,0.0,0.0
2025-12-26,2025,12,0.0,0.0
2025-12-29,2025,12,0.0,0.0
2025-12-30,2025,12,0.0,0.0
2025-12-31,2025,12,0.0,0.0
2026-01-05,2026,1,0.0,0.0
2026-01-06,2026,1,0.0,0.0
2026-01-07,2026,1,0.0,0.0
2026-01-08,2026,1,0.0,0.0
2026-01-09,2026,1,0.0,0.0
2026-01-12,2026,1,0.0,0.0
2026-01-13,2026,1,0.0,0.0
2026-01-14,2026,1,0.0,0.0
2026-01-15,2026,1,0.0,0.0
2026-01-16,2026,1,0.0,0.0
2026-01-19,2026,1,0.0,0.0
2026-01-20,2026,1,0.0,0.0
2026-01-21,2026,1,0.0,0.0
2026-01-22,2026,1,0.0,0.0
2026-01-23,2026,1,0.0,0.0
2026-01-26,2026,1,0.0,0.0
2026-01-27,2026,1,0.0,0.0
2026-01-28,2026,1,0.0,0.0
2026-01-29,2026,1,0.0,0.0
2026-01-30,2026,1,0.0,0.0
2026-02-02,2026,2,0.0,0.0
2026-02-03,2026,2,0.0,0.0
2026-02-04,2026,2,0.0,0.0
2026-02-05,2026,2,0.0,0.0
2026-02-06,2026,2,0.0,0.0
2026-02-09,2026,2,0.0,0.0
2026-02-10,2026,2,0.0,0.0
2026-02-11,2026,2,0.0,0.0
2026-02-12,2026,2,0.0,0.0
2026-02-13,2026,2,0.0,0.0
2026-02-24,2026,2,0.0,0.0
2026-02-25,2026,2,0.0,0.0
2026-02-26,2026,2,0.0,0.0
2026-02-27,2026,2,0.0,0.0
2026-03-02,2026,3,0.0,0.0
2026-03-03,2026,3,0.0,0.0
2026-03-04,2026,3,0.0,0.0
2026-03-05,2026,3,0.0,0.0
2026-03-06,2026,3,0.0,0.0
2026-03-09,2026,3,0.0,0.0
2026-03-10,2026,3,0.0,0.0
2026-03-11,2026,3,0.0,0.0
2026-03-12,2026,3,0.0,0.0
2026-03-13,2026,3,0.0,0.0
2026-03-16,2026,3,0.0,0.0
2026-03-17,2026,3,0.0,0.0
2026-03-18,2026,3,0.0,0.0
2026-03-19,2026,3,0.0,0.0
2026-03-20,2026,3,0.0,0.0
2026-03-23,2026,3,0.0,0.0
2026-03-24,2026,3,0.0,0.0
2026-03-25,2026,3,0.0,0.0
2026-03-26,2026,3,0.0,0.0
2026-03-27,2026,3,0.0,0.0
2026-03-30,2026,3,0.0,0.0
2026-03-31,2026,3,0.0,0.0
2026-04-01,2026,4,0.0,0.0
2026-04-02,2026,4,0.0,0.0
2026-04-03,2026,4,0.0,0.0
2026-04-07,2026,4,0.0,0.0
2026-04-08,2026,4,0.0,0.0
2026-04-09,2026,4,0.0,0.0
2026-04-10,2026,4,0.0,0.0
2026-04-13,2026,4,0.0,0.0
2026-04-14,2026,4,0.0,0.0
2026-04-15,2026,4,0.0,0.0
2026-04-16,2026,4,0.0,0.0
2026-04-17,2026,4,0.0,0.0
2026-04-20,2026,4,0.0,0.0
2026-04-21,2026,4,0.0,0.0
2026-04-22,2026,4,0.0,0.0
2026-04-23,2026,4,0.0,0.0
2026-04-24,2026,4,0.0,0.0
2026-04-27,2026,4,0.0,0.0
2026-04-28,2026,4,0.0,0.0
2026-04-29,2026,4,0.0,0.0
2026-04-30,2026,4,0.0,0.0
2026-05-06,2026,5,0.0,0.0
2026-05-07,2026,5,0.0,0.0
2026-05-08,2026,5,0.0,0.0
2026-05-11,2026,5,0.0,0.0
2026-05-12,2026,5,0.0,0.0
2026-05-13,2026,5,0.0,0.0
2026-05-14,2026,5,0.0,0.0
2026-05-15,2026,5,0.0,0.0
2026-05-18,2026,5,0.0,0.0
2026-05-19,2026,5,0.0,0.0
2026-05-20,2026,5,0.0,0.0
2026-05-21,2026,5,0.0,0.0
2026-05-22,2026,5,0.0,0.0
2026-05-25,2026,5,0.0,0.0
2026-05-26,2026,5,0.0,0.0
2026-05-27,2026,5,0.0,0.0
2026-05-28,2026,5,0.0,0.0
2026-05-29,2026,5,0.0,0.0
2026-06-01,2026,6,0.0,0.0
2026-06-02,2026,6,0.0,0.0
2026-06-03,2026,6,0.0,0.0
2026-06-04,2026,6,0.0,0.0
2026-06-05,2026,6,0.0,0.0
2026-06-08,2026,6,0.0,0.0
2026-06-09,2026,6,0.0,0.0
2026-06-10,2026,6,0.0,0.0
2026-06-11,2026,6,0.0,0.0
2026-06-12,2026,6,0.0,0.0
2026-06-15,2026,6,0.0,0.0
2026-06-16,2026,6,0.0,0.0
2026-06-17,2026,6,0.0,0.0
2026-06-18,2026,6,0.0,0.0
2026-06-22,2026,6,0.0,0.0
2026-06-23,2026,6,0.0,0.0
2026-06-24,2026,6,0.0,0.0
2026-06-25,2026,6,0.0,0.0
2026-06-26,2026,6,0.0,0.0
2026-06-29,2026,6,0.0,0.0
2026-06-30,2026,6,0.0,0.0
2026-07-01,2026,7,0.0,0.0
2026-07-02,2026,7,0.0,0.0
2026-07-03,2026,7,0.0,0.0
2026-07-06,2026,7,0.0,0.0
2026-07-07,2026,7,0.0,0.0
2026-07-08,2026,7,0.0,0.0
2026-07-09,2026,7,0.0,0.0
2026-07-10,2026,7,0.0,0.0
