date,yield_1y,yield_2y,yield_10y
2015-01-05,3.2314,3.3783,3.6251
2015-01-06,3.2189,3.3589,3.6353
2015-01-07,3.1767,3.3255,3.6408
2015-01-08,3.189,3.3146,3.6415
2015-01-09,3.1787,3.3337,3.6348
2015-01-12,3.2146,3.3025,3.6371
2015-01-13,3.2014,3.2681,3.5836
2015-01-14,3.2012,3.246,3.5411
2015-01-15,3.2059,3.2267,3.5464
2015-01-16,3.2029,3.2248,3.5017
2015-01-19,3.1887,3.2254,3.475
2015-01-20,3.1812,3.2166,3.4711
2015-01-21,3.1752,3.2161,3.4672
2015-01-22,3.1652,3.2055,3.4521
2015-01-23,3.1606,3.196,3.452
2015-01-26,3.1427,3.1534,3.4341
2015-01-27,3.0817,3.1701,3.4309
2015-01-28,3.0955,3.1794,3.4767
2015-01-29,3.098,3.1927,3.4966
2015-01-30,3.0963,3.2198,3.5019
2015-02-02,3.0832,3.2044,3.4729
2015-02-03,3.0907,3.2033,3.4533
2015-02-04,3.0906,3.1788,3.4589
2015-02-05,3.0804,3.098,3.4018
2015-02-06,3.0912,3.1377,3.4325
2015-02-09,3.0856,3.1536,3.4236
2015-02-10,3.0932,3.1443,3.4299
2015-02-11,3.0928,3.1308,3.3955
2015-02-12,3.0872,3.1145,3.3865
2015-02-13,3.0859,3.0872,3.3552
2015-02-16,3.0801,3.0588,3.3374
2015-02-17,3.0624,3.0948,3.3373
2015-02-25,3.0353,3.0764,3.349
2015-02-26,3.0353,3.0762,3.3594
2015-02-27,3.0438,3.1142,3.3745
2015-03-02,3.0488,3.1428,3.3883
2015-03-03,3.0341,3.1364,3.4022
2015-03-04,3.0291,3.1524,3.3869
2015-03-05,3.0518,3.1961,3.4369
2015-03-06,3.0576,3.2515,3.4753
2015-03-09,3.0787,3.2563,3.4922
2015-03-10,3.0812,3.2711,3.5228
2015-03-11,3.0615,3.2085,3.4466
2015-03-12,3.0495,3.2016,3.4412
2015-03-13,3.0944,3.226,3.4879
2015-03-16,3.0944,3.2356,3.5301
2015-03-17,3.1142,3.2207,3.5428
2015-03-18,3.1042,3.2332,3.5519
2015-03-19,3.0992,3.2267,3.5348
2015-03-20,3.102,3.2157,3.4958
2015-03-23,3.1032,3.2458,3.4933
2015-03-24,3.1031,3.2487,3.4841
2015-03-25,3.1183,3.2367,3.5037
2015-03-26,3.1483,3.2376,3.544
2015-03-27,3.1833,3.2466,3.5678
2015-03-30,3.1833,3.2766,3.5849
2015-03-31,3.2236,3.3066,3.6483
2015-04-01,3.2186,3.2917,3.5997
2015-04-02,3.1743,3.2609,3.5438
2015-04-03,3.1753,3.261,3.572
2015-04-07,3.1801,3.2764,3.5987
2015-04-08,3.1802,3.302,3.6938
2015-04-09,3.1202,3.2779,3.704
2015-04-10,3.1602,3.2571,3.6947
2015-04-13,3.1602,3.2779,3.6685
2015-04-14,3.1302,3.2023,3.6211
2015-04-15,3.1002,3.1827,3.5954
2015-04-16,3.0729,3.1988,3.56
2015-04-17,3.1628,3.2273,3.5627
2015-04-20,3.0872,3.1526,3.4554
2015-04-21,3.0092,3.1193,3.4055
2015-04-22,3.0152,3.1451,3.4052
2015-04-23,2.9713,3.2109,3.4151
2015-04-24,2.9276,3.2255,3.4454
2015-04-27,2.8663,3.1722,3.3952
2015-04-28,2.8266,3.1735,3.3804
2015-04-29,2.8267,3.1664,3.4
2015-04-30,2.694,3.1561,3.3503
2015-05-04,2.7296,3.1421,3.3804
2015-05-05,2.7278,3.1496,3.4006
2015-05-06,2.708,3.1516,3.456
2015-05-07,2.6912,3.1273,3.4401
2015-05-08,2.6821,3.0917,3.3703
2015-05-11,2.6562,3.0523,3.3752
2015-05-12,2.5691,2.9941,3.4002
2015-05-13,2.4501,2.9361,3.4002
2015-05-14,2.3557,2.8524,3.3803
2015-05-15,2.344,2.7681,3.3907
2015-05-18,2.374,2.8204,3.4109
2015-05-19,2.4574,2.8995,3.4311
2015-05-20,2.4391,2.8494,3.4282
2015-05-21,2.4373,2.8446,3.4257
2015-05-22,2.3822,2.8293,3.416
2015-05-25,2.2462,2.8389,3.431
2015-05-26,2.0338,2.895,3.5214
2015-05-27,1.8707,2.8766,3.5055
2015-05-28,1.9369,2.9029,3.5652
2015-05-29,1.9387,2.9196,3.5954
2015-06-01,1.9947,2.924,3.6404
2015-06-02,1.9651,2.8957,3.588
2015-06-03,1.9356,2.8868,3.6111
2015-06-04,1.8813,2.8782,3.5912
2015-06-05,1.8763,2.8672,3.5814
2015-06-08,1.8576,2.8603,3.5613
2015-06-09,1.7786,2.8572,3.5565
2015-06-10,1.7097,2.88,3.5912
2015-06-11,1.7103,2.9023,3.6197
2015-06-12,1.687,2.9018,3.6226
2015-06-15,1.6482,2.9282,3.6681
2015-06-16,1.6407,2.9342,3.6099
2015-06-17,1.689,2.9468,3.6052
2015-06-18,1.7044,2.8998,3.573
2015-06-19,1.7494,2.8662,3.5825
2015-06-23,1.7159,2.857,3.6054
2015-06-24,1.7165,2.8687,3.6079
2015-06-25,1.7128,2.8699,3.6028
2015-06-26,1.7628,2.8662,3.608
2015-06-29,1.7528,2.8859,3.603
2015-06-30,1.7378,2.8973,3.5976
2015-07-01,1.7378,2.8917,3.6127
2015-07-02,1.7745,2.8785,3.6223
2015-07-03,1.774,2.8843,3.5719
2015-07-06,1.7455,2.8328,3.4917
2015-07-07,1.9155,2.8252,3.4361
2015-07-08,2.2655,2.8402,3.4307
2015-07-09,2.2655,2.8148,3.4358
2015-07-10,2.3555,2.8226,3.4885
2015-07-13,2.4455,2.8391,3.5014
2015-07-14,2.4486,2.8475,3.5341
2015-07-15,2.4368,2.8486,3.5495
2015-07-16,2.4471,2.8485,3.5208
2015-07-17,2.4501,2.8487,3.5123
2015-07-20,2.4583,2.8503,3.5009
2015-07-21,2.4417,2.8201,3.5214
2015-07-22,2.4071,2.8485,3.5145
2015-07-23,2.3335,2.8373,3.4751
2015-07-24,2.336,2.8378,3.4602
2015-07-27,2.3113,2.8309,3.4602
2015-07-28,2.2617,2.8654,3.4401
2015-07-29,2.2388,2.8202,3.4302
2015-07-30,2.2318,2.8682,3.4402
2015-07-31,2.253,2.8712,3.4752
2015-08-03,2.3038,2.8888,3.47
2015-08-04,2.3254,2.8777,3.47
2015-08-05,2.2428,2.8852,3.4701
2015-08-06,2.2073,2.8867,3.46
2015-08-07,2.1753,2.8891,3.4553
2015-08-10,2.1843,2.8876,3.4755
2015-08-11,2.2433,2.9594,3.5256
2015-08-12,2.3181,2.9635,3.5402
2015-08-13,2.2883,2.9397,3.5153
2015-08-14,2.3273,2.9117,3.5052
2015-08-17,2.2466,2.9324,3.5176
2015-08-18,2.2621,2.9249,3.5126
2015-08-19,2.2571,2.9263,3.5201
2015-08-20,2.2608,2.9211,3.5051
2015-08-21,2.2608,2.9132,3.4951
2015-08-24,2.2807,2.9325,3.4701
2015-08-25,2.28,2.9376,3.4577
2015-08-26,2.2657,2.9234,3.429
2015-08-27,2.2661,2.9256,3.3902
2015-08-28,2.2735,2.9202,3.3803
2015-08-31,2.2519,2.9311,3.3252
2015-09-01,2.2628,2.9348,3.3002
2015-09-02,2.2586,2.9493,3.3002
2015-09-07,2.2643,2.9659,3.3353
2015-09-08,2.2737,2.9774,3.3603
2015-09-09,2.2543,2.9902,3.3478
2015-09-10,2.2546,2.9938,3.3453
2015-09-11,2.2543,2.9765,3.3404
2015-09-14,2.2862,2.9708,3.3303
2015-09-15,2.3261,2.9683,3.3104
2015-09-16,2.333,2.9681,3.3103
2015-09-17,2.3062,2.9822,3.3204
2015-09-18,2.3292,2.9739,3.3105
2015-09-21,2.3271,2.9905,3.3204
2015-09-22,2.3078,2.9815,3.3255
2015-09-23,2.3086,3.0098,3.3354
2015-09-24,2.2893,2.9981,3.318
2015-09-25,2.3626,2.9772,3.3101
2015-09-28,2.4032,2.9605,3.2906
2015-09-29,2.389,2.9483,3.2457
2015-09-30,2.3919,2.9183,3.2362
2015-10-08,2.4031,2.9041,3.2409
2015-10-09,2.4091,2.8535,3.1486
2015-10-12,2.4269,2.8497,3.1488
2015-10-13,2.4186,2.8297,3.1064
2015-10-14,2.4084,2.8037,3.0414
2015-10-15,2.419,2.7751,3.0814
2015-10-16,2.432,2.8315,3.1216
2015-10-19,2.4286,2.8122,3.1214
2015-10-20,2.4255,2.792,3.0615
2015-10-21,2.4273,2.7872,3.0616
2015-10-22,2.4234,2.7827,3.0516
2015-10-23,2.4454,2.7778,3.04
2015-10-26,2.4237,2.7533,3.02
2015-10-27,2.3748,2.7139,2.98
2015-10-28,2.3698,2.7247,2.987
2015-10-29,2.3683,2.7158,3.05
2015-10-30,2.3513,2.7381,3.06
2015-11-02,2.4032,2.7159,3.0525
2015-11-03,2.4284,2.7414,3.08
2015-11-04,2.4312,2.7809,3.1351
2015-11-05,2.4342,2.7618,3.115
2015-11-06,2.463,2.7781,3.125
2015-11-09,2.5389,2.8381,3.2099
2015-11-10,2.555,2.8431,3.2001
2015-11-11,2.5616,2.8405,3.1226
2015-11-12,2.5499,2.8196,3.1351
2015-11-13,2.5589,2.8329,3.1251
2015-11-16,2.6041,2.8314,3.1352
2015-11-17,2.5911,2.8379,3.1252
2015-11-18,2.5907,2.8375,3.1402
2015-11-19,2.5948,2.8638,3.1402
2015-11-20,2.5764,2.8573,3.1251
2015-11-23,2.5849,2.8636,3.1302
2015-11-24,2.5676,2.8455,3.1077
2015-11-25,2.5802,2.86,3.0853
2015-11-26,2.5639,2.8513,3.0503
2015-11-27,2.5738,2.8336,3.0603
2015-11-30,2.5754,2.8277,3.0404
2015-12-01,2.5754,2.7925,3.0504
2015-12-02,2.5656,2.7885,3.0454
2015-12-03,2.5506,2.7152,3.0304
2015-12-04,2.5351,2.7071,3.0254
2015-12-07,2.5201,2.7242,3.028
2015-12-08,2.4911,2.7099,3.0005
2015-12-09,2.4866,2.7106,2.9968
2015-12-10,2.4841,2.7115,3.0018
2015-12-11,2.4644,2.706,2.9931
2015-12-14,2.4523,2.7333,3.0306
2015-12-15,2.4474,2.7387,3.0157
2015-12-16,2.4028,2.7292,3.0007
2015-12-17,2.3907,2.6961,2.9857
2015-12-18,2.3647,2.666,2.9408
2015-12-21,2.3601,2.5836,2.8811
2015-12-22,2.3204,2.5761,2.861
2015-12-23,2.3332,2.5722,2.846
2015-12-24,2.3135,2.5603,2.801
2015-12-25,2.2946,2.5694,2.8061
2015-12-28,2.3076,2.5413,2.7961
2015-12-29,2.3076,2.5153,2.8061
2015-12-30,2.2979,2.5395,2.8261
2015-12-31,2.2979,2.5466,2.8212
2016-01-04,2.3479,2.5697,2.871
2016-01-05,2.368,2.6173,2.8911
2016-01-06,2.369,2.6322,2.8861
2016-01-07,2.37,2.611,2.8511
2016-01-08,2.3634,2.5906,2.8362
2016-01-11,2.3511,2.5792,2.8187
2016-01-12,2.3054,2.5618,2.7887
2016-01-13,2.2804,2.5192,2.7237
2016-01-14,2.2793,2.5199,2.7513
2016-01-15,2.2782,2.5601,2.7464
2016-01-18,2.2618,2.565,2.7764
2016-01-19,2.2724,2.577,2.7964
2016-01-20,2.3105,2.6063,2.8114
2016-01-21,2.3006,2.5995,2.7914
2016-01-22,2.306,2.5647,2.7741
2016-01-25,2.3109,2.6301,2.859
2016-01-26,2.311,2.6228,2.8616
2016-01-27,2.3519,2.6209,2.9016
2016-01-28,2.3608,2.624,2.8866
2016-01-29,2.3214,2.6149,2.8419
2016-02-01,2.3109,2.5813,2.8368
2016-02-02,2.3208,2.5976,2.8818
2016-02-03,2.316,2.6041,2.8918
2016-02-04,2.316,2.5715,2.855
2016-02-05,2.3259,2.5637,2.8535
2016-02-15,2.3192,2.5774,2.8371
2016-02-16,2.3452,2.5659,2.8376
2016-02-17,2.2817,2.5732,2.8351
2016-02-18,2.2718,2.5634,2.8351
2016-02-19,2.251,2.567,2.8251
2016-02-22,2.2678,2.5507,2.8426
2016-02-23,2.2622,2.5679,2.8451
2016-02-24,2.2638,2.5175,2.8676
2016-02-25,2.2834,2.5319,2.8651
2016-02-26,2.2764,2.5283,2.8551
2016-02-29,2.2576,2.537,2.8502
2016-03-01,2.2086,2.5295,2.8527
2016-03-02,2.2093,2.5058,2.8752
2016-03-03,2.2132,2.5118,2.9002
2016-03-04,2.1742,2.5076,2.8952
2016-03-07,2.1902,2.5172,2.9303
2016-03-08,2.187,2.5247,2.9352
2016-03-09,2.1864,2.5048,2.8928
2016-03-10,2.1895,2.4843,2.8653
2016-03-11,2.1612,2.4882,2.8453
2016-03-14,2.1469,2.444,2.8504
2016-03-15,2.1275,2.4068,2.8404
2016-03-16,2.1012,2.377,2.8054
2016-03-17,2.0788,2.3684,2.8154
2016-03-18,2.0551,2.3443,2.8229
2016-03-21,2.0552,2.3563,2.8305
2016-03-22,2.0842,2.3603,2.8304
2016-03-23,2.0589,2.3351,2.8307
2016-03-24,2.069,2.3134,2.8309
2016-03-25,2.053,2.3056,2.8311
2016-03-28,2.0918,2.3232,2.8665
2016-03-29,2.1039,2.2964,2.851
2016-03-30,2.0796,2.3079,2.8362
2016-03-31,2.0861,2.3025,2.8419
2016-04-01,2.0964,2.3083,2.8422
2016-04-05,2.0854,2.3211,2.8637
2016-04-06,2.1057,2.3466,2.8689
2016-04-07,2.1358,2.3709,2.9049
2016-04-08,2.1677,2.3797,2.9158
2016-04-11,2.1776,2.3849,2.9091
2016-04-12,2.1893,2.3949,2.91
2016-04-13,2.2319,2.4252,2.9271
2016-04-14,2.2259,2.4534,2.9352
2016-04-15,2.2172,2.4534,2.9151
2016-04-18,2.2187,2.4387,2.9047
2016-04-19,2.2143,2.4237,2.906
2016-04-20,2.2296,2.4561,2.9258
2016-04-21,2.2349,2.4668,2.9208
2016-04-22,2.2706,2.4963,2.9309
2016-04-25,2.3273,2.5796,2.9362
2016-04-26,2.3011,2.5603,2.9212
2016-04-27,2.2805,2.5568,2.9108
2016-04-28,2.3029,2.5568,2.8863
2016-04-29,2.307,2.5817,2.8913
2016-05-03,2.2752,2.5754,2.889
2016-05-04,2.3126,2.5847,2.8965
2016-05-05,2.35,2.5771,2.9017
2016-05-06,2.3403,2.5877,2.9016
2016-05-09,2.3526,2.5733,2.8818
2016-05-10,2.3248,2.5639,2.9
2016-05-11,2.3071,2.5544,2.9075
2016-05-12,2.3002,2.5344,2.8975
2016-05-13,2.2905,2.5249,2.905
2016-05-16,2.2992,2.5051,2.9275
2016-05-17,2.2989,2.5055,2.93
2016-05-18,2.3131,2.5362,2.955
2016-05-19,2.3143,2.5417,2.96
2016-05-20,2.3064,2.537,2.95
2016-05-23,2.3005,2.5432,2.955
2016-05-24,2.3187,2.543,2.935
2016-05-25,2.313,2.5561,2.9401
2016-05-26,2.3194,2.5644,2.9401
2016-05-27,2.3168,2.6034,2.9451
2016-05-30,2.3196,2.6098,2.9776
2016-05-31,2.3201,2.6074,2.9851
2016-06-01,2.3438,2.6019,2.9952
2016-06-02,2.3753,2.6069,3.0127
2016-06-03,2.3975,2.6053,3.0152
2016-06-06,2.4022,2.6058,3.0041
2016-06-07,2.3979,2.6021,3.0071
2016-06-08,2.4041,2.609,3.0077
2016-06-13,2.413,2.6079,2.9979
2016-06-14,2.4087,2.597,2.9654
2016-06-15,2.4071,2.6052,2.9604
2016-06-16,2.4006,2.5938,2.9455
2016-06-17,2.3989,2.5967,2.9379
2016-06-20,2.4061,2.5886,2.9481
2016-06-21,2.4076,2.599,2.9405
2016-06-22,2.402,2.5968,2.9307
2016-06-23,2.3979,2.5827,2.9307
2016-06-24,2.4005,2.5678,2.8808
2016-06-27,2.3985,2.5427,2.831
2016-06-28,2.3917,2.5567,2.861
2016-06-29,2.4022,2.5591,2.8586
2016-06-30,2.3901,2.5484,2.8411
2016-07-01,2.3611,2.5293,2.8038
2016-07-04,2.3611,2.5462,2.8314
2016-07-05,2.3464,2.5478,2.8514
2016-07-06,2.3317,2.5437,2.8365
2016-07-07,2.317,2.5183,2.8066
2016-07-08,2.3074,2.5194,2.8016
2016-07-11,2.3039,2.5313,2.8268
2016-07-12,2.3131,2.531,2.8368
2016-07-13,2.3295,2.5441,2.8493
2016-07-14,2.3191,2.5318,2.8395
2016-07-15,2.3187,2.5258,2.8271
2016-07-18,2.2994,2.5261,2.8271
2016-07-19,2.2938,2.5223,2.8197
2016-07-20,2.265,2.511,2.7996
2016-07-21,2.2404,2.4914,2.7806
2016-07-22,2.2629,2.4842,2.7907
2016-07-25,2.2629,2.4953,2.8068
2016-07-26,2.2663,2.5008,2.7914
2016-07-27,2.2423,2.4873,2.7967
2016-07-28,2.2383,2.4715,2.7867
2016-07-29,2.2394,2.4802,2.7768
2016-08-01,2.2368,2.4782,2.783
2016-08-02,2.2454,2.4414,2.7792
2016-08-03,2.2157,2.4343,2.7718
2016-08-04,2.196,2.4322,2.7694
2016-08-05,2.186,2.4126,2.7534
2016-08-08,2.1851,2.4083,2.7472
2016-08-09,2.1789,2.3834,2.7125
2016-08-10,2.169,2.3712,2.695
2016-08-11,2.1531,2.3843,2.6875
2016-08-12,2.1385,2.3699,2.6701
2016-08-15,2.1302,2.3555,2.6401
2016-08-16,2.0955,2.3566,2.6651
2016-08-17,2.1004,2.3569,2.6901
2016-08-18,2.0904,2.3473,2.6801
2016-08-19,2.1015,2.3679,2.7001
2016-08-22,2.1032,2.3841,2.6801
2016-08-23,2.1026,2.3949,2.7201
2016-08-24,2.1108,2.4099,2.7301
2016-08-25,2.1199,2.421,2.7201
2016-08-26,2.1262,2.4314,2.6927
2016-08-29,2.1282,2.412,2.7064
2016-08-30,2.1286,2.4275,2.7527
2016-08-31,2.116,2.4275,2.7425
2016-09-01,2.113,2.4137,2.7452
2016-09-02,2.1297,2.4238,2.7452
2016-09-05,2.1267,2.425,2.7503
2016-09-06,2.1359,2.4303,2.7628
2016-09-07,2.128,2.4308,2.7853
2016-09-08,2.1405,2.4256,2.7753
2016-09-09,2.1622,2.4249,2.7678
2016-09-12,2.1854,2.4511,2.7916
2016-09-13,2.1722,2.4467,2.7654
2016-09-14,2.1717,2.4471,2.7579
2016-09-19,2.1784,2.4376,2.7605
2016-09-20,2.1734,2.4278,2.7431
2016-09-21,2.1734,2.4378,2.7518
2016-09-22,2.1634,2.4211,2.7456
2016-09-23,2.1584,2.398,2.7318
2016-09-26,2.1534,2.407,2.7157
2016-09-27,2.1684,2.3983,2.7144
2016-09-28,2.1684,2.3775,2.7244
2016-09-29,2.1684,2.3884,2.7282
2016-09-30,2.1584,2.411,2.7258
2016-10-10,2.1487,2.398,2.6735
2016-10-11,2.1513,2.398,2.6835
2016-10-12,2.159,2.3978,2.7098
2016-10-13,2.1467,2.3887,2.701
2016-10-14,2.1381,2.378,2.6952
2016-10-17,2.1496,2.3884,2.6904
2016-10-18,2.1447,2.3191,2.6965
2016-10-19,2.1361,2.3087,2.6664
2016-10-20,2.1361,2.2926,2.6518
2016-10-21,2.1461,2.3024,2.6451
2016-10-24,2.1593,2.3177,2.6595
2016-10-25,2.1493,2.3025,2.6859
2016-10-26,2.1803,2.3385,2.72
2016-10-27,2.187,2.3489,2.7068
2016-10-28,2.1751,2.3397,2.7027
2016-10-31,2.1712,2.3407,2.7425
2016-11-01,2.1741,2.3516,2.7375
2016-11-02,2.1621,2.3515,2.7372
2016-11-03,2.15,2.3418,2.7301
2016-11-04,2.1391,2.3422,2.7339
2016-11-07,2.1451,2.3581,2.7475
2016-11-08,2.1451,2.3635,2.7634
2016-11-09,2.1401,2.3689,2.7651
2016-11-10,2.1401,2.3691,2.7926
2016-11-11,2.1406,2.3714,2.815
2016-11-14,2.1313,2.3656,2.8577
2016-11-15,2.1618,2.4062,2.8501
2016-11-16,2.1514,2.4068,2.8652
2016-11-17,2.1813,2.4318,2.9055
2016-11-18,2.2258,2.4463,2.8901
2016-11-21,2.2027,2.4567,2.8851
2016-11-22,2.1753,2.4587,2.8689
2016-11-23,2.1853,2.4588,2.8451
2016-11-24,2.2002,2.4755,2.8502
2016-11-25,2.2294,2.5102,2.865
2016-11-28,2.22,2.5122,2.8502
2016-11-29,2.2599,2.5525,2.8906
2016-11-30,2.301,2.6027,2.9502
2016-12-01,2.327,2.6437,2.9893
2016-12-02,2.3509,2.6632,2.9895
2016-12-05,2.3974,2.6216,3.0302
2016-12-06,2.3702,2.6654,3.1151
2016-12-07,2.3984,2.6722,3.0877
2016-12-08,2.44,2.6701,3.0753
2016-12-09,2.5096,2.6895,3.0853
2016-12-12,2.5744,2.7132,3.1458
2016-12-13,2.5995,2.7487,3.1863
2016-12-14,2.7059,2.7489,3.2186
2016-12-15,2.8556,2.9163,3.3315
2016-12-16,2.9874,2.9986,3.2803
2016-12-19,3.0491,3.0498,3.3316
2016-12-20,3.0491,3.1229,3.3739
2016-12-21,2.9194,3.0588,3.2815
2016-12-22,2.8718,3.0588,3.1908
2016-12-23,2.7165,2.9981,3.1769
2016-12-26,2.7236,2.9278,3.1551
2016-12-27,2.7348,2.9256,3.1628
2016-12-28,2.7507,2.9206,3.1223
2016-12-29,2.718,2.8067,3.0471
2016-12-30,2.6493,2.785,3.0115
2017-01-03,2.7484,2.8265,3.1054
2017-01-04,2.749,2.8599,3.1823
2017-01-05,2.7804,2.8567,3.2086
2017-01-06,2.7799,2.8348,3.1953
2017-01-09,2.765,2.816,3.1692
2017-01-10,2.7252,2.8191,3.1792
2017-01-11,2.7164,2.853,3.2055
2017-01-12,2.7147,2.8106,3.1888
2017-01-13,2.6866,2.8121,3.2022
2017-01-16,2.6224,2.7933,3.2496
2017-01-17,2.6677,2.8382,3.2692
2017-01-18,2.638,2.8194,3.2682
2017-01-19,2.6678,2.8168,3.2584
2017-01-20,2.6413,2.8082,3.244
2017-01-23,2.6429,2.7808,3.2429
2017-01-24,2.6418,2.7961,3.2837
2017-01-25,2.6543,2.8213,3.3463
2017-01-26,2.6757,2.8212,3.3465
2017-02-03,2.7402,2.8551,3.4214
2017-02-06,2.8439,2.9079,3.4905
2017-02-07,2.8942,2.9554,3.4866
2017-02-08,2.8621,2.9508,3.4591
2017-02-09,2.83,2.9514,3.4148
2017-02-10,2.8357,2.951,3.4368
2017-02-13,2.8467,2.9367,3.4192
2017-02-14,2.8228,2.9519,3.4107
2017-02-15,2.8226,2.9206,3.4058
2017-02-16,2.8127,2.9017,3.3559
2017-02-17,2.7982,2.8805,3.3311
2017-02-20,2.7505,2.8806,3.2812
2017-02-21,2.7166,2.8452,3.3013
2017-02-22,2.7087,2.8673,3.2839
2017-02-23,2.698,2.8575,3.2714
2017-02-24,2.7069,2.8886,3.2916
2017-02-27,2.7106,2.8945,3.2871
2017-02-28,2.7121,2.9001,3.292
2017-03-01,2.7144,2.8894,3.3252
2017-03-02,2.7617,2.8897,3.3483
2017-03-03,2.8002,2.9024,3.3573
2017-03-06,2.786,2.895,3.3615
2017-03-07,2.7857,2.9254,3.3643
2017-03-08,2.8246,2.9581,3.4088
2017-03-09,2.8368,2.9348,3.4151
2017-03-10,2.8271,2.9328,3.4156
2017-03-13,2.8138,2.9078,3.3851
2017-03-14,2.8314,2.9169,3.3653
2017-03-15,2.8365,2.9165,3.3524
2017-03-16,2.859,2.9187,3.3097
2017-03-17,2.8648,2.9292,3.3124
2017-03-20,2.8579,2.9321,3.3141
2017-03-21,2.8939,2.9759,3.3141
2017-03-22,2.8885,3.0138,3.3068
2017-03-23,2.8841,3.0742,3.3034
2017-03-24,2.8517,3.0619,3.2529
2017-03-27,2.8517,3.0413,3.2451
2017-03-28,2.8467,3.0319,3.2626
2017-03-29,2.8442,3.036,3.2695
2017-03-30,2.8443,3.0253,3.289
2017-03-31,2.8632,3.0186,3.2828
2017-04-05,2.9555,3.027,3.3102
2017-04-06,2.9766,3.0256,3.3109
2017-04-07,2.9962,3.0236,3.2966
2017-04-10,3.0066,3.023,3.3166
2017-04-11,3.0041,3.0344,3.3209
2017-04-12,3.0016,3.0248,3.3283
2017-04-13,3.0017,3.0302,3.322
2017-04-14,3.0333,3.0584,3.3599
2017-04-17,3.0757,3.0838,3.416
2017-04-18,3.0908,3.1436,3.4064
2017-04-19,3.0912,3.1481,3.4065
2017-04-20,3.1164,3.1509,3.424
2017-04-21,3.105,3.1635,3.4614
2017-04-24,3.1138,3.1867,3.4991
2017-04-25,3.115,3.1993,3.4568
2017-04-26,3.14,3.237,3.4519
2017-04-27,3.17,3.2306,3.4494
2017-04-28,3.1672,3.2298,3.4668
2017-05-02,3.2422,3.3052,3.487
2017-05-03,3.3079,3.3486,3.5219
2017-05-04,3.3736,3.42,3.5517
2017-05-05,3.3922,3.4297,3.5592
2017-05-08,3.3919,3.5003,3.6042
2017-05-09,3.4074,3.5254,3.6325
2017-05-10,3.453,3.5805,3.69
2017-05-11,3.4348,3.6015,3.64
2017-05-12,3.4683,3.6493,3.6525
2017-05-15,3.4709,3.6008,3.61
2017-05-16,3.4883,3.6057,3.6225
2017-05-17,3.4856,3.6797,3.6275
2017-05-18,3.4785,3.6696,3.6075
2017-05-19,3.4827,3.6914,3.625
2017-05-22,3.4876,3.7246,3.6601
2017-05-23,3.4923,3.7096,3.6725
2017-05-24,3.486,3.6746,3.6601
2017-05-25,3.4655,3.6402,3.6476
2017-05-26,3.4704,3.6392,3.6501
2017-05-31,3.4542,3.5747,3.6102
2017-06-01,3.4818,3.5772,3.6152
2017-06-02,3.4964,3.589,3.6277
2017-06-05,3.5018,3.5844,3.6152
2017-06-06,3.5158,3.5897,3.6328
2017-06-07,3.5982,3.6146,3.6427
2017-06-08,3.659,3.6198,3.6478
2017-06-09,3.6574,3.5893,3.6303
2017-06-12,3.6138,3.5449,3.5841
2017-06-13,3.6138,3.5498,3.5754
2017-06-14,3.6042,3.5622,3.5354
2017-06-15,3.5941,3.547,3.5554
2017-06-16,3.5979,3.5549,3.568
2017-06-19,3.573,3.4868,3.5006
2017-06-20,3.5488,3.4738,3.4881
2017-06-21,3.5488,3.4949,3.5406
2017-06-22,3.5489,3.5417,3.5607
2017-06-23,3.5057,3.5362,3.5457
2017-06-26,3.4815,3.4991,3.5134
2017-06-27,3.4495,3.4549,3.5084
2017-06-28,3.4545,3.4697,3.5333
2017-06-29,3.4496,3.4664,3.5483
2017-06-30,3.46,3.4973,3.5683
2017-07-03,3.4596,3.5259,3.6033
2017-07-04,3.4546,3.5132,3.6009
2017-07-05,3.4648,3.4921,3.576
2017-07-06,3.4464,3.4667,3.566
2017-07-07,3.4575,3.4757,3.5897
2017-07-10,3.4579,3.485,3.5911
2017-07-11,3.4579,3.4823,3.5836
2017-07-12,3.456,3.4821,3.5749
2017-07-13,3.4525,3.4775,3.5643
2017-07-14,3.4506,3.476,3.5637
2017-07-17,3.4383,3.4706,3.5626
2017-07-18,3.4378,3.5006,3.5851
2017-07-19,3.442,3.4946,3.5901
2017-07-20,3.4071,3.4756,3.574
2017-07-21,3.4047,3.484,3.5829
2017-07-24,3.406,3.4793,3.5769
2017-07-25,3.3923,3.4932,3.592
2017-07-26,3.3998,3.5147,3.617
2017-07-27,3.3889,3.5139,3.6021
2017-07-28,3.383,3.509,3.6034
2017-07-31,3.3974,3.5078,3.626
2017-08-01,3.4127,3.4906,3.6373
2017-08-02,3.3964,3.4706,3.6311
2017-08-03,3.38,3.4709,3.6262
2017-08-04,3.3303,3.4666,3.6262
2017-08-07,3.3563,3.4616,3.6626
2017-08-08,3.3614,3.4751,3.6538
2017-08-09,3.3621,3.4822,3.66
2017-08-10,3.3448,3.47,3.6375
2017-08-11,3.3413,3.4728,3.6163
2017-08-14,3.326,3.4532,3.5925
2017-08-15,3.3403,3.4632,3.5801
2017-08-16,3.335,3.4763,3.5988
2017-08-17,3.3333,3.4843,3.5926
2017-08-18,3.3373,3.487,3.5951
2017-08-21,3.3364,3.4927,3.6181
2017-08-22,3.3352,3.5006,3.6201
2017-08-23,3.3355,3.506,3.6152
2017-08-24,3.3468,3.5394,3.6252
2017-08-25,3.361,3.5607,3.6327
2017-08-28,3.3605,3.5876,3.6502
2017-08-29,3.3609,3.5873,3.6303
2017-08-30,3.3957,3.5852,3.6303
2017-08-31,3.3883,3.5797,3.6265
2017-09-01,3.3909,3.5761,3.6353
2017-09-04,3.3959,3.5816,3.6454
2017-09-05,3.4214,3.5843,3.6641
2017-09-06,3.5062,3.5719,3.6554
2017-09-07,3.4837,3.542,3.6155
2017-09-08,3.4625,3.512,3.6005
2017-09-11,3.4771,3.5191,3.6156
2017-09-12,3.4832,3.5161,3.6181
2017-09-13,3.4912,3.5264,3.6356
2017-09-14,3.4803,3.523,3.5982
2017-09-15,3.4759,3.5217,3.5982
2017-09-18,3.4695,3.5334,3.622
2017-09-19,3.4759,3.5484,3.6158
2017-09-20,3.4661,3.5785,3.6209
2017-09-21,3.4715,3.5931,3.6334
2017-09-22,3.4674,3.5762,3.6209
2017-09-25,3.4686,3.5661,3.5985
2017-09-26,3.4477,3.5692,3.6172
2017-09-27,3.4566,3.5741,3.6235
2017-09-28,3.4579,3.5729,3.6136
2017-09-29,3.4585,3.5514,3.6136
2017-10-09,3.4826,3.5846,3.6477
2017-10-10,3.4914,3.5892,3.647
2017-10-11,3.4788,3.5796,3.654
2017-10-12,3.4891,3.5984,3.6765
2017-10-13,3.4881,3.5801,3.674
2017-10-16,3.4966,3.5896,3.7054
2017-10-17,3.5037,3.6108,3.7409
2017-10-18,3.4962,3.6145,3.7366
2017-10-19,3.4937,3.5927,3.7167
2017-10-20,3.4836,3.6012,3.7217
2017-10-23,3.4856,3.6044,3.7231
2017-10-24,3.4844,3.6124,3.722
2017-10-25,3.4969,3.6478,3.7768
2017-10-26,3.5127,3.6463,3.7769
2017-10-27,3.5194,3.6583,3.8266
2017-10-30,3.5532,3.7308,3.9115
2017-10-31,3.5683,3.721,3.8917
2017-11-01,3.5792,3.6808,3.863
2017-11-02,3.5791,3.6911,3.8718
2017-11-03,3.576,3.6812,3.8816
2017-11-06,3.5977,3.6758,3.8694
2017-11-07,3.5994,3.681,3.8813
2017-11-08,3.5927,3.7018,3.8725
2017-11-09,3.5787,3.7024,3.8863
2017-11-10,3.5922,3.7212,3.9
2017-11-13,3.5922,3.7488,3.95
2017-11-14,3.5955,3.7745,3.9525
2017-11-15,3.6154,3.7435,3.95
2017-11-16,3.6154,3.7333,3.9225
2017-11-17,3.6154,3.7449,3.92
2017-11-20,3.6101,3.7547,3.94
2017-11-21,3.6203,3.7699,3.95
2017-11-22,3.6403,3.7852,3.985
2017-11-23,3.6498,3.7804,3.9851
2017-11-24,3.6688,3.7686,3.9463
2017-11-27,3.6905,3.7787,3.9501
2017-11-28,3.7,3.7836,3.9601
2017-11-29,3.6801,3.7741,3.9101
2017-11-30,3.6404,3.7759,3.8901
2017-12-01,3.6344,3.7658,3.8852
2017-12-04,3.6305,3.7661,3.8902
2017-12-05,3.6342,3.7608,3.8752
2017-12-06,3.7442,3.7452,3.8752
2017-12-07,3.7348,3.7452,3.8927
2017-12-08,3.7546,3.7554,3.9102
2017-12-11,3.7548,3.7717,3.9303
2017-12-12,3.7647,3.7766,3.9378
2017-12-13,3.7846,3.7911,3.9303
2017-12-14,3.7781,3.7709,3.9104
2017-12-15,3.7781,3.7653,3.8904
2017-12-18,3.7631,3.7654,3.8904
2017-12-19,3.773,3.7507,3.9005
2017-12-20,3.8029,3.7907,3.9005
2017-12-21,3.7979,3.7943,3.9005
2017-12-22,3.7979,3.8,3.878
2017-12-25,3.7979,3.7951,3.8731
2017-12-26,3.7979,3.811,3.8881
2017-12-27,3.7979,3.8112,3.8956
2017-12-28,3.7955,3.8063,3.8857
2017-12-29,3.7909,3.7808,3.8807
2018-01-02,3.6767,3.7786,3.9008
2018-01-03,3.6667,3.7426,3.9162
2018-01-04,3.5968,3.7496,3.9319
2018-01-05,3.5392,3.7164,3.9212
2018-01-08,3.5336,3.6771,3.911
2018-01-09,3.5382,3.6528,3.8909
2018-01-10,3.5675,3.651,3.9201
2018-01-11,3.5675,3.6739,3.9546
2018-01-12,3.5827,3.6619,3.9337
2018-01-15,3.5826,3.6787,3.965
2018-01-16,3.5828,3.663,3.9596
2018-01-17,3.5828,3.6647,3.9597
2018-01-18,3.5828,3.6652,3.9797
2018-01-19,3.5603,3.6712,3.9754
2018-01-22,3.5198,3.6585,3.9522
2018-01-23,3.5398,3.6448,3.9414
2018-01-24,3.5198,3.6108,3.9507
2018-01-25,3.5098,3.6379,3.9435
2018-01-26,3.5205,3.6352,3.9365
2018-01-29,3.5101,3.6112,3.9368
2018-01-30,3.5101,3.6409,3.9292
2018-01-31,3.4701,3.6263,3.914
2018-02-01,3.4301,3.6218,3.9066
2018-02-02,3.4404,3.6371,3.9092
2018-02-05,3.4514,3.6429,3.9167
2018-02-06,3.4088,3.6236,3.8825
2018-02-07,3.4014,3.6138,3.87
2018-02-08,3.3986,3.6167,3.8801
2018-02-09,3.3938,3.6196,3.88
2018-02-12,3.3868,3.6182,3.875
2018-02-13,3.388,3.6186,3.87
2018-02-14,3.374,3.6186,3.8702
2018-02-22,3.3905,3.6193,3.8752
2018-02-23,3.3773,3.6092,3.8702
2018-02-26,3.306,3.5404,3.8452
2018-02-27,3.2713,3.5316,3.8201
2018-02-28,3.2314,3.5228,3.8202
2018-03-01,3.238,3.5337,3.8201
2018-03-02,3.269,3.5343,3.8352
2018-03-05,3.2769,3.535,3.8453
2018-03-06,3.2771,3.5546,3.8253
2018-03-07,3.2583,3.545,3.8203
2018-03-08,3.2677,3.5321,3.8203
2018-03-09,3.2599,3.5305,3.8278
2018-03-12,3.2779,3.5309,3.8243
2018-03-13,3.3059,3.5357,3.8362
2018-03-14,3.3092,3.5327,3.8413
2018-03-15,3.3198,3.5424,3.8257
2018-03-16,3.3154,3.546,3.8154
2018-03-19,3.3128,3.5463,3.8104
2018-03-20,3.3144,3.5416,3.7906
2018-03-21,3.2846,3.5381,3.763
2018-03-22,3.2698,3.5286,3.748
2018-03-23,3.2367,3.5098,3.7005
2018-03-26,3.29,3.5226,3.7307
2018-03-27,3.3221,3.5526,3.7432
2018-03-28,3.3221,3.5584,3.7406
2018-03-29,3.3221,3.5537,3.7456
2018-03-30,3.3221,3.5697,3.7407
2018-04-02,3.2831,3.5579,3.7357
2018-04-03,3.2991,3.5515,3.7507
2018-04-04,3.2591,3.534,3.7234
2018-04-09,3.2281,3.4731,3.6959
2018-04-10,3.2384,3.4614,3.7159
2018-04-11,3.2387,3.4398,3.7109
2018-04-12,3.2092,3.4105,3.7109
2018-04-13,3.2013,3.3682,3.7062
2018-04-16,3.1707,3.3511,3.6561
2018-04-17,3.1611,3.3112,3.6512
2018-04-18,2.9125,3.1724,3.5013
2018-04-19,2.9611,3.2126,3.5064
2018-04-20,3.0061,3.1928,3.5215
2018-04-23,3.0484,3.217,3.6019
2018-04-24,3.0152,3.1779,3.5855
2018-04-25,3.0247,3.178,3.6118
2018-04-26,3.0279,3.1832,3.6344
2018-04-27,3.0155,3.1989,3.6364
2018-05-02,3.0208,3.2529,3.6665
2018-05-03,2.977,3.241,3.6467
2018-05-04,2.9372,3.23,3.6319
2018-05-07,2.9319,3.2282,3.6518
2018-05-08,2.9233,3.235,3.6922
2018-05-09,2.9295,3.2349,3.7074
2018-05-10,2.9235,3.2188,3.6924
2018-05-11,2.9305,3.2063,3.6882
2018-05-14,2.9469,3.222,3.6937
2018-05-15,2.9669,3.2215,3.7151
2018-05-16,3.0185,3.2404,3.7076
2018-05-17,3.0701,3.2407,3.712
2018-05-18,3.0711,3.228,3.7099
2018-05-21,3.1368,3.2481,3.6939
2018-05-22,3.1229,3.2596,3.67
2018-05-23,3.1233,3.2615,3.64
2018-05-24,3.1245,3.2813,3.6501
2018-05-25,3.1249,3.2785,3.6126
2018-05-28,3.1415,3.2873,3.6101
2018-05-29,3.1397,3.2864,3.6001
2018-05-30,3.1528,3.2957,3.5976
2018-05-31,3.1488,3.3018,3.6129
2018-06-01,3.1619,3.3603,3.6202
2018-06-04,3.1751,3.3807,3.6532
2018-06-05,3.1703,3.4199,3.6602
2018-06-06,3.2003,3.4337,3.6602
2018-06-07,3.2161,3.4307,3.6702
2018-06-08,3.2117,3.3858,3.6453
2018-06-11,3.218,3.3971,3.6502
2018-06-12,3.2414,3.4433,3.6853
2018-06-13,3.2406,3.4277,3.6627
2018-06-14,3.2209,3.4044,3.6227
2018-06-15,3.2183,3.3952,3.6028
2018-06-19,3.2168,3.3809,3.5603
2018-06-20,3.2848,3.3842,3.6054
2018-06-21,3.2856,3.3866,3.5753
2018-06-22,3.2775,3.3844,3.5604
2018-06-25,3.2792,3.3904,3.5803
2018-06-26,3.2772,3.376,3.5804
2018-06-27,3.2775,3.3756,3.5529
2018-06-28,3.2242,3.3518,3.5304
2018-06-29,3.159,3.3124,3.4756
2018-07-02,3.134,3.2844,3.4668
2018-07-03,3.0543,3.267,3.4955
2018-07-04,3.0602,3.2721,3.5107
2018-07-05,3.0304,3.2647,3.5005
2018-07-06,3.0208,3.2656,3.5259
2018-07-09,3.0404,3.2833,3.5432
2018-07-10,3.0603,3.2911,3.5431
2018-07-11,3.0654,3.2665,3.5107
2018-07-12,3.0654,3.2568,3.5158
2018-07-13,3.0654,3.241,3.4858
2018-07-16,3.0259,3.222,3.4808
2018-07-17,3.0259,3.2334,3.4808
2018-07-18,3.0508,3.2383,3.4708
2018-07-19,3.0507,3.2131,3.4409
2018-07-20,3.0507,3.243,3.5135
2018-07-23,3.0508,3.2391,3.5186
2018-07-24,3.0508,3.2347,3.5615
2018-07-25,3.011,3.2053,3.5614
2018-07-26,2.991,3.1754,3.5361
2018-07-27,2.9025,3.1259,3.5212
2018-07-30,2.8816,3.0871,3.5213
2018-07-31,2.841,3.0578,3.4812
2018-08-01,2.807,3.0695,3.4638
2018-08-02,2.7722,3.0608,3.4713
2018-08-03,2.7247,3.0375,3.4567
2018-08-06,2.6627,3.0254,3.4568
2018-08-07,2.603,3.017,3.4876
2018-08-08,2.623,3.0594,3.5222
2018-08-09,2.7227,3.1129,3.5476
2018-08-10,2.7252,3.119,3.5525
2018-08-13,2.813,3.1682,3.5826
2018-08-14,2.8122,3.1844,3.5519
2018-08-15,2.84,3.1836,3.5829
2018-08-16,2.8408,3.2297,3.6141
2018-08-17,2.8833,3.2831,3.6524
2018-08-20,2.9004,3.2928,3.6326
2018-08-21,2.9432,3.3476,3.63
2018-08-22,2.9034,3.3255,3.6075
2018-08-23,2.8791,3.2745,3.6101
2018-08-24,2.8376,3.2934,3.6278
2018-08-27,2.8545,3.3029,3.6303
2018-08-28,2.867,3.3115,3.6101
2018-08-29,2.8593,3.3028,3.6101
2018-08-30,2.8344,3.2954,3.5801
2018-08-31,2.8451,3.2727,3.5751
2018-09-03,2.8387,3.3132,3.5951
2018-09-04,2.8476,3.3317,3.6101
2018-09-05,2.847,3.3392,3.6101
2018-09-06,2.8414,3.3486,3.6101
2018-09-07,2.8438,3.3607,3.6301
2018-09-10,2.8407,3.3947,3.6551
2018-09-11,2.8457,3.4186,3.6751
2018-09-12,2.849,3.4155,3.6551
2018-09-13,2.8593,3.3804,3.6526
2018-09-14,2.8623,3.3678,3.6351
2018-09-17,2.8636,3.3569,3.6327
2018-09-18,2.8793,3.3554,3.6452
2018-09-19,3.0102,3.3544,3.6727
2018-09-20,3.0314,3.3633,3.7003
2018-09-21,3.0266,3.351,3.6752
2018-09-25,3.0271,3.3245,3.6754
2018-09-26,3.0251,3.3092,3.6503
2018-09-27,3.0177,3.2932,3.6253
2018-09-28,3.0038,3.2791,3.6154
2018-10-08,2.9579,3.2884,3.6155
2018-10-09,2.9388,3.2803,3.6156
2018-10-10,2.9395,3.2303,3.6156
2018-10-11,2.8902,3.1976,3.5806
2018-10-12,2.8904,3.2081,3.5831
2018-10-15,2.88,3.2068,3.5857
2018-10-16,2.8902,3.2072,3.5757
2018-10-17,2.9027,3.2024,3.5807
2018-10-18,2.9027,3.1902,3.5508
2018-10-19,2.9027,3.1882,3.5658
2018-10-22,2.9027,3.1994,3.591
2018-10-23,2.8879,3.2077,3.5709
2018-10-24,2.8562,3.196,3.5409
2018-10-25,2.8562,3.1913,3.5409
2018-10-26,2.844,3.1919,3.541
2018-10-29,2.8203,3.1479,3.5111
2018-10-30,2.8054,3.1385,3.5161
2018-10-31,2.8054,3.1595,3.5086
2018-11-01,2.7858,3.1806,3.4936
2018-11-02,2.7863,3.1915,3.5461
2018-11-05,2.7763,3.1882,3.5312
2018-11-06,2.7516,3.1641,3.5113
2018-11-07,2.7269,3.1139,3.4813
2018-11-08,2.6771,3.0956,3.4813
2018-11-09,2.6586,3.0866,3.4763
2018-11-12,2.6123,3.0953,3.4865
2018-11-13,2.5913,3.0706,3.474
2018-11-14,2.559,2.9891,3.4218
2018-11-15,2.5092,2.9897,3.3915
2018-11-16,2.508,2.981,3.3515
2018-11-19,2.5092,3.0077,3.3772
2018-11-20,2.5191,3.0247,3.3771
2018-11-21,2.4968,3.0166,3.3716
2018-11-22,2.4892,3.0186,3.3917
2018-11-23,2.5115,3.0132,3.3917
2018-11-26,2.5007,3.0098,3.4151
2018-11-27,2.495,3.0108,3.4
2018-11-28,2.48,3.0015,3.37
2018-11-29,2.47,2.9956,3.36
2018-11-30,2.4826,2.9899,3.355
2018-12-03,2.4823,2.9982,3.35
2018-12-04,2.4604,2.9738,3.305
2018-12-05,2.4604,2.9333,3.275
2018-12-06,2.4585,2.9015,3.2751
2018-12-07,2.46,2.881,3.2853
2018-12-10,2.4839,2.858,3.2678
2018-12-11,2.4742,2.868,3.2652
2018-12-12,2.4607,2.8708,3.2703
2018-12-13,2.4617,2.8943,3.3311
2018-12-14,2.4792,2.9153,3.3468
2018-12-17,2.4711,2.9339,3.3713
2018-12-18,2.4861,2.934,3.3714
2018-12-19,2.7011,2.9237,3.3412
2018-12-20,2.6906,2.8772,3.3003
2018-12-21,2.6806,2.8709,3.3168
2018-12-24,2.7045,2.8998,3.3483
2018-12-25,2.7146,2.8972,3.3113
2018-12-26,2.7001,2.9002,3.3011
2018-12-27,2.6611,2.902,3.2709
2018-12-28,2.603,2.8697,3.2315
2019-01-02,2.5014,2.7859,3.1734
2019-01-03,2.5017,2.7776,3.141
2019-01-04,2.4525,2.7922,3.1513
2019-01-07,2.4026,2.7917,3.1507
2019-01-08,2.3528,2.753,3.1211
2019-01-09,2.3777,2.7604,3.1106
2019-01-10,2.3627,2.7736,3.1006
2019-01-11,2.4065,2.792,3.1058
2019-01-14,2.426,2.7927,3.1297
2019-01-15,2.4345,2.7922,3.1383
2019-01-16,2.36,2.7457,3.0745
2019-01-17,2.35,2.6873,3.076
2019-01-18,2.3498,2.7061,3.091
2019-01-21,2.4209,2.7202,3.1037
2019-01-22,2.3999,2.7225,3.1071
2019-01-23,2.4099,2.7326,3.119
2019-01-24,2.4004,2.7339,3.1338
2019-01-25,2.3804,2.7497,3.1398
2019-01-28,2.3961,2.7373,3.1397
2019-01-29,2.3877,2.6983,3.1246
2019-01-30,2.3803,2.6807,3.1151
2019-01-31,2.3873,2.6885,3.1037
2019-02-01,2.351,2.6874,3.1032
2019-02-11,2.3381,2.6722,3.067
2019-02-12,2.3053,2.6493,3.0748
2019-02-13,2.3251,2.6424,3.0719
2019-02-14,2.313,2.6631,3.0726
2019-02-15,2.3094,2.6533,3.0794
2019-02-18,2.3206,2.6732,3.1094
2019-02-19,2.3141,2.6732,3.1279
2019-02-20,2.3053,2.6932,3.1196
2019-02-21,2.3356,2.6895,3.1361
2019-02-22,2.3592,2.7013,3.1451
2019-02-25,2.344,2.7331,3.1787
2019-02-26,2.3546,2.7708,3.1878
2019-02-27,2.39,2.7687,3.1689
2019-02-28,2.4053,2.7597,3.1731
2019-03-01,2.4338,2.7896,3.187
2019-03-04,2.4442,2.8132,3.2023
2019-03-05,2.4431,2.832,3.2149
2019-03-06,2.4486,2.8519,3.2021
2019-03-07,2.4532,2.843,3.1572
2019-03-08,2.4503,2.8031,3.1423
2019-03-11,2.4471,2.8226,3.1374
2019-03-12,2.4613,2.8274,3.1424
2019-03-13,2.4705,2.8201,3.1375
2019-03-14,2.4719,2.828,3.1475
2019-03-15,2.4632,2.783,3.1376
2019-03-18,2.4773,2.8042,3.1377
2019-03-19,2.4787,2.7751,3.1377
2019-03-20,2.4698,2.7862,3.1453
2019-03-21,2.4498,2.7818,3.1291
2019-03-22,2.4655,2.7616,3.108
2019-03-25,2.4795,2.7565,3.0831
2019-03-26,2.4706,2.7376,3.0633
2019-03-27,2.4669,2.7216,3.0882
2019-03-28,2.4478,2.7171,3.0634
2019-03-29,2.4377,2.7126,3.0683
2019-04-01,2.4407,2.7526,3.1332
2019-04-02,2.4522,2.7621,3.1681
2019-04-03,2.4639,2.8695,3.2331
2019-04-04,2.4759,2.9004,3.2679
2019-04-08,2.4746,2.8934,3.2482
2019-04-09,2.4664,2.926,3.2882
2019-04-10,2.4753,2.9424,3.2932
2019-04-11,2.4794,2.9422,3.2784
2019-04-12,2.52,2.9453,3.3334
2019-04-15,2.5336,2.9851,3.3736
2019-04-16,2.5856,3.0431,3.3937
2019-04-17,2.7156,3.0535,3.3938
2019-04-18,2.6712,3.0238,3.3589
2019-04-19,2.6797,2.9916,3.3741
2019-04-22,2.6913,3.023,3.4091
2019-04-23,2.702,3.0255,3.3993
2019-04-24,2.6968,3.0341,3.4343
2019-04-25,2.6902,3.032,3.4193
2019-04-26,2.6743,3.0293,3.4043
2019-04-29,2.7224,3.0376,3.4268
2019-04-30,2.6902,3.0343,3.3869
2019-05-06,2.6794,2.9785,3.355
2019-05-07,2.6764,3.0543,3.3551
2019-05-08,2.6801,3.0178,3.3426
2019-05-09,2.6618,2.9859,3.3116
2019-05-10,2.685,2.9831,3.3017
2019-05-13,2.6844,2.9756,3.2709
2019-05-14,2.6783,2.9898,3.2859
2019-05-15,2.6848,2.9891,3.2762
2019-05-16,2.683,2.9513,3.2662
2019-05-17,2.6775,2.9619,3.2665
2019-05-20,2.6593,2.9646,3.2717
2019-05-21,2.6623,2.9823,3.299
2019-05-22,2.7,2.9808,3.3264
2019-05-23,2.695,2.9651,3.31
2019-05-24,2.6912,2.965,3.3125
2019-05-27,2.7535,3.0048,3.35
2019-05-28,2.7352,2.9744,3.31
2019-05-29,2.715,2.9537,3.2875
2019-05-30,2.6964,2.9245,3.275
2019-05-31,2.679,2.9418,3.2751
2019-06-03,2.6934,2.9404,3.2401
2019-06-04,2.671,2.9364,3.2101
2019-06-05,2.6632,2.9484,3.21
2019-06-06,2.6542,2.9533,3.2136
2019-06-10,2.6661,2.9741,3.2251
2019-06-11,2.6772,2.9948,3.2651
2019-06-12,2.6849,2.9765,3.2601
2019-06-13,2.7155,2.9647,3.2451
2019-06-14,2.7338,2.9415,3.2302
2019-06-17,2.7264,2.929,3.2252
2019-06-18,2.727,2.9284,3.2302
2019-06-19,2.7231,2.929,3.2427
2019-06-20,2.6889,2.9114,3.2352
2019-06-21,2.6608,2.9132,3.2303
2019-06-24,2.6633,2.9302,3.2453
2019-06-25,2.6593,2.9242,3.2353
2019-06-26,2.6604,2.9261,3.2453
2019-06-27,2.6565,2.9453,3.2553
2019-06-28,2.6429,2.9406,3.2254
2019-07-01,2.6554,2.9366,3.2254
2019-07-02,2.6263,2.9021,3.1704
2019-07-03,2.5926,2.8788,3.1554
2019-07-04,2.5845,2.8771,3.1479
2019-07-05,2.5957,2.9012,3.1705
2019-07-08,2.61,2.9112,3.1805
2019-07-09,2.6267,2.9118,3.168
2019-07-10,2.5918,2.9258,3.1706
2019-07-11,2.6031,2.8974,3.168
2019-07-12,2.6186,2.8876,3.1531
2019-07-15,2.6244,2.914,3.1782
2019-07-16,2.6246,2.911,3.1732
2019-07-17,2.6378,2.9045,3.1757
2019-07-18,2.6382,2.897,3.1608
2019-07-19,2.6344,2.8974,3.1559
2019-07-22,2.6386,2.8908,3.1484
2019-07-23,2.6302,2.8845,3.1484
2019-07-24,2.6317,2.9024,3.171
2019-07-25,2.6317,2.8957,3.1635
2019-07-26,2.6267,2.9009,3.1661
2019-07-29,2.6277,2.9096,3.1836
2019-07-30,2.6285,2.9096,3.1761
2019-07-31,2.6183,2.8945,3.1552
2019-08-01,2.6155,2.8905,3.1487
2019-08-02,2.5974,2.8583,3.0914
2019-08-05,2.5875,2.8422,3.0563
2019-08-06,2.5724,2.8475,3.0613
2019-08-07,2.572,2.7667,3.0514
2019-08-08,2.5752,2.7591,3.0465
2019-08-09,2.5695,2.7778,3.0216
2019-08-12,2.5906,2.7807,3.0391
2019-08-13,2.5915,2.7733,3.0041
2019-08-14,2.5896,2.7712,3.0105
2019-08-15,2.5965,2.7713,3.0115
2019-08-16,2.5949,2.7818,3.0217
2019-08-19,2.5969,2.7772,3.0191
2019-08-20,2.6012,2.7724,3.0317
2019-08-21,2.628,2.7726,3.0567
2019-08-22,2.6236,2.7856,3.0543
2019-08-23,2.6195,2.7785,3.0644
2019-08-26,2.6081,2.7741,3.0494
2019-08-27,2.6258,2.7732,3.052
2019-08-28,2.626,2.7742,3.052
2019-08-29,2.6311,2.7626,3.0321
2019-08-30,2.618,2.7798,3.0573
2019-09-02,2.6206,2.7986,3.0723
2019-09-03,2.6235,2.8391,3.0624
2019-09-04,2.63,2.8295,3.0473
2019-09-05,2.6129,2.7644,3.0173
2019-09-06,2.6102,2.744,3.0173
2019-09-09,2.6298,2.7475,3.025
2019-09-10,2.62,2.7413,3.0425
2019-09-11,2.6119,2.7468,3.0525
2019-09-12,2.6012,2.7454,3.0876
2019-09-16,2.5961,2.7575,3.0926
2019-09-17,2.5963,2.7469,3.1076
2019-09-18,2.5503,2.747,3.1277
2019-09-19,2.5507,2.7474,3.1053
2019-09-20,2.5718,2.747,3.098
2019-09-23,2.5652,2.7508,3.1005
2019-09-24,2.5654,2.756,3.1205
2019-09-25,2.5503,2.7545,3.1157
2019-09-26,2.5457,2.7571,3.1381
2019-09-27,2.5413,2.7657,3.1482
2019-09-30,2.5628,2.787,3.1411
2019-10-08,2.5513,2.7845,3.1063
2019-10-09,2.5643,2.7706,3.1089
2019-10-10,2.5651,2.7654,3.1289
2019-10-11,2.5551,2.7719,3.1564
2019-10-14,2.5264,2.7834,3.1641
2019-10-15,2.5499,2.7886,3.1668
2019-10-16,2.5591,2.7964,3.1693
2019-10-17,2.5528,2.7855,3.1569
2019-10-18,2.5678,2.7908,3.187
2019-10-21,2.5857,2.8134,3.2196
2019-10-22,2.5784,2.82,3.2196
2019-10-23,2.6255,2.8204,3.2122
2019-10-24,2.6387,2.81,3.2196
2019-10-25,2.6204,2.8152,3.2372
2019-10-28,2.6318,2.8452,3.2924
2019-10-29,2.6369,2.8427,3.3029
2019-10-30,2.6644,2.9142,3.3125
2019-10-31,2.6648,2.9097,3.288
2019-11-01,2.6576,2.8806,3.2757
2019-11-04,2.6654,2.9068,3.2954
2019-11-05,2.6654,2.8858,3.2454
2019-11-06,2.6651,2.874,3.2555
2019-11-07,2.6588,2.8902,3.2736
2019-11-08,2.6579,2.8959,3.2765
2019-11-11,2.6535,2.891,3.2463
2019-11-12,2.6599,2.8964,3.255
2019-11-13,2.6978,2.8909,3.237
2019-11-14,2.6818,2.901,3.2555
2019-11-15,2.6877,2.8881,3.2355
2019-11-18,2.6622,2.8617,3.1993
2019-11-19,2.6473,2.848,3.1743
2019-11-20,2.6427,2.8421,3.1747
2019-11-21,2.6385,2.8187,3.1749
2019-11-22,2.6379,2.8154,3.1747
2019-11-25,2.6471,2.8397,3.1875
2019-11-26,2.6515,2.8401,3.1675
2019-11-27,2.6369,2.8324,3.17
2019-11-28,2.65,2.8354,3.165
2019-11-29,2.6431,2.832,3.165
2019-12-02,2.6506,2.8504,3.2062
2019-12-03,2.6365,2.8426,3.1746
2019-12-04,2.6235,2.8357,3.1751
2019-12-05,2.6297,2.8445,3.1776
2019-12-06,2.6414,2.8327,3.1751
2019-12-09,2.6386,2.8412,3.1903
2019-12-10,2.636,2.835,3.1776
2019-12-11,2.6104,2.8268,3.1702
2019-12-12,2.6104,2.8171,3.1652
2019-12-13,2.6135,2.8192,3.1828
2019-12-16,2.6233,2.8168,3.1854
2019-12-17,2.6306,2.8358,3.2133
2019-12-18,2.6185,2.8055,3.2139
2019-12-19,2.5969,2.7945,3.2139
2019-12-20,2.5795,2.7795,3.1808
2019-12-23,2.5545,2.7841,3.1661
2019-12-24,2.5008,2.7617,3.1535
2019-12-25,2.4808,2.7685,3.1463
2019-12-26,2.3918,2.7452,3.1137
2019-12-27,2.3788,2.7486,3.1292
2019-12-30,2.3623,2.7514,3.1322
2019-12-31,2.3631,2.7321,3.1365
2020-01-02,2.416,2.7458,3.1485
2020-01-03,2.4359,2.7595,3.1428
2020-01-06,2.4121,2.718,3.1352
2020-01-07,2.4272,2.7029,3.1379
2020-01-08,2.3,2.6585,3.1337
2020-01-09,2.3042,2.6686,3.1184
2020-01-10,2.2744,2.6776,3.0819
2020-01-13,2.2807,2.6889,3.084
2020-01-14,2.3009,2.7053,3.0994
2020-01-15,2.2854,2.7033,3.0897
2020-01-16,2.2721,2.7015,3.0918
2020-01-17,2.2618,2.7005,3.0832
2020-01-20,2.2019,2.6233,3.0776
2020-01-21,2.2058,2.6133,3.0337
2020-01-22,2.181,2.6008,3.0282
2020-01-23,2.181,2.5877,2.9932
2020-02-03,2.091,2.3978,2.8231
2020-02-04,2.1,2.4056,2.8551
2020-02-05,2.0773,2.4264,2.844
2020-02-06,2.0593,2.4327,2.8392
2020-02-07,2.0525,2.4039,2.8024
2020-02-10,2.0,2.3851,2.7872
2020-02-11,1.99,2.4153,2.834
2020-02-12,1.99,2.4223,2.8333
2020-02-13,1.981,2.4218,2.8201
2020-02-14,1.9613,2.4225,2.8631
2020-02-17,1.9358,2.4389,2.8928
2020-02-18,1.9358,2.4303,2.8664
2020-02-19,1.9365,2.4395,2.8776
2020-02-20,1.9459,2.4268,2.8857
2020-02-21,1.9309,2.4068,2.847
2020-02-24,1.8853,2.3948,2.812
2020-02-25,1.8951,2.3835,2.822
2020-02-26,1.8863,2.3835,2.7973
2020-02-27,1.9051,2.3821,2.7702
2020-02-28,1.9291,2.3831,2.7376
2020-03-02,1.9251,2.3951,2.7428
2020-03-03,1.958,2.4051,2.7478
2020-03-04,1.943,2.295,2.673
2020-03-05,1.943,2.2815,2.6829
2020-03-06,1.913,2.2265,2.628
2020-03-09,1.8806,2.1465,2.5205
2020-03-10,1.9068,2.187,2.613
2020-03-11,1.9154,2.2267,2.6079
2020-03-12,1.9166,2.2471,2.6379
2020-03-13,1.9234,2.2572,2.6759
2020-03-16,1.8954,2.2511,2.6758
2020-03-17,1.8954,2.2507,2.7135
2020-03-18,1.9154,2.2612,2.7136
2020-03-19,1.8853,2.251,2.7299
2020-03-20,1.8682,2.2429,2.6815
2020-03-23,1.8482,2.2032,2.6315
2020-03-24,1.8081,2.1639,2.6289
2020-03-25,1.7686,2.1265,2.6289
2020-03-26,1.7175,2.0824,2.594
2020-03-27,1.7412,2.0713,2.609
2020-03-30,1.7362,2.0454,2.6142
2020-03-31,1.687,2.0086,2.5899
2020-04-01,1.6778,1.9821,2.555
2020-04-02,1.6548,2.0093,2.5854
2020-04-03,1.6548,2.0076,2.5965
2020-04-07,1.3448,1.7925,2.5112
2020-04-08,1.2044,1.6958,2.4824
2020-04-09,1.2044,1.7177,2.5226
2020-04-10,1.24,1.7615,2.5403
2020-04-13,1.2643,1.7569,2.5658
2020-04-14,1.2331,1.7035,2.5591
2020-04-15,1.225,1.6604,2.5455
2020-04-16,1.2088,1.6392,2.5276
2020-04-17,1.2257,1.6271,2.559
2020-04-20,1.2025,1.605,2.592
2020-04-21,1.1826,1.5561,2.5791
2020-04-22,1.1352,1.521,2.5567
2020-04-23,1.1228,1.4707,2.5227
2020-04-24,1.1279,1.4082,2.51
2020-04-27,1.13,1.4182,2.5345
2020-04-28,1.1338,1.4095,2.5254
2020-04-29,1.1177,1.4279,2.5009
2020-04-30,1.1465,1.4395,2.538
2020-05-06,1.1616,1.5006,2.5809
2020-05-07,1.1919,1.5304,2.6298
2020-05-08,1.2134,1.5519,2.6207
2020-05-11,1.2194,1.6117,2.6698
2020-05-12,1.2225,1.6023,2.6603
2020-05-13,1.2381,1.6004,2.7076
2020-05-14,1.2334,1.5961,2.6989
2020-05-15,1.2186,1.58,2.682
2020-05-18,1.2561,1.6105,2.7253
2020-05-19,1.2787,1.6296,2.7272
2020-05-20,1.3128,1.629,2.69
2020-05-21,1.3328,1.6716,2.685
2020-05-22,1.3923,1.6368,2.6176
2020-05-25,1.4574,1.7059,2.6852
2020-05-26,1.529,1.7614,2.7402
2020-05-27,1.589,1.922,2.7527
2020-05-28,1.5995,1.8999,2.7201
2020-05-29,1.601,1.8938,2.7053
2020-06-01,1.5897,1.902,2.7253
2020-06-02,1.7018,2.039,2.7852
2020-06-03,1.8201,2.2858,2.7901
2020-06-04,1.9201,2.3296,2.8301
2020-06-05,2.0801,2.3856,2.8475
2020-06-08,2.0801,2.3492,2.8101
2020-06-09,2.0521,2.301,2.8031
2020-06-10,2.0677,2.3342,2.8201
2020-06-11,2.0723,2.3127,2.7701
2020-06-12,2.0504,2.2931,2.7451
2020-06-15,2.0364,2.2881,2.7878
2020-06-16,2.0757,2.3572,2.8402
2020-06-17,2.1117,2.3925,2.8802
2020-06-18,2.1156,2.3811,2.8527
2020-06-19,2.1203,2.4004,2.8752
2020-06-22,2.145,2.4608,2.9153
2020-06-23,2.223,2.4776,2.9127
2020-06-24,2.1495,2.439,2.8614
2020-06-29,2.1144,2.3967,2.8504
2020-06-30,2.1764,2.3882,2.823
2020-07-01,2.1276,2.4036,2.8456
2020-07-02,2.0976,2.3897,2.8584
2020-07-03,2.0976,2.3878,2.8974
2020-07-06,2.1263,2.6016,2.9959
2020-07-07,2.1513,2.6276,3.0158
2020-07-08,2.16,2.6679,3.0632
2020-07-09,2.2256,2.7143,3.0809
2020-07-10,2.2165,2.6894,3.0305
2020-07-13,2.208,2.7154,3.0557
2020-07-14,2.198,2.6959,3.0057
2020-07-15,2.2,2.6051,2.9559
2020-07-16,2.1534,2.5541,2.9459
2020-07-17,2.2256,2.5141,2.9507
2020-07-20,2.254,2.5256,2.9311
2020-07-21,2.2455,2.4641,2.9011
2020-07-22,2.2552,2.4655,2.8861
2020-07-23,2.2538,2.4862,2.9064
2020-07-24,2.2446,2.4556,2.8612
2020-07-27,2.2461,2.4769,2.8791
2020-07-28,2.2565,2.481,2.9214
2020-07-29,2.2459,2.5069,2.9415
2020-07-30,2.2461,2.5061,2.9364
2020-07-31,2.2428,2.5152,2.9664
2020-08-03,2.1565,2.5443,2.9466
2020-08-04,2.1746,2.5867,2.9365
2020-08-05,2.2288,2.662,2.9592
2020-08-06,2.2356,2.6788,2.9816
2020-08-07,2.2225,2.687,2.9918
2020-08-10,2.2001,2.6667,2.9543
2020-08-11,2.2213,2.6781,2.9544
2020-08-12,2.2415,2.7177,2.962
2020-08-13,2.2522,2.6967,2.9555
2020-08-14,2.2744,2.6746,2.9369
2020-08-17,2.265,2.6926,2.9421
2020-08-18,2.2754,2.6975,2.9771
2020-08-19,2.4369,2.7303,2.9921
2020-08-20,2.4237,2.7677,2.9973
2020-08-21,2.4336,2.7518,2.9823
2020-08-24,2.4437,2.7952,2.9998
2020-08-25,2.4742,2.8614,3.0424
2020-08-26,2.4854,2.8779,3.0511
2020-08-27,2.4961,2.9057,3.0599
2020-08-28,2.4869,2.9077,3.0672
2020-08-31,2.5123,2.8928,3.0177
2020-09-01,2.5203,2.922,3.0478
2020-09-02,2.5563,2.9641,3.1027
2020-09-03,2.5712,2.9585,3.1051
2020-09-04,2.5885,2.9871,3.1228
2020-09-07,2.6151,2.9968,3.1454
2020-09-08,2.5969,2.9862,3.123
2020-09-09,2.603,2.9363,3.0805
2020-09-10,2.573,2.8839,3.0833
2020-09-11,2.5964,2.9092,3.1346
2020-09-14,2.6051,2.8955,3.1532
2020-09-15,2.5934,2.8514,3.1083
2020-09-16,2.6114,2.8457,3.126
2020-09-17,2.6124,2.8566,3.1334
2020-09-18,2.6088,2.83,3.1162
2020-09-21,2.6127,2.804,3.0999
2020-09-22,2.6082,2.8164,3.0863
2020-09-23,2.6282,2.8207,3.089
2020-09-24,2.5942,2.8422,3.084
2020-09-25,2.6116,2.8754,3.1295
2020-09-28,2.6075,2.8868,3.1092
2020-09-29,2.6381,2.8899,3.1292
2020-09-30,2.6462,2.9301,3.1482
2020-10-09,2.7017,2.9897,3.1873
2020-10-12,2.6937,3.0005,3.1861
2020-10-13,2.6959,3.0026,3.195
2020-10-14,2.7189,3.0188,3.215
2020-10-15,2.6882,3.019,3.23
2020-10-16,2.6961,3.0159,3.2202
2020-10-19,2.6973,2.997,3.2005
2020-10-20,2.7047,2.9955,3.1955
2020-10-21,2.6848,2.9666,3.1855
2020-10-22,2.6461,2.9255,3.1707
2020-10-23,2.6821,2.96,3.1957
2020-10-26,2.6917,2.9679,3.1934
2020-10-27,2.6867,2.9372,3.1609
2020-10-28,2.7228,2.959,3.181
2020-10-29,2.7191,2.9524,3.186
2020-10-30,2.7273,2.9459,3.181
2020-11-02,2.7525,2.9462,3.1785
2020-11-03,2.7322,2.932,3.1762
2020-11-04,2.7347,2.9378,3.1687
2020-11-05,2.7481,2.9602,3.1912
2020-11-06,2.7832,2.9702,3.2063
2020-11-09,2.7944,2.9852,3.2363
2020-11-10,2.7882,2.9602,3.2241
2020-11-11,2.8009,2.9702,3.2391
2020-11-12,2.8287,2.9902,3.2614
2020-11-13,2.8464,3.0053,3.2715
2020-11-16,2.8497,3.0109,3.2741
2020-11-17,2.8634,3.0259,3.2866
2020-11-18,2.94,3.0603,3.324
2020-11-19,2.9433,3.11,3.3487
2020-11-20,2.9503,3.1201,3.31
2020-11-23,2.951,3.0751,3.265
2020-11-24,2.969,3.1001,3.29
2020-11-25,2.9461,3.0754,3.2675
2020-11-26,2.9357,3.0755,3.285
2020-11-27,2.9104,3.0837,3.3
2020-11-30,2.831,2.9967,3.25
2020-12-01,2.8457,3.0061,3.2725
2020-12-02,2.8608,3.0519,3.2925
2020-12-03,2.8761,3.0473,3.2851
2020-12-04,2.8708,3.0348,3.2651
2020-12-07,2.8614,3.042,3.2701
2020-12-08,2.8417,3.0115,3.2551
2020-12-09,2.8449,3.0097,3.2726
2020-12-10,2.8047,2.9623,3.2601
2020-12-11,2.8334,2.9969,3.2951
2020-12-14,2.8245,2.9833,3.2851
2020-12-15,2.7888,2.9593,3.2777
2020-12-16,2.7312,2.9271,3.2752
2020-12-17,2.7273,2.9528,3.2802
2020-12-18,2.7267,2.9642,3.2902
2020-12-21,2.6919,2.9284,3.2652
2020-12-22,2.6695,2.901,3.2278
2020-12-23,2.6551,2.8885,3.2153
2020-12-24,2.6501,2.9097,3.2303
2020-12-25,2.6096,2.8856,3.1878
2020-12-28,2.5671,2.8552,3.1629
2020-12-29,2.5486,2.8505,3.1554
2020-12-30,2.5036,2.7943,3.1204
2020-12-31,2.4739,2.8174,3.1429
2021-01-04,2.4952,2.8784,3.178
2021-01-05,2.4714,2.84,3.1305
2021-01-06,2.4109,2.7911,3.1256
2021-01-07,2.3568,2.768,3.1256
2021-01-08,2.3568,2.7768,3.1456
2021-01-11,2.3653,2.7939,3.1632
2021-01-12,2.335,2.7499,3.1457
2021-01-13,2.2914,2.6975,3.1157
2021-01-14,2.3405,2.7305,3.1059
2021-01-15,2.3843,2.7875,3.1508
2021-01-18,2.45,2.8422,3.1658
2021-01-19,2.4859,2.8272,3.1609
2021-01-20,2.47,2.8014,3.161
2021-01-21,2.4475,2.76,3.1335
2021-01-22,2.4525,2.7645,3.1185
2021-01-25,2.4911,2.7844,3.1323
2021-01-26,2.5575,2.8433,3.1585
2021-01-27,2.588,2.8415,3.1636
2021-01-28,2.6957,2.8915,3.1961
2021-01-29,2.6799,2.8849,3.1786
2021-02-01,2.6043,2.8464,3.1712
2021-02-02,2.6227,2.8669,3.1862
2021-02-03,2.6938,2.907,3.2112
2021-02-04,2.7155,2.9206,3.2347
2021-02-05,2.7021,2.9136,3.2164
2021-02-08,2.6968,2.9072,3.237
2021-02-09,2.6772,2.8756,3.2303
2021-02-10,2.6559,2.8764,3.2449
2021-02-18,2.6916,2.9212,3.2831
2021-02-19,2.6512,2.8922,3.2578
2021-02-22,2.6225,2.8935,3.2736
2021-02-23,2.607,2.8802,3.2635
2021-02-24,2.5935,2.8746,3.2627
2021-02-25,2.5981,2.8822,3.2723
2021-02-26,2.6036,2.9028,3.2798
2021-03-01,2.6096,2.8985,3.2475
2021-03-02,2.6169,2.8941,3.2474
2021-03-03,2.6203,2.9173,3.2553
2021-03-04,2.6365,2.9362,3.2655
2021-03-05,2.639,2.9194,3.2457
2021-03-08,2.654,2.9353,3.2404
2021-03-09,2.634,2.9552,3.2478
2021-03-10,2.6264,2.9447,3.2353
2021-03-11,2.6288,2.9616,3.2506
2021-03-12,2.6407,2.9582,3.2613
2021-03-15,2.675,2.9706,3.274
2021-03-16,2.6663,2.9581,3.2614
2021-03-17,2.6429,2.9405,3.2564
2021-03-18,2.6496,2.943,3.2592
2021-03-19,2.6395,2.9205,3.2364
2021-03-22,2.626,2.9105,3.2309
2021-03-23,2.6209,2.8916,3.2105
2021-03-24,2.6059,2.876,3.193
2021-03-25,2.5904,2.8735,3.1882
2021-03-26,2.6073,2.886,3.1985
2021-03-29,2.6075,2.881,3.1962
2021-03-30,2.593,2.881,3.206
2021-03-31,2.577,2.8635,3.1887
2021-04-01,2.5806,2.8685,3.196
2021-04-02,2.58,2.8685,3.2013
2021-04-06,2.5877,2.8825,3.2087
2021-04-07,2.6105,2.8741,3.2215
2021-04-08,2.6105,2.8793,3.2221
2021-04-09,2.5915,2.8695,3.2121
2021-04-12,2.5843,2.8709,3.1948
2021-04-13,2.5643,2.8263,3.1626
2021-04-14,2.5679,2.8283,3.1651
2021-04-15,2.5379,2.8313,3.1728
2021-04-16,2.5295,2.8293,3.1631
2021-04-19,2.5195,2.8119,3.1559
2021-04-20,2.4995,2.7815,3.1554
2021-04-21,2.4595,2.7487,3.153
2021-04-22,2.4495,2.7488,3.1614
2021-04-23,2.39,2.7433,3.1719
2021-04-26,2.4313,2.793,3.2024
2021-04-27,2.4226,2.7935,3.2078
2021-04-28,2.3964,2.7844,3.1979
2021-04-29,2.3799,2.7811,3.1872
2021-04-30,2.3591,2.7666,3.164
2021-05-06,2.3266,2.7587,3.1507
2021-05-07,2.32,2.734,3.1589
2021-05-10,2.3129,2.7208,3.146
2021-05-11,2.3078,2.7232,3.138
2021-05-12,2.2974,2.7213,3.131
2021-05-13,2.3286,2.7418,3.1366
2021-05-14,2.33,2.7475,3.1422
2021-05-17,2.3504,2.7768,3.1524
2021-05-18,2.3532,2.7722,3.1457
2021-05-19,2.3506,2.7526,3.1298
2021-05-20,2.3486,2.7307,3.1001
2021-05-21,2.3272,2.7217,3.0876
2021-05-24,2.3418,2.7363,3.085
2021-05-25,2.3468,2.7378,3.085
2021-05-26,2.3414,2.7285,3.06
2021-05-27,2.3463,2.7466,3.0725
2021-05-28,2.41,2.7648,3.0825
2021-05-31,2.4113,2.7487,3.045
2021-06-01,2.3725,2.7475,3.04
2021-06-02,2.3804,2.7613,3.065
2021-06-03,2.3663,2.7609,3.055
2021-06-04,2.3934,2.8087,3.0925
2021-06-07,2.4116,2.8421,3.11
2021-06-08,2.4133,2.8453,3.11
2021-06-09,2.4203,2.8453,3.1051
2021-06-10,2.424,2.8266,3.1
2021-06-11,2.4459,2.8485,3.1276
2021-06-15,2.4699,2.8466,3.1176
2021-06-16,2.4945,2.849,3.1301
2021-06-17,2.5272,2.8548,3.1401
2021-06-18,2.5274,2.8406,3.1202
2021-06-21,2.5202,2.8192,3.0953
2021-06-22,2.5252,2.8089,3.0877
2021-06-23,2.5012,2.786,3.0853
2021-06-24,2.469,2.7675,3.0828
2021-06-25,2.4437,2.7614,3.0827
2021-06-28,2.4705,2.7935,3.0903
2021-06-29,2.4564,2.7902,3.0853
2021-06-30,2.4293,2.7781,3.0778
2021-07-01,2.4189,2.7789,3.0878
2021-07-02,2.3994,2.7722,3.0803
2021-07-05,2.4136,2.7685,3.0754
2021-07-06,2.4092,2.7708,3.0854
2021-07-07,2.401,2.7616,3.0554
2021-07-08,2.3223,2.7108,2.983
2021-07-09,2.3474,2.7377,3.0105
2021-07-12,2.3175,2.6636,2.9431
2021-07-13,2.2958,2.6377,2.9256
2021-07-14,2.2782,2.6466,2.9356
2021-07-15,2.2927,2.6398,2.9557
2021-07-16,2.2719,2.6301,2.9432
2021-07-19,2.2629,2.6227,2.9483
2021-07-20,2.2143,2.5959,2.9258
2021-07-21,2.1833,2.5818,2.9184
2021-07-22,2.1551,2.5893,2.9284
2021-07-23,2.1119,2.5586,2.9134
2021-07-26,2.1337,2.5327,2.8711
2021-07-27,2.2109,2.5712,2.911
2021-07-28,2.2135,2.6161,2.9312
2021-07-29,2.1621,2.5777,2.884
2021-07-30,2.1346,2.5355,2.8363
2021-08-02,2.1281,2.5162,2.8212
2021-08-03,2.1272,2.5442,2.8337
2021-08-04,2.1448,2.5628,2.8338
2021-08-05,2.1494,2.5567,2.7988
2021-08-06,2.1514,2.5536,2.8139
2021-08-09,2.2054,2.6004,2.8615
2021-08-10,2.1843,2.5846,2.8766
2021-08-11,2.194,2.5995,2.8841
2021-08-12,2.1935,2.5748,2.8566
2021-08-13,2.2209,2.5908,2.8792
2021-08-16,2.2233,2.5977,2.8943
2021-08-17,2.2164,2.5878,2.8819
2021-08-18,2.2252,2.5593,2.8494
2021-08-19,2.238,2.5572,2.8395
2021-08-20,2.2682,2.5711,2.852
2021-08-23,2.3024,2.5764,2.8672
2021-08-24,2.2947,2.5656,2.8522
2021-08-25,2.2995,2.5654,2.8547
2021-08-26,2.3247,2.5801,2.8848
2021-08-27,2.3235,2.5635,2.8698
2021-08-30,2.3125,2.5551,2.8505
2021-08-31,2.3105,2.5547,2.845
2021-09-01,2.2911,2.531,2.8226
2021-09-02,2.2993,2.5332,2.8301
2021-09-03,2.3122,2.5051,2.8327
2021-09-06,2.3096,2.5356,2.8354
2021-09-07,2.3146,2.5608,2.8604
2021-09-08,2.3246,2.5659,2.8705
2021-09-09,2.3531,2.5713,2.873
2021-09-10,2.3666,2.5715,2.8656
2021-09-13,2.3822,2.5818,2.8908
2021-09-14,2.404,2.5869,2.8858
2021-09-15,2.4028,2.6126,2.9009
2021-09-16,2.4025,2.6,2.8885
2021-09-17,2.3978,2.5829,2.8785
2021-09-22,2.3325,2.5632,2.8639
2021-09-23,2.3385,2.5534,2.8565
2021-09-24,2.3828,2.5426,2.8719
2021-09-27,2.3997,2.5434,2.8825
2021-09-28,2.3741,2.5453,2.8769
2021-09-29,2.3571,2.5248,2.8646
2021-09-30,2.3327,2.5122,2.8776
2021-10-08,2.344,2.5453,2.9131
2021-10-11,2.349,2.5838,2.958
2021-10-12,2.3467,2.5986,2.9657
2021-10-13,2.3401,2.6284,2.9578
2021-10-14,2.3325,2.6406,2.9581
2021-10-15,2.3361,2.6459,2.9683
2021-10-18,2.3727,2.7337,3.0426
2021-10-19,2.3771,2.7126,3.0102
2021-10-20,2.3819,2.6869,2.9978
2021-10-21,2.3574,2.6525,2.9702
2021-10-22,2.3475,2.6556,2.9953
2021-10-25,2.3438,2.6617,2.9879
2021-10-26,2.3425,2.6625,2.978
2021-10-27,2.3375,2.6742,2.9781
2021-10-28,2.3375,2.6718,2.9682
2021-10-29,2.31,2.6857,2.9732
2021-11-01,2.3151,2.6684,2.9435
2021-11-02,2.3051,2.6436,2.9259
2021-11-03,2.3001,2.6568,2.9385
2021-11-04,2.3002,2.6382,2.9261
2021-11-05,2.2852,2.6111,2.8911
2021-11-08,2.2804,2.6206,2.9013
2021-11-09,2.2905,2.623,2.8988
2021-11-10,2.2906,2.6248,2.9139
2021-11-11,2.2907,2.6424,2.9365
2021-11-12,2.2759,2.6373,2.9391
2021-11-15,2.2737,2.6129,2.9269
2021-11-16,2.2688,2.6057,2.9244
2021-11-17,2.2814,2.6118,2.9295
2021-11-18,2.2716,2.607,2.9146
2021-11-19,2.2618,2.6149,2.9302
2021-11-22,2.2523,2.5981,2.8876
2021-11-23,2.25,2.6067,2.8875
2021-11-24,2.2426,2.5768,2.86
2021-11-25,2.2477,2.5794,2.855
2021-11-26,2.2427,2.5549,2.82
2021-11-29,2.246,2.5703,2.825
2021-11-30,2.2463,2.5864,2.825
2021-12-01,2.2443,2.5999,2.8401
2021-12-02,2.2446,2.6148,2.8601
2021-12-03,2.255,2.624,2.8701
2021-12-06,2.2452,2.5842,2.8176
2021-12-07,2.251,2.603,2.8451
2021-12-08,2.2658,2.6136,2.8551
2021-12-09,2.2767,2.6113,2.8526
2021-12-10,2.2767,2.5956,2.8426
2021-12-13,2.3015,2.5877,2.8552
2021-12-14,2.298,2.5751,2.8477
2021-12-15,2.3101,2.5686,2.8502
2021-12-16,2.3108,2.5733,2.8577
2021-12-17,2.3209,2.5726,2.8512
2021-12-20,2.3572,2.5918,2.8533
2021-12-21,2.3828,2.5893,2.8508
2021-12-22,2.3657,2.5755,2.8303
2021-12-23,2.3336,2.5463,2.8143
2021-12-24,2.3386,2.5596,2.8203
2021-12-27,2.3541,2.5445,2.8128
2021-12-28,2.3444,2.5308,2.8004
2021-12-29,2.3353,2.5066,2.7854
2021-12-30,2.2936,2.4614,2.7654
2021-12-31,2.2429,2.4584,2.7754
2022-01-04,2.2529,2.4438,2.7855
2022-01-05,2.2284,2.449,2.8045
2022-01-06,2.2303,2.4812,2.8205
2022-01-07,2.2295,2.4734,2.8181
2022-01-10,2.2143,2.4513,2.8056
2022-01-11,2.1957,2.4229,2.7957
2022-01-12,2.1898,2.4231,2.7957
2022-01-13,2.1812,2.4266,2.7858
2022-01-14,2.1721,2.4298,2.7935
2022-01-17,2.1566,2.4162,2.786
2022-01-18,2.0501,2.3542,2.7415
2022-01-19,2.0401,2.332,2.7314
2022-01-20,2.0204,2.3038,2.7271
2022-01-21,2.0018,2.2614,2.71
2022-01-24,1.9502,2.2188,2.6751
2022-01-25,1.9656,2.261,2.6979
2022-01-26,1.9807,2.2653,2.7146
2022-01-27,1.9936,2.2815,2.7348
2022-01-28,1.9507,2.2415,2.7021
2022-02-07,1.9472,2.2697,2.7256
2022-02-08,1.9049,2.278,2.7227
2022-02-09,1.9001,2.299,2.7328
2022-02-10,1.8837,2.2965,2.7328
2022-02-11,1.9192,2.3465,2.7891
2022-02-14,1.9017,2.359,2.8018
2022-02-15,1.8847,2.3472,2.7968
2022-02-16,1.9279,2.3281,2.7892
2022-02-17,1.9095,2.3013,2.7799
2022-02-18,1.9781,2.3088,2.7975
2022-02-21,2.0326,2.3408,2.83
2022-02-22,2.1162,2.3561,2.82
2022-02-23,2.0935,2.3486,2.79
2022-02-24,2.0948,2.3386,2.7875
2022-02-25,2.0242,2.295,2.775
2022-02-28,2.0442,2.293,2.775
2022-03-01,2.0537,2.303,2.8025
2022-03-02,2.0867,2.3156,2.8175
2022-03-03,2.1167,2.3407,2.83
2022-03-04,2.1074,2.3309,2.8125
2022-03-07,2.0849,2.3312,2.8126
2022-03-08,2.0687,2.3017,2.8276
2022-03-09,2.115,2.3165,2.8426
2022-03-10,2.115,2.3265,2.8502
2022-03-11,2.0863,2.3227,2.7902
2022-03-14,2.0725,2.2816,2.7677
2022-03-15,2.1275,2.3329,2.8177
2022-03-16,2.1431,2.3521,2.7952
2022-03-17,2.1368,2.3608,2.7876
2022-03-18,2.1106,2.3393,2.7927
2022-03-21,2.15,2.3847,2.8127
2022-03-22,2.1649,2.4421,2.8302
2022-03-23,2.168,2.4582,2.8302
2022-03-24,2.1704,2.4433,2.8052
2022-03-25,2.1632,2.4309,2.7972
2022-03-28,2.1595,2.439,2.7903
2022-03-29,2.1582,2.4414,2.7853
2022-03-30,2.1545,2.4302,2.7703
2022-03-31,2.1299,2.4151,2.7878
2022-04-01,2.1052,2.3807,2.7743
2022-04-06,2.0832,2.3561,2.7604
2022-04-07,2.06,2.3446,2.7394
2022-04-08,2.0669,2.3541,2.7529
2022-04-11,2.0757,2.3874,2.768
2022-04-12,2.0729,2.4033,2.7705
2022-04-13,2.0521,2.3894,2.7631
2022-04-14,2.0264,2.3701,2.7656
2022-04-15,1.9918,2.3454,2.7578
2022-04-18,2.0143,2.3851,2.8107
2022-04-19,2.0184,2.3938,2.8208
2022-04-20,2.0136,2.4088,2.833
2022-04-21,1.9825,2.3989,2.8259
2022-04-22,1.9542,2.4202,2.8409
2022-04-25,1.9282,2.3965,2.816
2022-04-26,1.9633,2.4078,2.826
2022-04-27,2.041,2.4342,2.8411
2022-04-28,2.0563,2.4476,2.8486
2022-04-29,2.032,2.4315,2.8386
2022-05-05,2.0367,2.4391,2.8282
2022-05-06,2.0454,2.4463,2.8273
2022-05-09,2.0373,2.4335,2.8154
2022-05-10,2.0306,2.4117,2.8089
2022-05-11,2.051,2.4121,2.824
2022-05-12,2.0261,2.3923,2.8055
2022-05-13,2.0125,2.3909,2.814
2022-05-16,1.997,2.3802,2.8216
2022-05-17,1.9474,2.357,2.8178
2022-05-18,1.9275,2.3356,2.7801
2022-05-19,1.9421,2.3386,2.7774
2022-05-20,1.9565,2.3524,2.79
2022-05-23,1.9568,2.3426,2.7675
2022-05-24,1.9677,2.3505,2.765
2022-05-25,1.9773,2.3527,2.7575
2022-05-26,1.9246,2.3156,2.71
2022-05-27,1.9133,2.2905,2.6974
2022-05-30,1.9141,2.3036,2.7225
2022-05-31,1.916,2.3413,2.7426
2022-06-01,1.9415,2.3463,2.7551
2022-06-02,1.9564,2.3413,2.7601
2022-06-06,2.0199,2.3743,2.7776
2022-06-07,2.018,2.3674,2.7576
2022-06-08,2.0282,2.3625,2.7661
2022-06-09,2.0151,2.3533,2.7576
2022-06-10,2.0051,2.3478,2.7526
2022-06-13,2.0026,2.3531,2.7652
2022-06-14,2.0176,2.3587,2.7702
2022-06-15,2.036,2.3637,2.7827
2022-06-16,2.0352,2.354,2.7728
2022-06-17,2.0102,2.3449,2.7752
2022-06-20,2.0056,2.3492,2.7853
2022-06-21,2.0018,2.3785,2.7853
2022-06-22,1.9869,2.374,2.7773
2022-06-23,1.9608,2.3719,2.7803
2022-06-24,1.9653,2.3826,2.7978
2022-06-27,1.9971,2.4517,2.8329
2022-06-28,1.9976,2.4732,2.8414
2022-06-29,1.9763,2.4615,2.8294
2022-06-30,1.9504,2.4491,2.8205
2022-07-01,1.9324,2.4455,2.8255
2022-07-04,1.9831,2.492,2.8445
2022-07-05,2.01,2.5045,2.8333
2022-07-06,1.9911,2.5079,2.8356
2022-07-07,1.9824,2.5028,2.8356
2022-07-08,1.9584,2.4962,2.8384
2022-07-11,1.9417,2.456,2.8266
2022-07-12,1.9345,2.4304,2.8117
2022-07-13,1.9376,2.4294,2.8067
2022-07-14,1.9147,2.3964,2.7907
2022-07-15,1.8837,2.3953,2.7857
2022-07-18,1.8488,2.3784,2.7837
2022-07-19,1.8491,2.3805,2.7859
2022-07-20,1.8712,2.37,2.771
2022-07-21,1.8717,2.3575,2.7635
2022-07-22,1.9036,2.3762,2.787
2022-07-25,1.9007,2.365,2.779
2022-07-26,1.881,2.3355,2.77
2022-07-27,1.8772,2.3337,2.7701
2022-07-28,1.8905,2.3613,2.785
2022-07-29,1.8623,2.3228,2.756
2022-08-01,1.8269,2.2912,2.7292
2022-08-02,1.7705,2.2855,2.7314
2022-08-03,1.7528,2.2495,2.7218
2022-08-04,1.6907,2.2448,2.7192
2022-08-05,1.7116,2.27,2.7339
2022-08-08,1.7316,2.2822,2.7409
2022-08-09,1.7886,2.3116,2.74
2022-08-10,1.8136,2.3287,2.7366
2022-08-11,1.8161,2.3357,2.7317
2022-08-12,1.8115,2.3358,2.7347
2022-08-15,1.7167,2.2433,2.6582
2022-08-16,1.7199,2.2449,2.6346
2022-08-17,1.719,2.2475,2.6124
2022-08-18,1.7004,2.2235,2.58
2022-08-19,1.7248,2.2279,2.5875
2022-08-22,1.757,2.2432,2.5925
2022-08-23,1.7571,2.2719,2.6075
2022-08-24,1.7496,2.2629,2.61
2022-08-25,1.7912,2.2829,2.639
2022-08-26,1.7922,2.2629,2.643
2022-08-29,1.7561,2.2165,2.6225
2022-08-30,1.7406,2.1916,2.613
2022-08-31,1.7378,2.1918,2.6225
2022-09-01,1.7243,2.19,2.6125
2022-09-02,1.7193,2.183,2.6226
2022-09-05,1.7132,2.1743,2.618
2022-09-06,1.7127,2.1696,2.614
2022-09-07,1.7365,2.1748,2.6215
2022-09-08,1.749,2.1752,2.6256
2022-09-09,1.7597,2.1779,2.635
2022-09-13,1.7697,2.1897,2.6427
2022-09-14,1.8015,2.2133,2.6625
2022-09-15,1.8058,2.2241,2.6625
2022-09-16,1.8298,2.2496,2.673
2022-09-19,1.8506,2.2606,2.675
2022-09-20,1.8483,2.2514,2.664
2022-09-21,1.8282,2.2386,2.6451
2022-09-22,1.8232,2.2353,2.6501
2022-09-23,1.828,2.2491,2.6802
2022-09-26,1.8608,2.2916,2.7154
2022-09-27,1.8711,2.2857,2.7051
2022-09-28,1.9024,2.308,2.7401
2022-09-29,1.893,2.3326,2.7501
2022-09-30,1.8535,2.3341,2.7601
2022-10-10,1.7908,2.2784,2.7402
2022-10-11,1.7867,2.2959,2.7426
2022-10-12,1.8067,2.295,2.7352
2022-10-13,1.8051,2.2875,2.7252
2022-10-14,1.7851,2.2598,2.6977
2022-10-17,1.7856,2.2752,2.7002
2022-10-18,1.7856,2.2725,2.7002
2022-10-19,1.7806,2.2622,2.7052
2022-10-20,1.7656,2.2676,2.7175
2022-10-21,1.7706,2.2802,2.7278
2022-10-24,1.77,2.2794,2.7153
2022-10-25,1.7945,2.2899,2.7278
2022-10-26,1.8005,2.2611,2.7025
2022-10-27,1.7551,2.2573,2.6953
2022-10-28,1.7403,2.2416,2.6653
2022-10-31,1.7305,2.2263,2.6433
2022-11-01,1.7523,2.2451,2.6629
2022-11-02,1.7633,2.265,2.6854
2022-11-03,1.753,2.2663,2.6776
2022-11-04,1.7628,2.2848,2.7023
2022-11-07,1.7516,2.2956,2.7003
2022-11-08,1.7774,2.3097,2.6853
2022-11-09,1.8156,2.3222,2.6953
2022-11-10,1.8584,2.3229,2.7028
2022-11-11,1.9614,2.3641,2.7354
2022-11-14,2.0663,2.4939,2.8354
2022-11-15,2.1342,2.4978,2.8155
2022-11-16,2.2014,2.5405,2.8329
2022-11-17,2.1715,2.4831,2.8026
2022-11-18,2.1718,2.4793,2.825
2022-11-21,2.1504,2.4526,2.818
2022-11-22,2.1431,2.4253,2.8276
2022-11-23,2.1024,2.3857,2.7975
2022-11-24,2.0581,2.3604,2.795
2022-11-25,2.0685,2.4154,2.83
2022-11-28,2.0699,2.4304,2.86
2022-11-29,2.1139,2.4715,2.88
2022-11-30,2.1341,2.4717,2.885
2022-12-01,2.1456,2.4517,2.86
2022-12-02,2.1554,2.4473,2.8676
2022-12-05,2.1462,2.4533,2.8902
2022-12-06,2.1566,2.483,2.9152
2022-12-07,2.2495,2.4833,2.8702
2022-12-08,2.2457,2.4936,2.8853
2022-12-09,2.2869,2.5033,2.8903
2022-12-12,2.3019,2.5349,2.8902
2022-12-13,2.3369,2.5797,2.8952
2022-12-14,2.3019,2.5252,2.8655
2022-12-15,2.3169,2.52,2.8829
2022-12-16,2.3169,2.531,2.8856
2022-12-19,2.2969,2.5018,2.8632
2022-12-20,2.2969,2.5074,2.8732
2022-12-21,2.2919,2.4917,2.8606
2022-12-22,2.2669,2.4773,2.8503
2022-12-23,2.2269,2.4608,2.8251
2022-12-26,2.2469,2.4684,2.8378
2022-12-27,2.2469,2.4663,2.8657
2022-12-28,2.2369,2.4712,2.8503
2022-12-29,2.1669,2.4165,2.8376
2022-12-30,2.0969,2.404,2.8353
2023-01-03,2.112,2.4096,2.8228
2023-01-04,2.067,2.3964,2.8103
2023-01-05,2.082,2.4111,2.8304
2023-01-06,2.097,2.4419,2.8328
2023-01-09,2.0996,2.4627,2.8428
2023-01-10,2.122,2.5036,2.8602
2023-01-11,2.127,2.5131,2.8603
2023-01-12,2.097,2.5029,2.8778
2023-01-13,2.097,2.5188,2.901
2023-01-16,2.127,2.5552,2.9167
2023-01-17,2.127,2.5461,2.9017
2023-01-18,2.1615,2.5486,2.9222
2023-01-19,2.1677,2.5418,2.9145
2023-01-20,2.1648,2.5379,2.9331
2023-01-30,2.176,2.5405,2.9133
2023-01-31,2.1535,2.529,2.8977
2023-02-01,2.1631,2.5388,2.9101
2023-02-02,2.1507,2.5151,2.897
2023-02-03,2.1504,2.5244,2.8943
2023-02-06,2.1581,2.5311,2.9017
2023-02-07,2.163,2.54,2.8964
2023-02-08,2.1617,2.5443,2.8973
2023-02-09,2.1673,2.5322,2.8912
2023-02-10,2.1682,2.5383,2.9003
2023-02-13,2.1734,2.5426,2.8943
2023-02-14,2.1781,2.5374,2.8914
2023-02-15,2.1792,2.5431,2.8918
2023-02-16,2.1916,2.5429,2.8907
2023-02-17,2.1973,2.5329,2.892
2023-02-20,2.2395,2.5511,2.917
2023-02-21,2.2422,2.5614,2.919
2023-02-22,2.24,2.5568,2.9175
2023-02-23,2.2603,2.5619,2.922
2023-02-24,2.2948,2.5647,2.9126
2023-02-27,2.3165,2.573,2.9117
2023-02-28,2.3291,2.5734,2.9017
2023-03-01,2.3197,2.5692,2.8977
2023-03-02,2.3247,2.5691,2.9111
2023-03-03,2.323,2.5672,2.9026
2023-03-06,2.2955,2.5506,2.8826
2023-03-07,2.288,2.5464,2.8726
2023-03-08,2.273,2.5412,2.8828
2023-03-09,2.273,2.5311,2.8752
2023-03-10,2.263,2.5239,2.8627
2023-03-13,2.263,2.5324,2.8703
2023-03-14,2.269,2.5277,2.8652
2023-03-15,2.279,2.5328,2.8652
2023-03-16,2.249,2.5235,2.8552
2023-03-17,2.249,2.5236,2.8602
2023-03-20,2.234,2.5025,2.8504
2023-03-21,2.249,2.5153,2.8604
2023-03-22,2.2728,2.5209,2.8577
2023-03-23,2.2678,2.521,2.8652
2023-03-24,2.2928,2.5377,2.8676
2023-03-27,2.2728,2.5279,2.8551
2023-03-28,2.2778,2.5302,2.8556
2023-03-29,2.2753,2.5227,2.8532
2023-03-30,2.2728,2.5258,2.8603
2023-03-31,2.2328,2.5089,2.8528
2023-04-03,2.2328,2.5118,2.8604
2023-04-04,2.2303,2.5118,2.8584
2023-04-06,2.2278,2.5146,2.8605
2023-04-07,2.2278,2.5095,2.8464
2023-04-10,2.2228,2.5047,2.8455
2023-04-11,2.2128,2.4936,2.8203
2023-04-12,2.2091,2.4866,2.8158
2023-04-13,2.2066,2.4895,2.8277
2023-04-14,2.2091,2.4922,2.8281
2023-04-17,2.2141,2.5041,2.8432
2023-04-18,2.2016,2.4997,2.8319
2023-04-19,2.1891,2.4881,2.8333
2023-04-20,2.1905,2.4915,2.8332
2023-04-21,2.1894,2.492,2.8258
2023-04-24,2.1855,2.4894,2.8176
2023-04-25,2.1754,2.4887,2.8157
2023-04-26,2.1727,2.4782,2.8058
2023-04-27,2.156,2.4527,2.7852
2023-04-28,2.1464,2.4501,2.7788
2023-05-04,2.1362,2.4366,2.7613
2023-05-05,2.1266,2.4083,2.7338
2023-05-08,2.1323,2.4203,2.7484
2023-05-09,2.1203,2.416,2.7383
2023-05-10,2.0883,2.3882,2.721
2023-05-11,2.0353,2.3551,2.701
2023-05-12,2.0441,2.3523,2.7058
2023-05-15,2.0602,2.3761,2.719
2023-05-16,2.0653,2.3776,2.7129
2023-05-17,2.078,2.3654,2.721
2023-05-18,2.0729,2.3757,2.7184
2023-05-19,2.0554,2.3583,2.7151
2023-05-22,2.0218,2.3267,2.7132
2023-05-23,1.9909,2.3069,2.6962
2023-05-24,1.9893,2.3153,2.7037
2023-05-25,1.979,2.3175,2.7065
2023-05-26,2.0188,2.3203,2.7205
2023-05-29,1.9979,2.2985,2.695
2023-05-30,1.9835,2.2889,2.7
2023-05-31,1.9829,2.251,2.685
2023-06-01,1.9721,2.2363,2.6825
2023-06-02,1.9731,2.2646,2.6951
2023-06-05,1.939,2.2537,2.6926
2023-06-06,1.9177,2.2348,2.6826
2023-06-07,1.8955,2.227,2.6827
2023-06-08,1.8887,2.242,2.6822
2023-06-09,1.8636,2.2213,2.6703
2023-06-12,1.8663,2.2421,2.6704
2023-06-13,1.8514,2.224,2.6227
2023-06-14,1.8365,2.224,2.6178
2023-06-15,1.8616,2.247,2.6482
2023-06-16,1.8817,2.2687,2.6626
2023-06-19,1.9018,2.3207,2.6876
2023-06-20,1.9118,2.3006,2.6751
2023-06-21,1.9161,2.2799,2.6701
2023-06-26,1.912,2.2824,2.6677
2023-06-27,1.952,2.2923,2.6676
2023-06-28,1.942,2.2709,2.6651
2023-06-29,1.932,2.2565,2.6526
2023-06-30,1.8723,2.2253,2.6351
2023-07-03,1.8425,2.2324,2.6402
2023-07-04,1.8326,2.246,2.6477
2023-07-05,1.8227,2.241,2.6402
2023-07-06,1.8227,2.2423,2.6392
2023-07-07,1.8279,2.2411,2.6403
2023-07-10,1.8279,2.2471,2.6403
2023-07-11,1.8231,2.2467,2.6353
2023-07-12,1.8183,2.2505,2.6378
2023-07-13,1.8384,2.2563,2.6413
2023-07-14,1.8385,2.2488,2.6444
2023-07-17,1.7635,2.2328,2.6364
2023-07-18,1.7635,2.2222,2.6234
2023-07-19,1.7535,2.2199,2.6233
2023-07-20,1.7485,2.2169,2.6214
2023-07-21,1.7385,2.2063,2.6079
2023-07-24,1.7335,2.2054,2.5934
2023-07-25,1.7782,2.2697,2.663
2023-07-26,1.7882,2.2477,2.643
2023-07-27,1.8182,2.2327,2.6395
2023-07-28,1.8181,2.2448,2.6533
2023-07-31,1.8102,2.2566,2.6597
2023-08-01,1.7751,2.2533,2.6607
2023-08-02,1.7663,2.2493,2.6525
2023-08-03,1.7421,2.2265,2.6435
2023-08-04,1.7511,2.2376,2.6469
2023-08-07,1.7599,2.2512,2.6462
2023-08-08,1.7796,2.2495,2.6454
2023-08-09,1.8093,2.256,2.6461
2023-08-10,1.8265,2.2623,2.6475
2023-08-11,1.8305,2.2573,2.6381
2023-08-14,1.8156,2.2416,2.6212
2023-08-15,1.8245,2.2247,2.5759
2023-08-16,1.8375,2.2108,2.5649
2023-08-17,1.8397,2.2081,2.5678
2023-08-18,1.8323,2.1984,2.5639
2023-08-21,1.8705,2.1942,2.5403
2023-08-22,1.899,2.207,2.5564
2023-08-23,1.8964,2.2047,2.5535
2023-08-24,1.8772,2.2025,2.5543
2023-08-25,1.8951,2.2226,2.5702
2023-08-28,1.9245,2.2483,2.5837
2023-08-29,1.9902,2.2634,2.57
2023-08-30,1.9392,2.2288,2.56
2023-08-31,1.9051,2.2215,2.5575
2023-09-01,1.9578,2.244,2.585
2023-09-04,1.9822,2.2752,2.6124
2023-09-05,1.9929,2.2704,2.615
2023-09-06,2.0801,2.3205,2.6375
2023-09-07,2.0874,2.3254,2.635
2023-09-08,2.0952,2.3337,2.6375
2023-09-11,2.1352,2.3455,2.63
2023-09-12,2.1252,2.3423,2.623
2023-09-13,2.1027,2.323,2.615
2023-09-14,2.1027,2.3421,2.6075
2023-09-15,2.1327,2.349,2.64
2023-09-18,2.1727,2.3854,2.65
2023-09-19,2.1877,2.3882,2.6625
2023-09-20,2.2077,2.3871,2.665
2023-09-21,2.1877,2.3696,2.6576
2023-09-22,2.1977,2.3907,2.6776
2023-09-25,2.2127,2.4002,2.6976
2023-09-26,2.2327,2.4152,2.6951
2023-09-27,2.2077,2.4059,2.6877
2023-09-28,2.1677,2.3713,2.6751
2023-10-09,2.1577,2.3968,2.6702
2023-10-10,2.1977,2.4389,2.6811
2023-10-11,2.2377,2.4901,2.6976
2023-10-12,2.1977,2.4687,2.6911
2023-10-13,2.1777,2.451,2.6702
2023-10-16,2.1877,2.4758,2.6777
2023-10-17,2.2227,2.487,2.6882
2023-10-18,2.2457,2.5117,2.7052
2023-10-19,2.2907,2.5348,2.7177
2023-10-20,2.3107,2.501,2.7052
2023-10-23,2.3007,2.4895,2.7047
2023-10-24,2.3257,2.495,2.7177
2023-10-25,2.2838,2.4484,2.7052
2023-10-26,2.2838,2.4646,2.7152
2023-10-27,2.2807,2.448,2.7133
2023-10-30,2.2251,2.4337,2.7141
2023-10-31,2.2051,2.4301,2.6938
2023-11-01,2.2501,2.4376,2.6853
2023-11-02,2.2151,2.4077,2.6553
2023-11-03,2.2202,2.4225,2.6613
2023-11-06,2.2303,2.4249,2.6554
2023-11-07,2.2505,2.4454,2.6632
2023-11-08,2.2479,2.4385,2.6464
2023-11-09,2.2406,2.4474,2.6494
2023-11-10,2.2306,2.4365,2.6444
2023-11-13,2.2059,2.4237,2.6454
2023-11-14,2.1713,2.4263,2.6573
2023-11-15,2.1613,2.4063,2.6633
2023-11-16,2.1415,2.3938,2.6558
2023-11-17,2.1221,2.3852,2.6524
2023-11-20,2.1477,2.403,2.6584
2023-11-21,2.2024,2.4331,2.6684
2023-11-22,2.3112,2.4559,2.6823
2023-11-23,2.3264,2.4861,2.7023
2023-11-24,2.3317,2.4911,2.7053
2023-11-27,2.3889,2.5037,2.7108
2023-11-28,2.3564,2.4817,2.6898
2023-11-29,2.3566,2.4842,2.6826
2023-11-30,2.3367,2.4721,2.668
2023-12-01,2.3439,2.4725,2.6625
2023-12-04,2.3769,2.4947,2.6725
2023-12-05,2.3817,2.4924,2.665
2023-12-06,2.3971,2.5102,2.6725
2023-12-07,2.3816,2.4773,2.664
2023-12-08,2.3791,2.4724,2.6636
2023-12-11,2.3816,2.4649,2.644
2023-12-12,2.3826,2.4622,2.6375
2023-12-13,2.3526,2.4279,2.6226
2023-12-14,2.3351,2.4188,2.6376
2023-12-15,2.3076,2.3915,2.6227
2023-12-18,2.2951,2.3901,2.6126
2023-12-19,2.3001,2.4148,2.6191
2023-12-20,2.3051,2.4142,2.6222
2023-12-21,2.2801,2.3948,2.5901
2023-12-22,2.2526,2.3726,2.5877
2023-12-25,2.2246,2.335,2.5678
2023-12-26,2.2046,2.2945,2.5804
2023-12-27,2.1546,2.2597,2.5577
2023-12-28,2.1196,2.2876,2.5694
2023-12-29,2.0796,2.2894,2.5553
2024-01-02,2.1166,2.342,2.5601
2024-01-03,2.1416,2.3381,2.5531
2024-01-04,2.1541,2.3269,2.5368
2024-01-05,2.1091,2.2931,2.5175
2024-01-08,2.1191,2.3083,2.5136
2024-01-09,2.0991,2.2909,2.4862
2024-01-10,2.1091,2.2973,2.4982
2024-01-11,2.0941,2.2942,2.4992
2024-01-12,2.0941,2.2941,2.5172
2024-01-15,2.0991,2.3008,2.5212
2024-01-16,2.1091,2.315,2.5252
2024-01-17,2.1041,2.3055,2.5077
2024-01-18,2.0991,2.3072,2.5092
2024-01-19,2.0841,2.2901,2.5027
2024-01-22,2.0813,2.2813,2.4922
2024-01-23,2.0841,2.2975,2.5042
2024-01-24,2.0691,2.2675,2.5042
2024-01-25,2.0342,2.2358,2.4984
2024-01-26,2.0229,2.2391,2.4994
2024-01-29,1.9401,2.2158,2.494
2024-01-30,1.8751,2.1721,2.4557
2024-01-31,1.8802,2.193,2.433
2024-02-01,1.8802,2.2107,2.4354
2024-02-02,1.8903,2.1886,2.4244
2024-02-05,1.8829,2.1887,2.4002
2024-02-06,1.9269,2.2405,2.4525
2024-02-07,1.9287,2.1864,2.4153
2024-02-08,1.9265,2.1891,2.4379
2024-02-19,1.9157,2.1909,2.4344
2024-02-20,1.8649,2.1634,2.4134
2024-02-21,1.8149,2.1634,2.4119
2024-02-22,1.7731,2.1284,2.4033
2024-02-23,1.7699,2.1234,2.4009
2024-02-26,1.767,2.1134,2.3789
2024-02-27,1.7739,2.1334,2.3809
2024-02-28,1.7863,2.1103,2.3376
2024-02-29,1.7871,2.1005,2.3375
2024-03-01,1.7833,2.1405,2.3675
2024-03-04,1.7612,2.123,2.3475
2024-03-05,1.7732,2.1108,2.3169
2024-03-06,1.7574,2.0708,2.265
2024-03-07,1.7578,2.0857,2.2776
2024-03-08,1.7525,2.0906,2.2825
2024-03-11,1.7575,2.111,2.305
2024-03-12,1.7975,2.1517,2.3476
2024-03-13,1.8175,2.1548,2.3326
2024-03-14,1.8475,2.1528,2.3425
2024-03-15,1.8325,2.1276,2.32
2024-03-18,1.7825,2.0812,2.2926
2024-03-19,1.7725,2.0742,2.2801
2024-03-20,1.7725,2.0828,2.2951
2024-03-21,1.7625,2.063,2.2851
2024-03-22,1.7625,2.0695,2.3051
2024-03-25,1.7875,2.0793,2.3151
2024-03-26,1.79,2.08,2.3175
2024-03-27,1.7525,2.0545,2.2876
2024-03-28,1.7525,2.0549,2.3026
2024-03-29,1.7225,2.0315,2.2901
2024-04-01,1.7425,2.0643,2.3082
2024-04-02,1.7275,2.0553,2.2927
2024-04-03,1.7225,2.0428,2.2837
2024-04-08,1.7025,2.02,2.2822
2024-04-09,1.6925,2.0183,2.2802
2024-04-10,1.7033,2.0187,2.2972
2024-04-11,1.7033,2.0164,2.2928
2024-04-12,1.6958,1.9925,2.2837
2024-04-15,1.7033,2.0135,2.2798
2024-04-16,1.7233,2.0212,2.2723
2024-04-17,1.7133,2.0161,2.2608
2024-04-18,1.6983,1.9935,2.2537
2024-04-19,1.6933,1.9931,2.254
2024-04-22,1.6833,1.9774,2.2435
2024-04-23,1.6633,1.9457,2.226
2024-04-24,1.6696,1.9853,2.2727
2024-04-25,1.6046,1.9443,2.2612
2024-04-26,1.6646,1.9981,2.3084
2024-04-29,1.7831,2.0647,2.353
2024-04-30,1.6928,1.9836,2.3028
2024-05-06,1.7022,1.9819,2.3081
2024-05-07,1.7028,1.96,2.2896
2024-05-08,1.7071,1.9797,2.2955
2024-05-09,1.7205,2.0084,2.3186
2024-05-10,1.7044,1.993,2.3122
2024-05-13,1.6417,1.9517,2.29
2024-05-14,1.6132,1.9482,2.2938
2024-05-15,1.6134,1.9446,2.302
2024-05-16,1.628,1.9696,2.3147
2024-05-17,1.6073,1.9206,2.3077
2024-05-20,1.6136,1.9315,2.3105
2024-05-21,1.6129,1.952,2.3141
2024-05-22,1.6052,1.9372,2.3123
2024-05-23,1.6085,1.9327,2.3063
2024-05-24,1.6375,1.943,2.3134
2024-05-27,1.6612,1.954,2.3084
2024-05-28,1.6552,1.9391,2.2994
2024-05-29,1.6567,1.9295,2.2776
2024-05-30,1.6531,1.9275,2.2826
2024-05-31,1.6444,1.936,2.2926
2024-06-03,1.6457,1.9324,2.2853
2024-06-04,1.6461,1.9197,2.2854
2024-06-05,1.6319,1.8969,2.2808
2024-06-06,1.6105,1.8922,2.2828
2024-06-07,1.604,1.8932,2.2833
2024-06-11,1.599,1.8923,2.2791
2024-06-12,1.599,1.8976,2.276
2024-06-13,1.597,1.9024,2.2678
2024-06-14,1.594,1.8953,2.2558
2024-06-17,1.604,1.9109,2.2609
2024-06-18,1.604,1.9039,2.2537
2024-06-19,1.599,1.8776,2.2429
2024-06-20,1.599,1.8823,2.2445
2024-06-21,1.5915,1.8969,2.2571
2024-06-24,1.5915,1.8805,2.2451
2024-06-25,1.5615,1.856,2.235
2024-06-26,1.544,1.8397,2.2225
2024-06-27,1.549,1.8088,2.2081
2024-06-28,1.539,1.796,2.2058
2024-07-01,1.5565,1.8257,2.2486
2024-07-02,1.5365,1.7936,2.2369
2024-07-03,1.524,1.7838,2.2426
2024-07-04,1.529,1.8035,2.2502
2024-07-05,1.529,1.8255,2.2754
2024-07-08,1.579,1.8654,2.2904
2024-07-09,1.554,1.8401,2.2698
2024-07-10,1.5515,1.8406,2.2707
2024-07-11,1.539,1.8272,2.2648
2024-07-12,1.539,1.8237,2.2604
2024-07-15,1.5365,1.8169,2.2541
2024-07-16,1.529,1.817,2.2613
2024-07-17,1.524,1.817,2.2598
2024-07-18,1.5315,1.8188,2.2673
2024-07-19,1.5265,1.8004,2.2614
2024-07-22,1.488,1.7674,2.2461
2024-07-23,1.4705,1.7432,2.2322
2024-07-24,1.4655,1.7401,2.2381
2024-07-25,1.465,1.7431,2.2168
2024-07-26,1.4769,1.7468,2.1944
2024-07-29,1.45,1.7393,2.1574
2024-07-30,1.43,1.7222,2.148
2024-07-31,1.4201,1.7062,2.1494
2024-08-01,1.4101,1.6827,2.1297
2024-08-02,1.3901,1.6741,2.1277
2024-08-05,1.3902,1.674,2.1376
2024-08-06,1.4103,1.6813,2.1491
2024-08-07,1.4065,1.6734,2.1414
2024-08-08,1.4268,1.7024,2.181
2024-08-09,1.4562,1.7215,2.1986
2024-08-12,1.5283,1.8032,2.2508
2024-08-13,1.5008,1.7687,2.2255
2024-08-14,1.5059,1.761,2.1966
2024-08-15,1.5211,1.776,2.205
2024-08-16,1.5341,1.781,2.1978
2024-08-19,1.5406,1.7711,2.1816
2024-08-20,1.5535,1.7765,2.171
2024-08-21,1.5443,1.7668,2.167
2024-08-22,1.5211,1.732,2.1582
2024-08-23,1.4973,1.6924,2.1547
2024-08-26,1.5042,1.6836,2.1628
2024-08-27,1.5073,1.6942,2.1903
2024-08-28,1.4963,1.695,2.1673
2024-08-29,1.4912,1.6772,2.1703
2024-08-30,1.49,1.6679,2.1704
2024-09-02,1.465,1.6157,2.1457
2024-09-03,1.43,1.5705,2.1432
2024-09-04,1.455,1.5651,2.1336
2024-09-05,1.4475,1.55,2.1338
2024-09-06,1.4352,1.5508,2.1388
2024-09-09,1.4152,1.5368,2.1267
2024-09-10,1.3552,1.4866,2.1143
2024-09-11,1.3285,1.4608,2.1044
2024-09-12,1.326,1.4603,2.0998
2024-09-13,1.326,1.463,2.0724
2024-09-18,1.366,1.4705,2.0403
2024-09-19,1.391,1.5003,2.045
2024-09-20,1.391,1.4963,2.0431
2024-09-23,1.3879,1.4993,2.0381
2024-09-24,1.4179,1.5158,2.0728
2024-09-25,1.3879,1.5048,2.0437
2024-09-26,1.4029,1.5142,2.0787
2024-09-27,1.4379,1.5649,2.1714
2024-09-30,1.3679,1.5636,2.1518
2024-10-08,1.3729,1.6379,2.1928
2024-10-09,1.4279,1.6935,2.176
2024-10-10,1.4379,1.6459,2.1441
2024-10-11,1.4429,1.6432,2.1392
2024-10-14,1.4479,1.6619,2.1368
2024-10-15,1.4504,1.6535,2.1254
2024-10-16,1.4504,1.6469,2.1331
2024-10-17,1.4279,1.5989,2.1084
2024-10-18,1.4329,1.6133,2.1209
2024-10-21,1.4354,1.6397,2.1211
2024-10-22,1.4349,1.671,2.1458
2024-10-23,1.4254,1.6862,2.1559
2024-10-24,1.4302,1.6854,2.1661
2024-10-25,1.4169,1.647,2.1539
2024-10-28,1.407,1.6353,2.1617
2024-10-29,1.4367,1.6198,2.1598
2024-10-30,1.4461,1.6082,2.1597
2024-10-31,1.426,1.5835,2.1476
2024-11-01,1.4065,1.5597,2.1406
2024-11-04,1.4044,1.5589,2.1275
2024-11-05,1.4077,1.5334,2.1106
2024-11-06,1.4103,1.5248,2.1234
2024-11-07,1.4022,1.4981,2.1115
2024-11-08,1.4062,1.4992,2.1067
2024-11-11,1.4032,1.5069,2.092
2024-11-12,1.4008,1.5016,2.0729
2024-11-13,1.4028,1.4963,2.0876
2024-11-14,1.391,1.4799,2.0808
2024-11-15,1.3875,1.4774,2.0948
2024-11-18,1.3703,1.4774,2.1117
2024-11-19,1.3579,1.4556,2.0947
2024-11-20,1.348,1.4533,2.1025
2024-11-21,1.3479,1.4435,2.0843
2024-11-22,1.3504,1.4472,2.0832
2024-11-25,1.3603,1.4451,2.0682
2024-11-26,1.3856,1.4551,2.0657
2024-11-27,1.3845,1.4467,2.0553
2024-11-28,1.3777,1.4418,2.0304
2024-11-29,1.3698,1.4142,2.0206
2024-12-02,1.35,1.3826,1.981
2024-12-03,1.3491,1.3901,1.9886
2024-12-04,1.3432,1.3826,1.9612
2024-12-05,1.3479,1.3735,1.9462
2024-12-06,1.3485,1.3835,1.9539
2024-12-09,1.3482,1.3841,1.9168
2024-12-10,1.3087,1.3397,1.8468
2024-12-11,1.2782,1.3346,1.8218
2024-12-12,1.2142,1.3053,1.8172
2024-12-13,1.1582,1.2502,1.7771
2024-12-16,1.1182,1.2095,1.7215
2024-12-17,1.1081,1.2144,1.7237
2024-12-18,1.0782,1.2009,1.7564
2024-12-19,1.0432,1.1747,1.7417
2024-12-20,0.9807,1.1149,1.7018
2024-12-23,0.9307,1.0949,1.7019
2024-12-24,0.9307,1.085,1.7166
2024-12-25,0.9907,1.1042,1.7365
2024-12-26,1.0157,1.1409,1.7122
2024-12-27,1.0393,1.1531,1.6929
2024-12-30,1.1093,1.1965,1.7128
2024-12-31,1.0843,1.1872,1.6752
2025-01-02,1.0693,1.1694,1.6077
2025-01-03,1.0177,1.1122,1.6041
2025-01-06,1.0391,1.1196,1.5966
2025-01-07,1.08,1.1558,1.6093
2025-01-08,1.12,1.1833,1.6069
2025-01-09,1.17,1.2412,1.6368
2025-01-10,1.1961,1.2577,1.6338
2025-01-13,1.2361,1.3039,1.6592
2025-01-14,1.2161,1.2907,1.6446
2025-01-15,1.2061,1.2578,1.633
2025-01-16,1.2217,1.2803,1.6394
2025-01-17,1.2617,1.2806,1.6593
2025-01-20,1.3,1.3059,1.6747
2025-01-21,1.285,1.281,1.6496
2025-01-22,1.285,1.281,1.6602
2025-01-23,1.3099,1.3028,1.6645
2025-01-24,1.3399,1.3437,1.6565
2025-01-27,1.3036,1.3108,1.6299
2025-02-05,1.2599,1.309,1.6207
2025-02-06,1.21,1.2871,1.5958
2025-02-07,1.2229,1.2796,1.6032
2025-02-10,1.2582,1.3092,1.6342
2025-02-11,1.2667,1.2967,1.6274
2025-02-12,1.2671,1.3086,1.6336
2025-02-13,1.2846,1.3272,1.6346
2025-02-14,1.3795,1.3747,1.6546
2025-02-17,1.419,1.3939,1.6934
2025-02-18,1.458,1.4289,1.7006
2025-02-19,1.4619,1.4239,1.6626
2025-02-20,1.4758,1.4639,1.685
2025-02-21,1.4797,1.4839,1.72
2025-02-24,1.4802,1.5239,1.7625
2025-02-25,1.4671,1.5175,1.7275
2025-02-26,1.4537,1.4975,1.7251
2025-02-27,1.4974,1.5354,1.7576
2025-02-28,1.4597,1.5182,1.7152
2025-03-03,1.4322,1.4814,1.6955
2025-03-04,1.4397,1.4965,1.7079
2025-03-05,1.4447,1.5016,1.7083
2025-03-06,1.4697,1.5468,1.7455
2025-03-07,1.5547,1.5923,1.8002
2025-03-10,1.5497,1.6123,1.8128
2025-03-11,1.5823,1.6777,1.8853
2025-03-12,1.5779,1.6415,1.8334
2025-03-13,1.5779,1.6222,1.8565
2025-03-14,1.5629,1.6214,1.8317
2025-03-17,1.5879,1.6871,1.8957
2025-03-18,1.5879,1.6676,1.8885
2025-03-19,1.5879,1.6607,1.8708
2025-03-20,1.5629,1.6188,1.8309
2025-03-21,1.5579,1.636,1.8458
2025-03-24,1.5354,1.6387,1.8413
2025-03-25,1.5404,1.6339,1.8183
2025-03-26,1.5279,1.614,1.7943
2025-03-27,1.5279,1.5988,1.8062
2025-03-28,1.5279,1.5876,1.8126
2025-03-31,1.5379,1.606,1.8129
2025-04-01,1.5454,1.6268,1.8104
2025-04-02,1.5404,1.5985,1.7887
2025-04-03,1.4829,1.5263,1.718
2025-04-07,1.4429,1.4664,1.6318
2025-04-08,1.4779,1.5062,1.6633
2025-04-09,1.4328,1.4689,1.6508
2025-04-10,1.4128,1.4387,1.6444
2025-04-11,1.3978,1.4315,1.6568
2025-04-14,1.4153,1.4605,1.6584
2025-04-15,1.4228,1.4621,1.6583
2025-04-16,1.4178,1.4618,1.643
2025-04-17,1.4301,1.4741,1.6522
2025-04-18,1.43,1.4822,1.6493
2025-04-21,1.448,1.4945,1.6664
2025-04-22,1.4432,1.4866,1.6509
2025-04-23,1.4513,1.5018,1.6611
2025-04-24,1.4532,1.5208,1.664
2025-04-25,1.4501,1.5192,1.6606
2025-04-28,1.4601,1.5177,1.6483
2025-04-29,1.455,1.5009,1.6241
2025-04-30,1.4599,1.4766,1.6243
2025-05-06,1.4624,1.4939,1.6298
2025-05-07,1.4474,1.4815,1.6418
2025-05-08,1.4149,1.4504,1.6331
2025-05-09,1.4194,1.4633,1.6351
2025-05-12,1.4232,1.4661,1.688
2025-05-13,1.4131,1.4533,1.6704
2025-05-14,1.4228,1.4727,1.6736
2025-05-15,1.4385,1.5048,1.6798
2025-05-16,1.4508,1.507,1.6793
2025-05-19,1.4429,1.4973,1.6893
2025-05-20,1.4483,1.5041,1.7004
2025-05-21,1.4496,1.4997,1.71
2025-05-22,1.4495,1.4958,1.7186
2025-05-23,1.4481,1.4956,1.7208
2025-05-26,1.4581,1.4944,1.7201
2025-05-27,1.4649,1.499,1.7261
2025-05-28,1.4628,1.5002,1.6832
2025-05-29,1.4783,1.5153,1.6877
2025-05-30,1.4552,1.4777,1.6712
2025-06-03,1.4627,1.4877,1.6764
2025-06-04,1.4527,1.4703,1.6704
2025-06-05,1.4352,1.4555,1.6741
2025-06-06,1.4102,1.4354,1.6547
2025-06-09,1.4102,1.4354,1.6559
2025-06-10,1.4077,1.4509,1.6569
2025-06-11,1.4052,1.4385,1.642
2025-06-12,1.4052,1.4408,1.6475
2025-06-13,1.4002,1.4258,1.644
2025-06-16,1.3987,1.4054,1.6432
2025-06-17,1.3702,1.3808,1.6364
2025-06-18,1.3602,1.3889,1.6384
2025-06-19,1.3642,1.397,1.6425
2025-06-20,1.3552,1.4,1.6396
2025-06-23,1.3552,1.4028,1.6418
2025-06-24,1.3627,1.4133,1.648
2025-06-25,1.3652,1.4108,1.6544
2025-06-26,1.3627,1.4057,1.6462
2025-06-27,1.3452,1.3931,1.6462
2025-06-30,1.3402,1.3959,1.6469
2025-07-01,1.3377,1.3985,1.6433
2025-07-02,1.3352,1.391,1.6396
2025-07-03,1.3372,1.3772,1.6407
2025-07-04,1.3362,1.3791,1.6433
2025-07-07,1.3402,1.3813,1.6406
2025-07-08,1.3552,1.3884,1.6444
2025-07-09,1.3602,1.3942,1.6446
2025-07-10,1.3727,1.4098,1.6616
2025-07-11,1.3702,1.4158,1.6653
2025-07-14,1.3752,1.4267,1.6726
2025-07-15,1.3652,1.4108,1.6557
2025-07-16,1.3573,1.4116,1.6617
2025-07-17,1.3548,1.4114,1.663
2025-07-18,1.349,1.4043,1.6652
2025-07-21,1.3565,1.4202,1.6774
2025-07-22,1.359,1.4229,1.6907
2025-07-23,1.3741,1.4467,1.7041
2025-07-24,1.3941,1.4744,1.7376
2025-07-25,1.3835,1.4777,1.7324
2025-07-28,1.3634,1.455,1.7146
2025-07-29,1.4111,1.4793,1.7466
2025-07-30,1.3957,1.4558,1.718
2025-07-31,1.3807,1.443,1.7044
2025-08-01,1.3734,1.4451,1.7059
2025-08-04,1.3697,1.4392,1.7083
2025-08-05,1.3692,1.4392,1.7061
2025-08-06,1.3654,1.4295,1.6999
2025-08-07,1.3608,1.4227,1.6894
2025-08-08,1.3506,1.4159,1.6891
2025-08-11,1.3617,1.4321,1.7203
2025-08-12,1.3664,1.4257,1.7271
2025-08-13,1.3615,1.4092,1.7262
2025-08-14,1.3665,1.4154,1.7341
2025-08-15,1.3665,1.4091,1.7465
2025-08-18,1.3865,1.4466,1.7872
2025-08-19,1.3925,1.4907,1.7725
2025-08-20,1.3866,1.5059,1.782
2025-08-21,1.3848,1.5112,1.7667
2025-08-22,1.3707,1.5064,1.7818
2025-08-25,1.3608,1.5022,1.7643
2025-08-26,1.3597,1.4973,1.7598
2025-08-27,1.3632,1.4925,1.7988
2025-08-28,1.3692,1.4977,1.8478
2025-08-29,1.3698,1.4776,1.8379
2025-09-01,1.3646,1.4776,1.8257
2025-09-02,1.3654,1.4751,1.8167
2025-09-03,1.368,1.4701,1.7984
2025-09-04,1.3777,1.4751,1.806
2025-09-05,1.3959,1.4876,1.826
2025-09-08,1.4,1.495,1.8514
2025-09-09,1.4,1.495,1.8641
2025-09-10,1.415,1.5048,1.8992
2025-09-11,1.4,1.4923,1.8743
2025-09-12,1.4,1.4973,1.867
2025-09-15,1.3975,1.4973,1.8724
2025-09-16,1.3975,1.5083,1.8527
2025-09-17,1.395,1.4953,1.8349
2025-09-18,1.3875,1.5053,1.8546
2025-09-19,1.39,1.5124,1.8789
2025-09-22,1.3825,1.5049,1.8647
2025-09-23,1.385,1.5245,1.877
2025-09-24,1.39,1.5335,1.9022
2025-09-25,1.3925,1.5336,1.884
2025-09-26,1.3825,1.5401,1.8768
2025-09-29,1.3825,1.5349,1.887
2025-09-30,1.3653,1.5204,1.8605
2025-10-09,1.3741,1.5144,1.8466
2025-10-10,1.3741,1.5198,1.846
2025-10-13,1.3841,1.5114,1.8383
2025-10-14,1.4091,1.5102,1.8368
2025-10-15,1.4166,1.5183,1.8449
2025-10-16,1.4166,1.5203,1.8407
2025-10-17,1.4434,1.514,1.8246
2025-10-20,1.4713,1.536,1.8498
2025-10-21,1.4737,1.5311,1.8357
2025-10-22,1.4789,1.5332,1.8293
2025-10-23,1.4764,1.5325,1.8391
2025-10-24,1.4716,1.5294,1.8486
2025-10-27,1.4621,1.5169,1.8423
2025-10-28,1.4311,1.4655,1.8179
2025-10-29,1.3918,1.4254,1.8208
2025-10-30,1.3831,1.4132,1.8098
2025-10-31,1.3826,1.4146,1.7954
2025-11-03,1.3892,1.4211,1.7944
2025-11-04,1.3926,1.4311,1.7984
2025-11-05,1.404,1.4452,1.7964
2025-11-06,1.4011,1.4479,1.81
2025-11-07,1.4045,1.4449,1.8142
2025-11-10,1.3994,1.4449,1.8139
2025-11-11,1.4048,1.4384,1.8119
2025-11-12,1.409,1.438,1.8071
2025-11-13,1.409,1.4405,1.8126
2025-11-14,1.4104,1.4397,1.814
2025-11-17,1.4064,1.4381,1.8109
2025-11-18,1.4056,1.4381,1.8121
2025-11-19,1.4027,1.4386,1.8179
2025-11-20,1.404,1.4356,1.8135
2025-11-21,1.4008,1.4348,1.8166
2025-11-24,1.4034,1.4348,1.821
2025-11-25,1.4052,1.4338,1.8301
2025-11-26,1.4067,1.4368,1.8462
2025-11-27,1.4093,1.4501,1.8537
2025-11-28,1.4017,1.4351,1.8412
2025-12-01,1.4116,1.4353,1.8366
2025-12-02,1.4081,1.4369,1.8442
2025-12-03,1.4116,1.4329,1.8519
2025-12-04,1.4034,1.4357,1.8718
2025-12-05,1.4016,1.4205,1.848
2025-12-08,1.4014,1.4155,1.8499
2025-12-09,1.3969,1.4131,1.8425
2025-12-10,1.3951,1.4109,1.8447
2025-12-11,1.3879,1.4109,1.8404
2025-12-12,1.3879,1.4161,1.8396
2025-12-15,1.3872,1.4214,1.8488
2025-12-16,1.3822,1.4213,1.8458
2025-12-17,1.3797,1.4136,1.834
2025-12-18,1.3747,1.3986,1.8356
2025-12-19,1.3547,1.3941,1.8308
2025-12-22,1.3547,1.3951,1.8415
2025-12-23,1.3422,1.3856,1.8352
2025-12-24,1.3372,1.3784,1.8356
2025-12-25,1.3072,1.3682,1.8386
2025-12-26,1.2872,1.3627,1.8376
2025-12-29,1.3322,1.3762,1.8584
2025-12-30,1.3372,1.378,1.8582
2025-12-31,1.3372,1.383,1.8473
2026-01-05,1.3562,1.4063,1.8584
2026-01-06,1.3562,1.4406,1.8829
2026-01-07,1.3562,1.475,1.9019
2026-01-08,1.3237,1.4576,1.8905
2026-01-09,1.2887,1.4606,1.8782
2026-01-12,1.2537,1.4601,1.8585
2026-01-13,1.2562,1.4603,1.8519
2026-01-14,1.2712,1.4611,1.8494
2026-01-15,1.2611,1.4485,1.8544
2026-01-16,1.2424,1.4286,1.8424
2026-01-19,1.2884,1.432,1.8393
2026-01-20,1.2738,1.4196,1.8326
2026-01-21,1.2854,1.4218,1.8312
2026-01-22,1.2863,1.4304,1.8425
2026-01-23,1.2819,1.4223,1.8298
2026-01-26,1.2948,1.42,1.8242
2026-01-27,1.3029,1.4231,1.8311
2026-01-28,1.3053,1.416,1.8164
2026-01-29,1.3008,1.4063,1.8174
2026-01-30,1.2999,1.4014,1.8112
2026-02-02,1.3076,1.3996,1.82
2026-02-03,1.3073,1.3893,1.8172
2026-02-04,1.3078,1.3896,1.8193
2026-02-05,1.3104,1.3806,1.8169
2026-02-06,1.3207,1.3809,1.8102
2026-02-09,1.3153,1.3788,1.8114
2026-02-10,1.3151,1.3788,1.8094
2026-02-11,1.3141,1.3788,1.7994
2026-02-12,1.3164,1.3759,1.7893
2026-02-13,1.3168,1.3761,1.7928
2026-02-24,1.315,1.3744,1.8023
2026-02-25,1.3218,1.3806,1.8158
2026-02-26,1.3272,1.3856,1.8288
2026-02-27,1.3216,1.3826,1.7877
2026-03-02,1.3093,1.3727,1.7761
2026-03-03,1.3018,1.3628,1.7807
2026-03-04,1.2918,1.358,1.7768
2026-03-05,1.2918,1.3629,1.7779
2026-03-06,1.2858,1.3629,1.781
2026-03-09,1.2868,1.3742,1.8054
2026-03-10,1.2818,1.3782,1.8055
2026-03-11,1.2768,1.3781,1.8075
2026-03-12,1.2643,1.3754,1.8052
2026-03-13,1.2768,1.3704,1.8143
2026-03-16,1.2768,1.3771,1.8312
2026-03-17,1.2693,1.3641,1.8314
2026-03-18,1.2618,1.3521,1.8175
2026-03-19,1.2568,1.3471,1.8252
2026-03-20,1.2568,1.3451,1.8299
2026-03-23,1.2568,1.3563,1.8316
2026-03-24,1.2618,1.3481,1.8272
2026-03-25,1.2668,1.3428,1.8233
2026-03-26,1.2568,1.3356,1.8194
2026-03-27,1.2518,1.3228,1.8172
2026-03-30,1.2112,1.2931,1.8063
2026-03-31,1.2212,1.3088,1.8171
2026-04-01,1.2312,1.3326,1.8244
2026-04-02,1.2412,1.3296,1.8209
2026-04-03,1.2362,1.3339,1.8199
2026-04-07,1.2213,1.343,1.8171
2026-04-08,1.2138,1.3605,1.8136
2026-04-09,1.2063,1.3597,1.8192
2026-04-10,1.2113,1.3594,1.8128
2026-04-13,1.1938,1.3569,1.7933
2026-04-14,1.1888,1.3525,1.7829
2026-04-15,1.1613,1.3427,1.7809
2026-04-16,1.1613,1.3397,1.7812
2026-04-17,1.1613,1.325,1.7623
2026-04-20,1.1613,1.3259,1.7627
2026-04-21,1.1538,1.3199,1.751
2026-04-22,1.1513,1.3031,1.7389
2026-04-23,1.1488,1.2926,1.7548
2026-04-24,1.1438,1.2779,1.7601
2026-04-27,1.1463,1.2959,1.7697
2026-04-28,1.1513,1.296,1.7654
2026-04-29,1.1667,1.2745,1.7444
2026-04-30,1.162,1.2802,1.7473
2026-05-06,1.1782,1.2882,1.7654
2026-05-07,1.1814,1.289,1.7631
2026-05-08,1.1871,1.2942,1.7648
2026-05-11,1.1897,1.2922,1.7622
2026-05-12,1.1945,1.289,1.7592
2026-05-13,1.2057,1.2897,1.7514
2026-05-14,1.2106,1.2952,1.7588
2026-05-15,1.2066,1.2917,1.7658
2026-05-18,1.2032,1.2932,1.7585
2026-05-19,1.1924,1.2889,1.7345
2026-05-20,1.1785,1.2882,1.7382
2026-05-21,1.1768,1.2874,1.7448
2026-05-22,1.175,1.302,1.7519
2026-05-25,1.1797,1.2976,1.7484
2026-05-26,1.1747,1.2976,1.7405
2026-05-27,1.1672,1.2803,1.7216
2026-05-28,1.1563,1.2628,1.7193
2026-05-29,1.1578,1.2705,1.709
2026-06-01,1.1588,1.2709,1.7009
2026-06-02,1.1588,1.2709,1.7009
2026-06-03,1.1588,1.2709,1.7009
2026-06-04,1.1588,1.2709,1.7009
2026-06-05,1.1588,1.2709,1.7009
2026-06-08,1.1588,1.2709,1.7009
2026-06-09,1.1588,1.2709,1.7009
2026-06-10,1.1588,1.2709,1.7009
2026-06-11,1.1588,1.2709,1.7009
2026-06-12,1.1588,1.2709,1.7009
2026-06-15,1.1588,1.2709,1.7009
2026-06-16,1.1588,1.2709,1.7009
2026-06-17,1.1588,1.2709,1.7009
2026-06-18,1.1588,1.2709,1.7009
2026-06-22,1.1588,1.2709,1.7009
2026-06-23,1.1588,1.2709,1.7009
2026-06-24,1.1588,1.2709,1.7009
2026-06-25,1.1588,1.2709,1.7009
2026-06-26,1.1588,1.2709,1.7009
2026-06-29,1.1588,1.2709,1.7009
2026-06-30,1.1588,1.2709,1.7009
2026-07-01,1.1588,1.2709,1.7009
2026-07-02,1.1588,1.2709,1.7009
2026-07-03,1.1588,1.2709,1.7009
2026-07-06,1.1588,1.2709,1.7009
2026-07-07,1.1588,1.2709,1.7009
2026-07-08,1.1588,1.2709,1.7009
2026-07-09,1.1588,1.2709,1.7009
2026-07-10,1.1588,1.2709,1.7009
